# Exact rational prolate candidate: kind column row numerator denominator
# Q is 256 by 146; omitted entries are exactly zero. T records theta.
T 0 -1 3505226472611597 17592186044416
T 1 -1 5262221053441183 8796093022208
T 2 -1 8762982564124629 8796093022208
T 3 -1 6127431967220143 4398046511104
T 4 -1 3934457723972657 2199023255552
T 5 -1 600370273003437 274877906944
T 6 -1 5669220572325315 2199023255552
T 7 -1 6533223981595945 2199023255552
T 8 -1 3697481693105151 1099511627776
T 9 -1 2063607409891173 549755813888
T 10 -1 4555806735691959 1099511627776
T 11 -1 1245813185617555 274877906944
T 12 -1 2704774038546461 549755813888
T 13 -1 5834687910395633 1099511627776
T 14 -1 6258667345546471 1099511627776
T 15 -1 6681481416469501 1099511627776
T 16 -1 7103125086216705 1099511627776
T 17 -1 7523593245286315 1099511627776
T 18 -1 3971440354942669 549755813888
T 19 -1 2090245555033427 274877906944
T 20 -1 8777892438207759 1099511627776
T 21 -1 2298401486605031 274877906944
T 22 -1 4804058622616769 549755813888
T 23 -1 5010710375602639 549755813888
T 24 -1 5216755397429749 549755813888
T 25 -1 1355547702310469 137438953472
T 26 -1 2813506843461685 274877906944
T 27 -1 1457805264979135 137438953472
T 28 -1 1508702477498965 137438953472
T 29 -1 389861073124799 34359738368
T 30 -1 6440119722497103 549755813888
T 31 -1 6641834398448479 549755813888
T 32 -1 3421458987877915 274877906944
T 33 -1 7043367177801867 549755813888
T 34 -1 7243178671914187 549755813888
T 35 -1 7442349067771907 549755813888
T 36 -1 3820437457874445 274877906944
T 37 -1 3919376352595085 274877906944
T 38 -1 4017989431309107 274877906944
T 39 -1 8232549749865253 549755813888
T 40 -1 8428461662127791 549755813888
T 41 -1 8623710825939101 549755813888
T 42 -1 8818293397055185 549755813888
T 43 -1 563262841140595 34359738368
T 44 -1 2301360754252859 137438953472
T 45 -1 4699001001571341 274877906944
T 46 -1 2397469566561605 137438953472
T 47 -1 4890533786551177 274877906944
T 48 -1 2492891401230337 137438953472
T 49 -1 635085497154525 34359738368
T 50 -1 1293808765384283 68719476736
T 51 -1 5269433758721739 274877906944
T 52 -1 5363277723194989 274877906944
T 53 -1 5456764558675329 274877906944
T 54 -1 5549891816375371 274877906944
T 55 -1 5642656993090881 274877906944
T 56 -1 2867528764596067 137438953472
T 57 -1 728386350813893 34359738368
T 58 -1 5918754146117827 274877906944
T 59 -1 6010044805977467 274877906944
T 60 -1 6100959978481365 274877906944
T 61 -1 3095748393920849 137438953472
T 62 -1 6281652287340955 274877906944
T 63 -1 796427932053179 34359738368
T 64 -1 6460807197631299 274877906944
T 65 -1 6549800333330755 274877906944
T 66 -1 6638399602284631 274877906944
T 67 -1 6726601655986445 274877906944
T 68 -1 3407201527390807 137438953472
T 69 -1 6901800263743827 274877906944
T 70 -1 6988789648288883 274877906944
T 71 -1 3537683734752123 137438953472
T 72 -1 7161529879170449 274877906944
T 73 -1 3623636457223929 137438953472
T 74 -1 7332592492199623 274877906944
T 75 -1 3708742201459185 137438953472
T 76 -1 7501944304220717 274877906944
T 77 -1 3792983856934771 137438953472
T 78 -1 1917387500569857 68719476736
T 79 -1 484542899028463 17179869184
T 80 -1 7835371911309207 274877906944
T 81 -1 7917601460290297 274877906944
T 82 -1 3999684862630673 137438953472
T 83 -1 505041950346153 17179869184
T 84 -1 8161500194006313 274877906944
T 85 -1 4120925382103193 137438953472
T 86 -1 8321716756281945 274877906944
T 87 -1 8401091761647855 274877906944
T 88 -1 8479969106233595 274877906944
T 89 -1 8558341832125703 274877906944
T 90 -1 4318101338704667 137438953472
T 91 -1 8713544053977273 274877906944
T 92 -1 8790358023037493 274877906944
T 93 -1 8866636268005687 274877906944
T 94 -1 1117796258051975 34359738368
T 95 -1 4508775123208369 137438953472
T 96 -1 2273041792336271 68719476736
T 97 -1 4583105333883749 137438953472
T 98 -1 577479375516793 17179869184
T 99 -1 1164066729514325 34359738368
T 100 -1 2346197528684631 68719476736
T 101 -1 591026628548047 17179869184
T 102 -1 1190928505628323 34359738368
T 103 -1 4798890770776171 137438953472
T 104 -1 4833735491119153 137438953472
T 105 -1 4868239827010975 137438953472
T 106 -1 4902394775383797 137438953472
T 107 -1 4936190601429945 137438953472
T 108 -1 2484808368508683 68719476736
T 109 -1 1250665414613547 34359738368
T 110 -1 5035312737885057 137438953472
T 111 -1 1266889015132565 34359738368
T 112 -1 318711012309133 8589934592
T 113 -1 5130755914925745 137438953472
T 114 -1 5161675808582385 137438953472
T 115 -1 2596056905369643 68719476736
T 116 -1 5222044535411099 137438953472
T 117 -1 5251438362402861 137438953472
T 118 -1 5280260109165743 137438953472
T 119 -1 5308466997754537 137438953472
T 120 -1 667000666626819 17179869184
T 121 -1 1340701178595747 34359738368
T 122 -1 5388767667799795 137438953472
T 123 -1 1353438170798003 34359738368
T 124 -1 5437558163839791 137438953472
T 125 -1 1364989842553169 34359738368
T 126 -1 1370231841125459 34359738368
T 127 -1 5501010587390855 137438953472
T 128 -1 172541211349313 4294967296
T 129 -1 5542820420792743 137438953472
T 130 -1 1391457659839269 34359738368
T 131 -1 5590215569751361 137438953472
T 132 -1 350984396691341 8589934592
T 133 -1 5642258336919597 137438953472
T 134 -1 5669618625778597 137438953472
T 135 -1 1424436839545987 34359738368
T 136 -1 178955725469841 4294967296
T 137 -1 5756078999343587 137438953472
T 138 -1 2893098465516875 68719476736
T 139 -1 2908452946384657 68719476736
T 140 -1 5848179706402893 137438953472
T 141 -1 1469998996460235 34359738368
T 142 -1 1478083833788357 34359738368
T 143 -1 185786898952419 4294967296
T 144 -1 2989258632425015 68719476736
T 145 -1 375770715943031 8589934592
Q 0 0 398405457689729 1125899906842624
Q 0 2 -3510195738859659 9007199254740992
Q 0 4 6820276331535457 18014398509481984
Q 0 6 -6463948456383155 18014398509481984
Q 0 8 5998898447278389 18014398509481984
Q 0 10 -1363770745472315 4503599627370496
Q 0 12 2430742094985617 9007199254740992
Q 0 14 -8492538861395569 36028797018963968
Q 0 16 7270524300487931 36028797018963968
Q 0 18 -3050467303556215 18014398509481984
Q 0 20 5018112955725037 36028797018963968
Q 0 22 -4045836681092177 36028797018963968
Q 0 24 6395001338486005 72057594037927936
Q 0 26 -4954368015872909 72057594037927936
Q 0 28 1881320293808189 36028797018963968
Q 0 30 -5602685402914259 144115188075855872
Q 0 32 1022331341117879 36028797018963968
Q 0 34 -5852381595162003 288230376151711744
Q 0 36 8211519156842897 576460752303423488
Q 0 38 -353011954697225 36028797018963968
Q 0 40 1904610307306659 288230376151711744
Q 0 42 -2518954197230505 576460752303423488
Q 0 44 3266698970694473 1152921504606846976
Q 0 46 -8308462444274615 4611686018427387904
Q 0 48 5180642424392665 4611686018427387904
Q 0 50 -3167942997608229 4611686018427387904
Q 0 52 7599445885370001 18446744073709551616
Q 0 54 -8939804934100797 36893488147419103232
Q 0 56 5157474068671769 36893488147419103232
Q 0 58 -2918508248419541 36893488147419103232
Q 0 60 3240053891633937 73786976294838206464
Q 0 62 -7057228037029579 295147905179352825856
Q 0 64 7539984121469285 590295810358705651712
Q 0 66 -3951712860969883 590295810358705651712
Q 0 68 4064094858968557 1180591620717411303424
Q 0 70 -8202215390464995 4722366482869645213696
Q 0 72 8121818278363145 9444732965739290427392
Q 0 74 -3945994722210917 9444732965739290427392
Q 0 76 7525887010994635 37778931862957161709568
Q 0 78 -1760897870001983 18889465931478580854784
Q 0 80 3235144119741097 75557863725914323419136
Q 0 82 -2917052603392359 151115727451828646838272
Q 0 84 5163861737958443 604462909807314587353088
Q 0 86 -4486974726651503 1208925819614629174706176
Q 0 88 7655448231661643 4835703278458516698824704
Q 0 90 -6412026202001853 9671406556917033397649408
Q 0 92 5273362436651677 19342813113834066795298816
Q 0 94 -8517417747878931 77371252455336267181195264
Q 0 96 6755024250735409 154742504910672534362390528
Q 0 98 -2630724908093319 154742504910672534362390528
Q 0 100 4025081735493887 618970019642690137449562112
Q 0 102 -6049175370165803 2475880078570760549798248448
Q 0 104 4465206522087137 4951760157141521099596496896
Q 0 106 -6475938897754575 19807040628566084398385987584
Q 0 108 1153431746538417 9903520314283042199192993792
Q 0 110 -6459238558651245 158456325028528675187087900672
Q 0 112 4442869856005009 316912650057057350374175801344
Q 0 114 -3003042766527893 633825300114114700748351602688
Q 0 116 3989687675674139 2535301200456458802993406410752
Q 0 118 -2604820868814277 5070602400912917605986812821504
Q 0 120 6687969087349863 40564819207303340847894502572032
Q 0 122 -2114829756693803 40564819207303340847894502572032
Q 0 124 5383796902663945 324518553658426726783156020576256
Q 0 126 -2086453749699139 324518553658426726783156020576256
Q 1 1 4408051811112923 72057594037927936
Q 1 3 -615574549401565 4503599627370496
Q 1 5 7375014675687689 36028797018963968
Q 1 7 -1176431161235599 4503599627370496
Q 1 9 2734911584129319 9007199254740992
Q 1 11 -5956422750903941 18014398509481984
Q 1 13 6165553069909139 18014398509481984
Q 1 15 -3059076183446033 9007199254740992
Q 1 17 2925799227765711 9007199254740992
Q 1 19 -5414014127362637 18014398509481984
Q 1 21 1214556359754225 4503599627370496
Q 1 23 -529523452691243 2251799813685248
Q 1 25 1797249167084377 9007199254740992
Q 1 27 -2971353875730895 18014398509481984
Q 1 29 2395031533617909 18014398509481984
Q 1 31 -7535001936505491 72057594037927936
Q 1 33 2893212257097949 36028797018963968
Q 1 35 -1085199132070323 18014398509481984
Q 1 37 3182332346652103 72057594037927936
Q 1 39 -4561709478071175 144115188075855872
Q 1 41 6394759570790169 288230376151711744
Q 1 43 -8769146618450315 576460752303423488
Q 1 45 2941545340356831 288230376151711744
Q 1 47 -7725496987421539 1152921504606846976
Q 1 49 2482667162726269 576460752303423488
Q 1 51 -1562257799775769 576460752303423488
Q 1 53 3850646718452201 2305843009213693952
Q 1 55 -2323864433415131 2305843009213693952
Q 1 57 2747507633094493 4611686018427387904
Q 1 59 -1591179334648971 4611686018427387904
Q 1 61 1805798612018395 9223372036854775808
Q 1 63 -8032941010699207 73786976294838206464
Q 1 65 8755232892798357 147573952589676412928
Q 1 67 -4676591499506917 147573952589676412928
Q 1 69 4897436156007671 295147905179352825856
Q 1 71 -5028092632401837 590295810358705651712
Q 1 73 632687335537593 147573952589676412928
Q 1 75 -4996219092915485 2361183241434822606848
Q 1 77 4836536405962103 4722366482869645213696
Q 1 79 -2295997481733837 4722366482869645213696
Q 1 81 8552929356899925 37778931862957161709568
Q 1 83 -1953425631366677 18889465931478580854784
Q 1 85 7003236155067137 151115727451828646838272
Q 1 87 -6158593056226245 302231454903657293676544
Q 1 89 2657147097704679 302231454903657293676544
Q 1 91 -1125048327385801 302231454903657293676544
Q 1 93 7480111222813711 4835703278458516698824704
Q 1 95 -1525442375512579 2417851639229258349412352
Q 1 97 2442944978256397 9671406556917033397649408
Q 1 99 -3840703424681581 38685626227668133590597632
Q 1 101 5928242182343273 154742504910672534362390528
Q 1 103 -4492290948580775 309485009821345068724781056
Q 1 105 1671379695193057 309485009821345068724781056
Q 1 107 -4885466548353947 2475880078570760549798248448
Q 1 109 7012597493052073 9903520314283042199192993792
Q 1 111 -4943469535723215 19807040628566084398385987584
Q 1 113 3423205076647149 39614081257132168796771975168
Q 1 115 -4657470493557961 158456325028528675187087900672
Q 1 117 6225758071498983 633825300114114700748351602688
Q 1 119 -8177242344906443 2535301200456458802993406410752
Q 1 121 5278328160407859 5070602400912917605986812821504
Q 1 123 -3356235274695997 10141204801825835211973625643008
Q 1 125 8590869970954027 81129638414606681695789005144064
Q 1 127 -1674202320010041 40564819207303340847894502572032
Q 2 0 -562363577842823 2251799813685248
Q 2 2 2327053915156809 9007199254740992
Q 2 4 -7680153392609717 36028797018963968
Q 2 6 2625138998235567 18014398509481984
Q 2 8 -2306970518973919 36028797018963968
Q 2 10 -6837823716217833 288230376151711744
Q 2 12 7887079496677067 72057594037927936
Q 2 14 -6702828537538235 36028797018963968
Q 2 16 8936356073823777 36028797018963968
Q 2 18 -2630882630924277 9007199254740992
Q 2 20 89240533818665 281474976710656
Q 2 22 -2916046994294749 9007199254740992
Q 2 24 5666989526448561 18014398509481984
Q 2 26 -5277390017380233 18014398509481984
Q 2 28 1183131246854769 4503599627370496
Q 2 30 -2050230257610087 9007199254740992
Q 2 32 3441213660752603 18014398509481984
Q 2 34 -2802504447500647 18014398509481984
Q 2 36 2218068382822011 18014398509481984
Q 2 38 -854039968955689 9007199254740992
Q 2 40 5124161899867525 72057594037927936
Q 2 42 -7491605431162205 144115188075855872
Q 2 44 2670705424257711 72057594037927936
Q 2 46 -3716595182632557 144115188075855872
Q 2 48 2524981479639911 144115188075855872
Q 2 50 -6702598583557355 576460752303423488
Q 2 52 2173285438832401 288230376151711744
Q 2 54 -2755353174167651 576460752303423488
Q 2 56 3415845521805193 1152921504606846976
Q 2 58 -8283819902356747 4611686018427387904
Q 2 60 1228386804726267 1152921504606846976
Q 2 62 -2852025348609715 4611686018427387904
Q 2 64 405078854016151 1152921504606846976
Q 2 66 -28162514561955 144115188075855872
Q 2 68 490796088044715 4611686018427387904
Q 2 70 -4188282744928043 73786976294838206464
Q 2 72 34188449573611 1152921504606846976
Q 2 74 -4479410358934025 295147905179352825856
Q 2 76 8985181832306229 1180591620717411303424
Q 2 78 -8831025386871341 2361183241434822606848
Q 2 80 4253386885961073 2361183241434822606848
Q 2 82 -4016217475006911 4722366482869645213696
Q 2 84 7435588129806279 18889465931478580854784
Q 2 86 -6748771240795003 37778931862957161709568
Q 2 88 1501652225946229 18889465931478580854784
Q 2 90 -5243024864028007 151115727451828646838272
Q 2 92 8977673994323465 604462909807314587353088
Q 2 94 -235621809606285 37778931862957161709568
Q 2 96 6212497149639665 2417851639229258349412352
Q 2 98 -5022437571458457 4835703278458516698824704
Q 2 100 7968713306651417 19342813113834066795298816
Q 2 102 -193876057521953 1208925819614629174706176
Q 2 104 4740768296061825 77371252455336267181195264
Q 2 106 -7111932516609443 309485009821345068724781056
Q 2 108 2618460458456407 309485009821345068724781056
Q 2 110 -3786069128202719 1237940039285380274899124224
Q 2 112 1343814729340543 1237940039285380274899124224
Q 2 114 -7494151474361141 19807040628566084398385987584
Q 2 116 320665663550505 2475880078570760549798248448
Q 2 118 -6900238277556855 158456325028528675187087900672
Q 2 120 4559203498187183 316912650057057350374175801344
Q 2 122 -5934282043322583 1267650600228229401496703205376
Q 2 124 7781531553750311 5070602400912917605986812821504
Q 2 126 -1555949840604759 2535301200456458802993406410752
Q 3 1 -5381647482890481 72057594037927936
Q 3 3 1452014188883777 9007199254740992
Q 3 5 -8147757098300657 36028797018963968
Q 3 7 4691873446845353 18014398509481984
Q 3 9 -4683801166893063 18014398509481984
Q 3 11 8131603506393125 36028797018963968
Q 3 13 -5870122196760837 36028797018963968
Q 3 15 5794559021649787 72057594037927936
Q 3 17 1641050083428883 144115188075855872
Q 3 19 -3673850971835643 36028797018963968
Q 3 21 6565826494018189 36028797018963968
Q 3 23 -4423465235696585 18014398509481984
Q 3 25 1298032412240837 4503599627370496
Q 3 27 -2787535948590095 9007199254740992
Q 3 29 43772456823253 140737488355328
Q 3 31 -5337594061527799 18014398509481984
Q 3 33 2429097240075741 9007199254740992
Q 3 35 -8494083251492703 36028797018963968
Q 3 37 55926624500951 281474976710656
Q 3 39 -2916125639726439 18014398509481984
Q 3 41 2301563403874871 18014398509481984
Q 3 43 -1762652460486251 18014398509481984
Q 3 45 5246565077515507 72057594037927936
Q 3 47 -7595073931243843 144115188075855872
Q 3 49 5352208985412835 144115188075855872
Q 3 51 -3674881208842553 144115188075855872
Q 3 53 4920172559642681 288230376151711744
Q 3 55 -3213171786847333 288230376151711744
Q 3 57 8192441976793065 1152921504606846976
Q 3 59 -5099093237268639 1152921504606846976
Q 3 61 1550159605117851 576460752303423488
Q 3 63 -460521978939917 288230376151711744
Q 3 65 4279637579632299 4611686018427387904
Q 3 67 -2430560305340131 4611686018427387904
Q 3 69 1350169421445079 4611686018427387904
Q 3 71 -5870206836317135 36893488147419103232
Q 3 73 3121943318597375 36893488147419103232
Q 3 75 -6500542998200609 147573952589676412928
Q 3 77 3312821873185563 147573952589676412928
Q 3 79 -6612658746934171 590295810358705651712
Q 3 81 201987780117089 36893488147419103232
Q 3 83 -6188742699081283 2361183241434822606848
Q 3 85 5805400454050897 4722366482869645213696
Q 3 87 -5336239351047573 9444732965739290427392
Q 3 89 1201766328829223 4722366482869645213696
Q 3 91 -4244554939691881 37778931862957161709568
Q 3 93 7348273955173529 151115727451828646838272
Q 3 95 -3118252306728057 151115727451828646838272
Q 3 97 5190268123148239 604462909807314587353088
Q 3 99 -66192581430185 18889465931478580854784
Q 3 101 3391537421767459 2417851639229258349412352
Q 3 103 -5327179182231281 9671406556917033397649408
Q 3 105 4104740689005335 19342813113834066795298816
Q 3 107 -6206905334017663 77371252455336267181195264
Q 3 109 1151324511810043 38685626227668133590597632
Q 3 111 -6707256235780843 618970019642690137449562112
Q 3 113 1198580159722067 309485009821345068724781056
Q 3 115 -6728435668373691 4951760157141521099596496896
Q 3 117 2317748652411465 4951760157141521099596496896
Q 3 119 -3135916485523539 19807040628566084398385987584
Q 3 121 4167815576310619 79228162514264337593543950336
Q 3 123 -1363726651033447 79228162514264337593543950336
Q 3 125 7193023539909503 1267650600228229401496703205376
Q 3 127 -5786296416090907 2535301200456458802993406410752
Q 4 0 7777369464569081 36028797018963968
Q 4 2 -3764271437754477 18014398509481984
Q 4 4 2522277936726767 18014398509481984
Q 4 6 -6472562402742039 144115188075855872
Q 4 8 -8419861177261877 144115188075855872
Q 4 10 2736685914447137 18014398509481984
Q 4 12 -7926753516001613 36028797018963968
Q 4 14 1136014829320207 4503599627370496
Q 4 16 -1101984118408353 4503599627370496
Q 4 18 7206948443736819 36028797018963968
Q 4 20 -4555382276564787 36028797018963968
Q 4 22 5120354113347475 144115188075855872
Q 4 24 8638747857959777 144115188075855872
Q 4 26 -5342961062054037 36028797018963968
Q 4 28 7945704693538121 36028797018963968
Q 4 30 -2443081156376801 9007199254740992
Q 4 32 1344947645052985 4503599627370496
Q 4 34 -85610565308869 281474976710656
Q 4 36 1312531485532427 4503599627370496
Q 4 38 -4781181747288021 18014398509481984
Q 4 40 8330758443684593 36028797018963968
Q 4 42 -6974866424707151 36028797018963968
Q 4 44 5630680717675319 36028797018963968
Q 4 46 -8787813717650221 72057594037927936
Q 4 48 1660456443109965 18014398509481984
Q 4 50 -4869591460955533 72057594037927936
Q 4 52 6935587020791245 144115188075855872
Q 4 54 -4802455255978709 144115188075855872
Q 4 56 6472689867889563 288230376151711744
Q 4 58 -8496762706960595 576460752303423488
Q 4 60 5435389168321561 576460752303423488
Q 4 62 -13245293493473 2251799813685248
Q 4 64 4127833472262361 1152921504606846976
Q 4 66 -2452642652915217 1152921504606846976
Q 4 68 2846292266097499 2305843009213693952
Q 4 70 -6453904239341735 9223372036854775808
Q 4 72 7150785147928507 18446744073709551616
Q 4 74 -7745354091488159 36893488147419103232
Q 4 76 4101878857286935 36893488147419103232
Q 4 78 -4249687474251059 73786976294838206464
Q 4 80 8615381654893817 295147905179352825856
Q 4 82 -534145214610753 36893488147419103232
Q 4 84 1037311768574495 147573952589676412928
Q 4 86 -246534129399791 73786976294838206464
Q 4 88 7344300931903149 4722366482869645213696
Q 4 90 -6696584913340391 9444732965739290427392
Q 4 92 2990789655011035 9444732965739290427392
Q 4 94 -5234976130793555 37778931862957161709568
Q 4 96 8979532405185105 151115727451828646838272
Q 4 98 -3774105954036859 151115727451828646838272
Q 4 100 194372386045735 18889465931478580854784
Q 4 102 -628133123961545 151115727451828646838272
Q 4 104 3980889331538547 2417851639229258349412352
Q 4 106 -6185753476165417 9671406556917033397649408
Q 4 108 2356949982882273 9671406556917033397649408
Q 4 110 -3523976611349339 38685626227668133590597632
Q 4 112 2584692284400905 77371252455336267181195264
Q 4 114 -7440889246410939 618970019642690137449562112
Q 4 116 5255533768005225 1237940039285380274899124224
Q 4 118 -7286676950053581 4951760157141521099596496896
Q 4 120 2479286783985657 4951760157141521099596496896
Q 4 122 -3312693632776471 19807040628566084398385987584
Q 4 124 4345949025838301 79228162514264337593543950336
Q 4 126 -5598702728844175 316912650057057350374175801344
Q 4 128 7083396259578163 1267650600228229401496703205376
Q 4 130 -4401145385085803 2535301200456458802993406410752
Q 4 132 5372405814990509 10141204801825835211973625643008
Q 4 134 -1610679252923703 10141204801825835211973625643008
Q 4 136 7591263399158413 162259276829213363391578010288128
Q 4 138 -8789230341230173 649037107316853453566312041152512
Q 4 140 1250074471931849 324518553658426726783156020576256
Q 4 142 -2795922156315385 2596148429267413814265248164610048
Q 4 144 6146725836444465 20769187434139310514121985316880384
Q 4 146 -6642125999794817 83076749736557242056487941267521536
Q 4 148 7056499521934071 332306998946228968225951765070086144
Q 4 150 -1842784102910063 332306998946228968225951765070086144
Q 4 152 3785785938293613 2658455991569831745807614120560689152
Q 4 154 -3824346541861485 10633823966279326983230456482242756608
Q 4 156 474964032545831 5316911983139663491615228241121378304
Q 4 158 -3713460242532709 170141183460469231731687303715884105728
Q 4 160 892530968039645 170141183460469231731687303715884105728
Q 4 162 -6753602163216241 5444517870735015415413993718908291383296
Q 4 164 6285157090857523 21778071482940061661655974875633165533184
Q 4 166 -5755608412218457 87112285931760246646623899502532662132736
Q 4 168 2593385622434539 174224571863520493293247799005065324265472
Q 4 170 -4600953090009999 1393796574908163946345982392040522594123776
Q 4 172 2009117705082063 2787593149816327892691964784081045188247552
Q 4 174 -1724700280349839 11150372599265311570767859136324180752990208
Q 4 176 5799130992848933 178405961588244985132285746181186892047843328
Q 4 178 -2523718973131523 356811923176489970264571492362373784095686656
Q 4 180 5454402708617881 2854495385411919762116571938898990272765493248
Q 4 182 -4700046228663639 5708990770823839524233143877797980545530986496
Q 4 184 -5129507088664123 182687704666362864775460604089535377456991567872
Q 4 186 6605736962097585 45671926166590716193865151022383844364247891968
Q 4 188 -6462267772844001 45671926166590716193865151022383844364247891968
Q 4 190 -6561529818117369 91343852333181432387730302044767688728495783936
Q 4 192 -2547842452026053 11417981541647679048466287755595961091061972992
Q 4 194 -2737394496860951 45671926166590716193865151022383844364247891968
Q 4 196 -6024683652014023 11417981541647679048466287755595961091061972992
Q 4 198 -4612643708524499 5708990770823839524233143877797980545530986496
Q 4 200 -2460397087147517 11417981541647679048466287755595961091061972992
Q 4 202 -2713877171119207 11417981541647679048466287755595961091061972992
Q 4 204 -688184468418499 1427247692705959881058285969449495136382746624
Q 4 206 6504913041321091 11417981541647679048466287755595961091061972992
Q 4 208 2238178279067967 5708990770823839524233143877797980545530986496
Q 4 210 6630517955571403 91343852333181432387730302044767688728495783936
Q 4 212 6315418543876599 11417981541647679048466287755595961091061972992
Q 4 214 -5828824066446185 11417981541647679048466287755595961091061972992
Q 4 216 -6977476113426439 22835963083295358096932575511191922182123945984
Q 4 218 -5419102584254695 182687704666362864775460604089535377456991567872
Q 4 220 -5909796603141789 45671926166590716193865151022383844364247891968
Q 4 222 4670569037017493 5708990770823839524233143877797980545530986496
Q 4 224 -3176262547493323 11417981541647679048466287755595961091061972992
Q 4 226 -3189907759459 44601490397061246283071436545296723011960832
Q 4 228 -5226144246505749 11417981541647679048466287755595961091061972992
Q 4 230 8357467638691661 45671926166590716193865151022383844364247891968
Q 4 232 8744819134737061 22835963083295358096932575511191922182123945984
Q 4 234 -5024069247298821 45671926166590716193865151022383844364247891968
Q 4 236 -5943256991670301 22835963083295358096932575511191922182123945984
Q 4 238 -4920931278126609 45671926166590716193865151022383844364247891968
Q 4 240 4739693062777303 11417981541647679048466287755595961091061972992
Q 4 242 -7866862226025389 730750818665451459101842416358141509827966271488
Q 4 244 -7670101152404327 22835963083295358096932575511191922182123945984
Q 4 246 6920611137360807 182687704666362864775460604089535377456991567872
Q 4 248 7950322291932863 22835963083295358096932575511191922182123945984
Q 4 250 -8893539205632615 45671926166590716193865151022383844364247891968
Q 4 252 -5515996348408843 22835963083295358096932575511191922182123945984
Q 4 254 7753270608837179 22835963083295358096932575511191922182123945984
Q 5 1 2998795227340237 36028797018963968
Q 5 3 -3123183408393165 18014398509481984
Q 5 5 8166455185252733 36028797018963968
Q 5 7 -8335367188840391 36028797018963968
Q 5 9 6732721122630727 36028797018963968
Q 5 11 -1860056094736115 18014398509481984
Q 5 13 -7303235596126157 4611686018427387904
Q 5 15 956095127062303 9007199254740992
Q 5 17 -3424902319790443 18014398509481984
Q 5 19 8590145528792725 36028797018963968
Q 5 21 -2195444796378247 9007199254740992
Q 5 23 932722200008747 4503599627370496
Q 5 25 -4924282115148489 36028797018963968
Q 5 27 3262866621965777 72057594037927936
Q 5 29 7577990958351953 144115188075855872
Q 5 31 -1292916866873713 9007199254740992
Q 5 33 3916274161627635 18014398509481984
Q 5 35 -2415435956699147 9007199254740992
Q 5 37 2649565977170719 9007199254740992
Q 5 39 -5355122798729947 18014398509481984
Q 5 41 158654081619075 562949953421312
Q 5 43 -1141035511084319 4503599627370496
Q 5 45 3918027899659993 18014398509481984
Q 5 47 -6454385064515003 36028797018963968
Q 5 49 5119079449830225 36028797018963968
Q 5 51 -3919846930694317 36028797018963968
Q 5 53 1451992162059705 18014398509481984
Q 5 55 -4169898195175413 72057594037927936
Q 5 57 1452677544891303 36028797018963968
Q 5 59 -3933445847520709 144115188075855872
Q 5 61 647364526908805 36028797018963968
Q 5 63 -3318396895991825 288230376151711744
Q 5 65 8284113250105923 1152921504606846976
Q 5 67 -2519522400545061 576460752303423488
Q 5 69 5978190951285285 2305843009213693952
Q 5 71 -3459949141333483 2305843009213693952
Q 5 73 7818714722123211 9223372036854775808
Q 5 75 -8626922659337817 18446744073709551616
Q 5 77 1162344927658061 4611686018427387904
Q 5 79 -2448686390497791 18446744073709551616
Q 5 81 5042773275938063 73786976294838206464
Q 5 83 -2538710041995233 73786976294838206464
Q 5 85 625050064693899 36893488147419103232
Q 5 87 -301125620199237 36893488147419103232
Q 5 89 4542954197999529 1180591620717411303424
Q 5 91 -4192929263815939 2361183241434822606848
Q 5 93 7577584568641525 9444732965739290427392
Q 5 95 -3352579725780449 9444732965739290427392
Q 5 97 2905623602708435 18889465931478580854784
Q 5 99 -4933949409790543 75557863725914323419136
Q 5 101 8209089565031825 302231454903657293676544
Q 5 103 -6692480800436737 604462909807314587353088
Q 5 105 5347801337774035 1208925819614629174706176
Q 5 107 -8378399792685351 4835703278458516698824704
Q 5 109 6435081278817335 9671406556917033397649408
Q 5 111 -2423380103849611 9671406556917033397649408
Q 5 113 7160594636934449 77371252455336267181195264
Q 5 115 -2594301894693515 77371252455336267181195264
Q 5 117 7376969425161503 618970019642690137449562112
Q 5 119 -2572777727323907 618970019642690137449562112
Q 5 121 7044217689450373 4951760157141521099596496896
Q 5 123 -4732357800019117 9903520314283042199192993792
Q 5 125 3120710716059911 19807040628566084398385987584
Q 5 127 -8081225506769669 158456325028528675187087900672
Q 5 129 5136675572042953 316912650057057350374175801344
Q 5 131 -6412284095628395 1267650600228229401496703205376
Q 5 133 7861257491080015 5070602400912917605986812821504
Q 5 135 -4733060106852939 10141204801825835211973625643008
Q 5 137 2799265022100383 20282409603651670423947251286016
Q 5 139 -6505916906418651 162259276829213363391578010288128
Q 5 141 3714200124056043 324518553658426726783156020576256
Q 5 143 -2083643713714503 649037107316853453566312041152512
Q 5 145 1148765593699759 1298074214633706907132624082305024
Q 5 147 -4979972713113015 20769187434139310514121985316880384
Q 5 149 5305267734009715 83076749736557242056487941267521536
Q 5 151 -5556215139408707 332306998946228968225951765070086144
Q 5 153 5721214939760599 1329227995784915872903807060280344576
Q 5 155 -5792692274305093 5316911983139663491615228241121378304
Q 5 157 5767673081469517 21267647932558653966460912964485513216
Q 5 159 -5647981805449157 85070591730234615865843651857942052864
Q 5 161 5440044762521085 340282366920938463463374607431768211456
Q 5 163 -2577162001083863 680564733841876926926749214863536422912
Q 5 165 4804440988026703 5444517870735015415413993718908291383296
Q 5 167 -4406131085469869 21778071482940061661655974875633165533184
Q 5 169 7952231688172125 174224571863520493293247799005065324265472
Q 5 171 -7061342473529553 696898287454081973172991196020261297061888
Q 5 173 48188924902663 21778071482940061661655974875633165533184
Q 5 175 -5308839610468829 11150372599265311570767859136324180752990208
Q 5 177 4531698729895961 44601490397061246283071436545296723011960832
Q 5 179 -3721918013627257 178405961588244985132285746181186892047843328
Q 5 181 4643081057397207 1427247692705959881058285969449495136382746624
Q 5 183 -3212960393655701 2854495385411919762116571938898990272765493248
Q 5 185 -416844721805261 1427247692705959881058285969449495136382746624
Q 5 187 5529583264503151 11417981541647679048466287755595961091061972992
Q 5 189 -6328353239593999 22835963083295358096932575511191922182123945984
Q 5 191 -5945721599079987 5708990770823839524233143877797980545530986496
Q 5 193 4273899565315055 45671926166590716193865151022383844364247891968
Q 5 195 -4097853575725371 2854495385411919762116571938898990272765493248
Q 5 197 -1410501379566111 1427247692705959881058285969449495136382746624
Q 5 199 -8098295382877467 5708990770823839524233143877797980545530986496
Q 5 201 -3034829665213053 1427247692705959881058285969449495136382746624
Q 5 203 2963129417957293 5708990770823839524233143877797980545530986496
Q 5 205 -6673722633472837 5708990770823839524233143877797980545530986496
Q 5 207 -5141102034701019 45671926166590716193865151022383844364247891968
Q 5 209 7041875345643253 2854495385411919762116571938898990272765493248
Q 5 211 -5038541714412677 22835963083295358096932575511191922182123945984
Q 5 213 1465300490345061 1427247692705959881058285969449495136382746624
Q 5 215 -3788290280940705 5708990770823839524233143877797980545530986496
Q 5 217 -7858779696049833 11417981541647679048466287755595961091061972992
Q 5 219 -3375211391731485 2854495385411919762116571938898990272765493248
Q 5 221 553009170224215 356811923176489970264571492362373784095686656
Q 5 223 5697733237497707 22835963083295358096932575511191922182123945984
Q 5 225 647719509168757 1427247692705959881058285969449495136382746624
Q 5 227 -7338834216798181 22835963083295358096932575511191922182123945984
Q 5 229 -8708968670716259 5708990770823839524233143877797980545530986496
Q 5 231 7010767083453433 5708990770823839524233143877797980545530986496
Q 5 233 2306348546438423 45671926166590716193865151022383844364247891968
Q 5 235 3100472581372163 5708990770823839524233143877797980545530986496
Q 5 237 -3506962132353095 2854495385411919762116571938898990272765493248
Q 5 239 312702953268645 2854495385411919762116571938898990272765493248
Q 5 241 8512071472193355 11417981541647679048466287755595961091061972992
Q 5 243 7279940605141799 45671926166590716193865151022383844364247891968
Q 5 245 -5098739361643893 5708990770823839524233143877797980545530986496
Q 5 247 4984181994684073 45671926166590716193865151022383844364247891968
Q 5 249 2380297763301129 2854495385411919762116571938898990272765493248
Q 5 251 -1306010249831157 2854495385411919762116571938898990272765493248
Q 5 253 -3392695405738959 5708990770823839524233143877797980545530986496
Q 5 255 4706179386157723 5708990770823839524233143877797980545530986496
Q 6 0 -7085894657008191 36028797018963968
Q 6 2 6390462501756747 36028797018963968
Q 6 4 -100746022569493 1125899906842624
Q 6 6 -3274224445143337 144115188075855872
Q 6 8 4669737268468731 36028797018963968
Q 6 10 -3679552883783679 18014398509481984
Q 6 12 2059277693876891 9007199254740992
Q 6 14 -7122722515292389 36028797018963968
Q 6 16 8645539662827861 72057594037927936
Q 6 18 -8416861301227349 576460752303423488
Q 6 20 -3388826795589257 36028797018963968
Q 6 22 6573202835247977 36028797018963968
Q 6 24 -524776878048397 2251799813685248
Q 6 26 8559519284502701 36028797018963968
Q 6 28 -7117302722119751 36028797018963968
Q 6 30 4418408169143719 36028797018963968
Q 6 32 -3965649983966795 144115188075855872
Q 6 34 -5173100594787805 72057594037927936
Q 6 36 5805639528038779 36028797018963968
Q 6 38 -8301499616126873 36028797018963968
Q 6 40 4943823520597985 18014398509481984
Q 6 42 -329575748294037 1125899906842624
Q 6 44 5195530898682161 18014398509481984
Q 6 46 -2403579493447355 9007199254740992
Q 6 48 4218795712286021 18014398509481984
Q 6 50 -3535064482844677 18014398509481984
Q 6 52 5682815181275329 36028797018963968
Q 6 54 -2198300062819047 18014398509481984
Q 6 56 6565362773218607 72057594037927936
Q 6 58 -148142292628097 2251799813685248
Q 6 60 414472348170257 9007199254740992
Q 6 62 -2249720040057603 72057594037927936
Q 6 64 5929547265765697 288230376151711744
Q 6 66 -7596329476339423 576460752303423488
Q 6 68 591773466422413 72057594037927936
Q 6 70 -5745524779736321 1152921504606846976
Q 6 72 26538196941859 9007199254740992
Q 6 74 -7831482799710751 4611686018427387904
Q 6 76 8805519367051235 9223372036854775808
Q 6 78 -2415404472814775 4611686018427387904
Q 6 80 5174706188249059 18446744073709551616
Q 6 82 -1353423712206181 9223372036854775808
Q 6 84 2766762326987955 36893488147419103232
Q 6 86 -345490424489921 9223372036854775808
Q 6 88 5398736520650773 295147905179352825856
Q 6 90 -1289072381071173 147573952589676412928
Q 6 92 4817378081148207 1180591620717411303424
Q 6 94 -2201885958462493 1180591620717411303424
Q 6 96 1969952866019727 2361183241434822606848
Q 6 98 -6901200195761279 18889465931478580854784
Q 6 100 5918030879602911 37778931862957161709568
Q 6 102 -1242525501089747 18889465931478580854784
Q 6 104 4088618759199527 151115727451828646838272
Q 6 106 -3295303420363799 302231454903657293676544
Q 6 108 2602571810253419 604462909807314587353088
Q 6 110 -4029087408810261 2417851639229258349412352
Q 6 112 6114385429010941 9671406556917033397649408
Q 6 114 -4548667268980715 19342813113834066795298816
Q 6 116 6636385634591613 77371252455336267181195264
Q 6 118 -4747926344636597 154742504910672534362390528
Q 6 120 3331948020478327 309485009821345068724781056
Q 6 122 -2293926711470607 618970019642690137449562112
Q 6 124 3099142015026693 2475880078570760549798248448
Q 6 126 -4108809405792125 9903520314283042199192993792
Q 6 128 668304356055831 4951760157141521099596496896
Q 6 130 -853602186268439 19807040628566084398385987584
Q 6 132 33448598509953 2475880078570760549798248448
Q 6 134 -5271188114216811 1267650600228229401496703205376
Q 6 136 1593211328282201 1267650600228229401496703205376
Q 6 138 -7566891036247815 20282409603651670423947251286016
Q 6 140 8825003223584531 81129638414606681695789005144064
Q 6 142 -5055320646775885 162259276829213363391578010288128
Q 6 144 711281121276915 81129638414606681695789005144064
Q 6 146 -3146690651784569 1298074214633706907132624082305024
Q 6 148 427501620474061 649037107316853453566312041152512
Q 6 150 -7306381579346495 41538374868278621028243970633760768
Q 6 152 7671267381817681 166153499473114484112975882535043072
Q 6 154 -1979432346307341 166153499473114484112975882535043072
Q 6 156 4017176422292577 1329227995784915872903807060280344576
Q 6 158 -8016138185797059 10633823966279326983230456482242756608
Q 6 160 491552871809625 2658455991569831745807614120560689152
Q 6 162 -3794389824456473 85070591730234615865843651857942052864
Q 6 164 3601022204629559 340282366920938463463374607431768211456
Q 6 166 -3361659282693559 1361129467683753853853498429727072845824
Q 6 168 3087216629962233 5444517870735015415413993718908291383296
Q 6 170 -5579342319082743 43556142965880123323311949751266331066368
Q 6 172 4961617964875343 174224571863520493293247799005065324265472
Q 6 174 -4337209000100877 696898287454081973172991196020261297061888
Q 6 176 3719394165829953 2787593149816327892691964784081045188247552
Q 6 178 -807382584569417 2787593149816327892691964784081045188247552
Q 6 180 6304097450944143 89202980794122492566142873090593446023921664
Q 6 182 -4299104203579665 178405961588244985132285746181186892047843328
Q 6 184 8551262996546393 91343852333181432387730302044767688728495783936
Q 6 186 3979233041762609 1427247692705959881058285969449495136382746624
Q 6 188 -7710930294334667 2854495385411919762116571938898990272765493248
Q 6 190 -3075568147483263 1427247692705959881058285969449495136382746624
Q 6 192 -1938842645847449 356811923176489970264571492362373784095686656
Q 6 194 -7288682185082689 5708990770823839524233143877797980545530986496
Q 6 196 -2177926914702695 178405961588244985132285746181186892047843328
Q 6 198 -1717176122592545 89202980794122492566142873090593446023921664
Q 6 200 -6891273976608179 1427247692705959881058285969449495136382746624
Q 6 202 -8225050521285743 1427247692705959881058285969449495136382746624
Q 6 204 -4121700485133365 356811923176489970264571492362373784095686656
Q 6 206 1219953984562105 89202980794122492566142873090593446023921664
Q 6 208 1527967086465407 178405961588244985132285746181186892047843328
Q 6 210 5827726129599825 2854495385411919762116571938898990272765493248
Q 6 212 9002775593003533 713623846352979940529142984724747568191373312
Q 6 214 -8440653875483897 713623846352979940529142984724747568191373312
Q 6 216 -5123081914693025 713623846352979940529142984724747568191373312
Q 6 218 -324289753244583 356811923176489970264571492362373784095686656
Q 6 220 -2068008444548033 713623846352979940529142984724747568191373312
Q 6 222 1688771764353871 89202980794122492566142873090593446023921664
Q 6 224 -4543238909860209 713623846352979940529142984724747568191373312
Q 6 226 -1201370143758743 713623846352979940529142984724747568191373312
Q 6 228 -3798839209714449 356811923176489970264571492362373784095686656
Q 6 230 6059816938835255 1427247692705959881058285969449495136382746624
Q 6 232 1613298317686623 178405961588244985132285746181186892047843328
Q 6 234 -471583989130843 178405961588244985132285746181186892047843328
Q 6 236 -4335657077958545 713623846352979940529142984724747568191373312
Q 6 238 -3664263027201769 1427247692705959881058285969449495136382746624
Q 6 240 3475939555884101 356811923176489970264571492362373784095686656
Q 6 242 -3052623517976593 11417981541647679048466287755595961091061972992
Q 6 244 -701388740426205 89202980794122492566142873090593446023921664
Q 6 246 5044436262647777 5708990770823839524233143877797980545530986496
Q 6 248 5819166612197393 713623846352979940529142984724747568191373312
Q 6 250 -6509127471474753 1427247692705959881058285969449495136382746624
Q 6 252 -8074171437738753 1427247692705959881058285969449495136382746624
Q 6 254 2837051953603699 356811923176489970264571492362373784095686656
Q 7 1 -3228567896823829 36028797018963968
Q 7 3 6482446681755017 36028797018963968
Q 7 5 -7851186672942913 36028797018963968
Q 7 7 6919035911988759 36028797018963968
Q 7 9 -248194516449989 2251799813685248
Q 7 11 -7847964614919157 2305843009213693952
Q 7 13 8368729355034909 72057594037927936
Q 7 15 -3540992093260709 18014398509481984
Q 7 17 8047921413233589 36028797018963968
Q 7 19 -3435368275001173 18014398509481984
Q 7 21 3914195371956079 36028797018963968
Q 7 23 1551759581245577 2305843009213693952
Q 7 25 -7914261319276471 72057594037927936
Q 7 27 217879066448581 1125899906842624
Q 7 29 -4221714660695703 18014398509481984
Q 7 31 254415948060035 1125899906842624
Q 7 33 -3114206457936459 18014398509481984
Q 7 35 3164086471710269 36028797018963968
Q 7 37 7065192911771569 576460752303423488
Q 7 39 -7956421076810263 72057594037927936
Q 7 41 6953675077132753 36028797018963968
Q 7 43 -566300467832311 2251799813685248
Q 7 45 1273806827048369 4503599627370496
Q 7 47 -5201045380235619 18014398509481984
Q 7 49 616880652910131 2251799813685248
Q 7 51 -4411967620961017 18014398509481984
Q 7 53 7496342221939875 36028797018963968
Q 7 55 -6087061156715999 36028797018963968
Q 7 57 2372067578020183 18014398509481984
Q 7 59 -3560134334010927 36028797018963968
Q 7 61 2578697260786859 36028797018963968
Q 7 63 -7225533377005697 144115188075855872
Q 7 65 4902872331137191 144115188075855872
Q 7 67 -3226871430667841 144115188075855872
Q 7 69 2062307584417311 144115188075855872
Q 7 71 -20017355887779 2251799813685248
Q 7 73 3096755375865705 576460752303423488
Q 7 75 -3643720257932083 1152921504606846976
Q 7 77 4176529442806307 2305843009213693952
Q 7 79 -2333150838166875 2305843009213693952
Q 7 81 2542236811192079 4611686018427387904
Q 7 83 -5405589405387457 18446744073709551616
Q 7 85 701235504549727 4611686018427387904
Q 7 87 -2842647029180237 36893488147419103232
Q 7 89 2814306031876577 73786976294838206464
Q 7 91 -5445635743310805 295147905179352825856
Q 7 93 2575159925523197 295147905179352825856
Q 7 95 -1190772408260621 295147905179352825856
Q 7 97 8617177401414461 4722366482869645213696
Q 7 99 -3813194221988739 4722366482869645213696
Q 7 101 6605263317828235 18889465931478580854784
Q 7 103 -699991736813761 4722366482869645213696
Q 7 105 1162081333295091 18889465931478580854784
Q 7 107 -7557111780163745 302231454903657293676544
Q 7 109 6017162803577069 604462909807314587353088
Q 7 111 -4693766692028143 1208925819614629174706176
Q 7 113 112118949775449 75557863725914323419136
Q 7 115 -5375578393577147 9671406556917033397649408
Q 7 117 3947556011043699 19342813113834066795298816
Q 7 119 -2842130242530031 38685626227668133590597632
Q 7 121 8026118932511339 309485009821345068724781056
Q 7 123 -5557306962097045 618970019642690137449562112
Q 7 125 7548829188071103 2475880078570760549798248448
Q 7 127 -2514947280134727 2475880078570760549798248448
Q 7 129 6576995208136143 19807040628566084398385987584
Q 7 131 -2109890522388441 19807040628566084398385987584
Q 7 133 332161079971557 9903520314283042199192993792
Q 7 135 -1642613043725583 158456325028528675187087900672
Q 7 137 7974978472084839 2535301200456458802993406410752
Q 7 139 -2376130609417819 2535301200456458802993406410752
Q 7 141 1390481645795337 5070602400912917605986812821504
Q 7 143 -6393386089335989 81129638414606681695789005144064
Q 7 145 3609465482173485 162259276829213363391578010288128
Q 7 147 -500478834941095 81129638414606681695789005144064
Q 7 149 8727362576900797 5192296858534827628530496329220096
Q 7 151 -4673342775932689 10384593717069655257060992658440192
Q 7 153 614839136639633 5192296858534827628530496329220096
Q 7 155 -2544167754110393 83076749736557242056487941267521536
Q 7 157 5174290065134399 664613997892457936451903530140172288
Q 7 159 -5172806571290943 2658455991569831745807614120560689152
Q 7 161 1271133422712735 2658455991569831745807614120560689152
Q 7 163 -4914436237972173 42535295865117307932921825928971026432
Q 7 165 1167833027096073 42535295865117307932921825928971026432
Q 7 167 -8734309699273483 1361129467683753853853498429727072845824
Q 7 169 8032025575459973 5444517870735015415413993718908291383296
Q 7 171 -454116043720151 1361129467683753853853498429727072845824
Q 7 173 6464815280764871 87112285931760246646623899502532662132736
Q 7 175 -5663269281652235 348449143727040986586495598010130648530944
Q 7 177 4905715333754019 1393796574908163946345982392040522594123776
Q 7 179 -2067417226463497 2787593149816327892691964784081045188247552
Q 7 181 6047306934128153 44601490397061246283071436545296723011960832
Q 7 183 -3383623631338369 89202980794122492566142873090593446023921664
Q 7 185 -2520692767087069 5708990770823839524233143877797980545530986496
Q 7 187 2489208936716865 356811923176489970264571492362373784095686656
Q 7 189 -5132122827192977 1427247692705959881058285969449495136382746624
Q 7 191 -3817816301882887 178405961588244985132285746181186892047843328
Q 7 193 4349633250141893 1427247692705959881058285969449495136382746624
Q 7 195 -1286546738298467 44601490397061246283071436545296723011960832
Q 7 197 -6976558021396029 356811923176489970264571492362373784095686656
Q 7 199 -4844390154212819 178405961588244985132285746181186892047843328
Q 7 201 -7768927367170755 178405961588244985132285746181186892047843328
Q 7 203 2082088291652901 178405961588244985132285746181186892047843328
Q 7 205 -1024623202273673 44601490397061246283071436545296723011960832
Q 7 207 -4956841808357139 1427247692705959881058285969449495136382746624
Q 7 209 4485967381328457 89202980794122492566142873090593446023921664
Q 7 211 -3392393176145959 713623846352979940529142984724747568191373312
Q 7 213 3561633530680935 178405961588244985132285746181186892047843328
Q 7 215 -4530898217762225 356811923176489970264571492362373784095686656
Q 7 217 -4840123745112285 356811923176489970264571492362373784095686656
Q 7 219 -545589158145547 22300745198530623141535718272648361505980416
Q 7 221 714684707477857 22300745198530623141535718272648361505980416
Q 7 223 4746718400690863 1427247692705959881058285969449495136382746624
Q 7 225 3596417940041115 356811923176489970264571492362373784095686656
Q 7 227 -2630312912221299 356811923176489970264571492362373784095686656
Q 7 229 -2643901888197623 89202980794122492566142873090593446023921664
Q 7 231 8603270613876859 356811923176489970264571492362373784095686656
Q 7 233 5470463439523285 5708990770823839524233143877797980545530986496
Q 7 235 3822773970792007 356811923176489970264571492362373784095686656
Q 7 237 -1087805240740187 44601490397061246283071436545296723011960832
Q 7 239 3150702276773241 1427247692705959881058285969449495136382746624
Q 7 241 661230565874801 44601490397061246283071436545296723011960832
Q 7 243 8982515830365519 2854495385411919762116571938898990272765493248
Q 7 245 -3161470376608453 178405961588244985132285746181186892047843328
Q 7 247 6142754790654967 2854495385411919762116571938898990272765493248
Q 7 249 2955509000999383 178405961588244985132285746181186892047843328
Q 7 251 -405480657353589 44601490397061246283071436545296723011960832
Q 7 253 -1052441910741653 89202980794122492566142873090593446023921664
Q 7 255 182521048934723 11150372599265311570767859136324180752990208
Q 8 0 3307566404284611 18014398509481984
Q 8 2 -5530590262063101 36028797018963968
Q 8 4 3604699702843877 72057594037927936
Q 8 6 2582298116800543 36028797018963968
Q 8 8 -1532095050707309 9007199254740992
Q 8 10 7667555037219139 36028797018963968
Q 8 12 -6717727032436951 36028797018963968
Q 8 14 451959344579091 4503599627370496
Q 8 16 626313659087597 36028797018963968
Q 8 18 -2337910834044509 18014398509481984
Q 8 20 7314355241837787 36028797018963968
Q 8 22 -975225417097975 4503599627370496
Q 8 24 3030704210226145 18014398509481984
Q 8 26 -330855425746321 4503599627370496
Q 8 28 -5887855276354607 144115188075855872
Q 8 30 5215579968646221 36028797018963968
Q 8 32 -7690772286553055 36028797018963968
Q 8 34 1049035492665803 4503599627370496
Q 8 36 -7270656731521115 36028797018963968
Q 8 38 1168177200959901 9007199254740992
Q 8 40 -1195991156244031 36028797018963968
Q 8 42 -310849979417293 4503599627370496
Q 8 44 2891266988771319 18014398509481984
Q 8 46 -4139384018393877 18014398509481984
Q 8 48 2445246726739399 9007199254740992
Q 8 50 -2573653981834547 9007199254740992
Q 8 52 4985768944774069 18014398509481984
Q 8 54 -4521697847738891 18014398509481984
Q 8 56 3880007147993635 18014398509481984
Q 8 58 -6344062563396281 36028797018963968
Q 8 60 1241407938443797 9007199254740992
Q 8 62 -7469486218815223 72057594037927936
Q 8 64 5413385549006281 72057594037927936
Q 8 66 -7577570053464639 144115188075855872
Q 8 68 2565449613231143 72057594037927936
Q 8 70 -3366163725171271 144115188075855872
Q 8 72 4284785770740389 288230376151711744
Q 8 74 -2648378385678533 288230376151711744
Q 8 76 6364736912616455 1152921504606846976
Q 8 78 -3720169447552883 1152921504606846976
Q 8 80 8467560469077625 4611686018427387904
Q 8 82 -2346902630008899 2305843009213693952
Q 8 84 2536137466129225 4611686018427387904
Q 8 86 -167046619089027 576460752303423488
Q 8 88 2748247889120893 18446744073709551616
Q 8 90 -2758395530877535 36893488147419103232
Q 8 92 84485838556057 2305843009213693952
Q 8 94 -2588507932121291 147573952589676412928
Q 8 96 4843772324051487 590295810358705651712
Q 8 98 -4430137127983549 1180591620717411303424
Q 8 100 7923951663973067 4722366482869645213696
Q 8 102 -866427125010723 1180591620717411303424
Q 8 104 5932057591383293 18889465931478580854784
Q 8 106 -2484124284971253 18889465931478580854784
Q 8 108 8146141776523017 151115727451828646838272
Q 8 110 -1634679056938833 75557863725914323419136
Q 8 112 2569932130256967 302231454903657293676544
Q 8 114 -3957511657023265 1208925819614629174706176
Q 8 116 5970672699710641 4835703278458516698824704
Q 8 118 -8826949496004289 19342813113834066795298816
Q 8 120 3197474701368865 19342813113834066795298816
Q 8 122 -4541639456172071 77371252455336267181195264
Q 8 124 6324769241418545 309485009821345068724781056
Q 8 126 -8637305121653945 1237940039285380274899124224
Q 8 128 2892186718968321 1237940039285380274899124224
Q 8 130 -7599931888946219 9903520314283042199192993792
Q 8 132 4898322647992261 19807040628566084398385987584
Q 8 134 -3097894482155061 39614081257132168796771975168
Q 8 136 7691180342417067 316912650057057350374175801344
Q 8 138 -585707273228449 79228162514264337593543950336
Q 8 140 5604696253169373 2535301200456458802993406410752
Q 8 142 -1645541114023623 2535301200456458802993406410752
Q 8 144 1897669548870307 10141204801825835211973625643008
Q 8 146 -2149247740552361 40564819207303340847894502572032
Q 8 148 4781829746363281 324518553658426726783156020576256
Q 8 150 -2612823826399325 649037107316853453566312041152512
Q 8 152 2805305346998983 2596148429267413814265248164610048
Q 8 154 -369946406862813 1298074214633706907132624082305024
Q 8 156 6136769892210585 83076749736557242056487941267521536
Q 8 158 -6253254778414513 332306998946228968225951765070086144
Q 8 160 1565848150537503 332306998946228968225951765070086144
Q 8 162 -3083695379037885 2658455991569831745807614120560689152
Q 8 164 2985395750115917 10633823966279326983230456482242756608
Q 8 166 -88811433837641 1329227995784915872903807060280344576
Q 8 168 332567456816803 21267647932558653966460912964485513216
Q 8 170 -4899555030580709 1361129467683753853853498429727072845824
Q 8 172 2219023652887937 2722258935367507707706996859454145691648
Q 8 174 -7904801382842925 43556142965880123323311949751266331066368
Q 8 176 6914625137730163 174224571863520493293247799005065324265472
Q 8 178 -6055919542921345 696898287454081973172991196020261297061888
Q 8 180 2845233133695473 1393796574908163946345982392040522594123776
Q 8 182 -6731113678377983 11150372599265311570767859136324180752990208
Q 8 184 2815451711233847 44601490397061246283071436545296723011960832
Q 8 186 5354649246658205 178405961588244985132285746181186892047843328
Q 8 188 -3671329917954149 89202980794122492566142873090593446023921664
Q 8 190 -3484186855125141 89202980794122492566142873090593446023921664
Q 8 192 -59967825363371 696898287454081973172991196020261297061888
Q 8 194 -5477271465661253 356811923176489970264571492362373784095686656
Q 8 196 -4643287527811237 22300745198530623141535718272648361505980416
Q 8 198 -3630943962620711 11150372599265311570767859136324180752990208
Q 8 200 -3125345396405321 44601490397061246283071436545296723011960832
Q 8 202 -4813448979693417 44601490397061246283071436545296723011960832
Q 8 204 -4051204601941791 22300745198530623141535718272648361505980416
Q 8 206 2523053714825825 11150372599265311570767859136324180752990208
Q 8 208 3271776167214761 22300745198530623141535718272648361505980416
Q 8 210 4971585826211849 178405961588244985132285746181186892047843328
Q 8 212 2440753963184163 11150372599265311570767859136324180752990208
Q 8 214 -2301750674366677 11150372599265311570767859136324180752990208
Q 8 216 -5186573260230993 44601490397061246283071436545296723011960832
Q 8 218 -1484793601408159 89202980794122492566142873090593446023921664
Q 8 220 -4360817185800133 89202980794122492566142873090593446023921664
Q 8 222 7084094195349671 22300745198530623141535718272648361505980416
Q 8 224 -4730883400480405 44601490397061246283071436545296723011960832
Q 8 226 -5044695028450479 178405961588244985132285746181186892047843328
Q 8 228 -8040112868976381 44601490397061246283071436545296723011960832
Q 8 230 6501029302839657 89202980794122492566142873090593446023921664
Q 8 232 418339163973223 2787593149816327892691964784081045188247552
Q 8 234 -7714395018780763 178405961588244985132285746181186892047843328
Q 8 236 -4605784364556127 44601490397061246283071436545296723011960832
Q 8 238 -118871088543867 2787593149816327892691964784081045188247552
Q 8 240 7255395148014423 44601490397061246283071436545296723011960832
Q 8 242 -5841069826471977 1427247692705959881058285969449495136382746624
Q 8 244 -5879579028173095 44601490397061246283071436545296723011960832
Q 8 246 662076150622749 44601490397061246283071436545296723011960832
Q 8 248 3046152052615629 22300745198530623141535718272648361505980416
Q 8 250 -6814876521308791 89202980794122492566142873090593446023921664
Q 8 252 -4227554778871737 44601490397061246283071436545296723011960832
Q 8 254 5941741496501947 44601490397061246283071436545296723011960832
Q 9 1 6826350449565839 72057594037927936
Q 9 3 -6598055890080569 36028797018963968
Q 9 5 3675018111092891 18014398509481984
Q 9 7 -2686259793481807 18014398509481984
Q 9 9 2815112075251345 72057594037927936
Q 9 11 1538507437232629 18014398509481984
Q 9 13 -3225871556545671 18014398509481984
Q 9 15 7525966590747507 36028797018963968
Q 9 17 -5958334781006675 36028797018963968
Q 9 19 2337570693486083 36028797018963968
Q 9 21 517965682959145 9007199254740992
Q 9 23 -2900037580871773 18014398509481984
Q 9 25 239760124733755 1125899906842624
Q 9 27 -1791065934778391 9007199254740992
Q 9 29 2254602312513815 18014398509481984
Q 9 31 -4432576559545485 288230376151711744
Q 9 33 -3554169089100249 36028797018963968
Q 9 35 6727368648564689 36028797018963968
Q 9 37 -2055839369591759 9007199254740992
Q 9 39 7789113077504991 36028797018963968
Q 9 41 -5646435182194465 36028797018963968
Q 9 43 4713416548184637 72057594037927936
Q 9 45 5486991709152575 144115188075855872
Q 9 47 -2434655778693339 18014398509481984
Q 9 49 7637716912374939 36028797018963968
Q 9 51 -4705263483248071 18014398509481984
Q 9 53 5073351561408803 18014398509481984
Q 9 55 -4989098583688311 18014398509481984
Q 9 57 1142191262884343 4503599627370496
Q 9 59 -1971954571836375 9007199254740992
Q 9 61 6469564191214517 36028797018963968
Q 9 63 -5069623938047109 36028797018963968
Q 9 65 3810767031107565 36028797018963968
Q 9 67 -5512545653186959 72057594037927936
Q 9 69 3845808970438065 72057594037927936
Q 9 71 -20257643393715 562949953421312
Q 9 73 6769347351525451 288230376151711744
Q 9 75 -8565053293346337 576460752303423488
Q 9 77 5258362143713825 576460752303423488
Q 9 79 -6271934057530037 1152921504606846976
Q 9 81 3636652009882715 1152921504606846976
Q 9 83 -8206831404112929 4611686018427387904
Q 9 85 2254086044212213 2305843009213693952
Q 9 87 -4825406805065753 9223372036854775808
Q 9 89 5034862165618185 18446744073709551616
Q 9 91 -5123674380032303 36893488147419103232
Q 9 93 5087650990302863 73786976294838206464
Q 9 95 -4931517730229819 147573952589676412928
Q 9 97 4668133065044331 295147905179352825856
Q 9 99 -1079207650924233 147573952589676412928
Q 9 101 975293229153697 295147905179352825856
Q 9 103 -6892928439138487 4722366482869645213696
Q 9 105 5954735248361431 9444732965739290427392
Q 9 107 -1257956658637119 4722366482869645213696
Q 9 109 4160171902962643 37778931862957161709568
Q 9 111 -6732266145217105 151115727451828646838272
Q 9 113 5332396069742909 302231454903657293676544
Q 9 115 -8270972701550047 1208925819614629174706176
Q 9 117 6282051221820291 2417851639229258349412352
Q 9 119 -2336957146611369 2417851639229258349412352
Q 9 121 6814194134219939 19342813113834066795298816
Q 9 123 -2433882343134459 19342813113834066795298816
Q 9 125 26627463494915 604462909807314587353088
Q 9 127 -2339516680540093 154742504910672534362390528
Q 9 129 1574588695365453 309485009821345068724781056
Q 9 131 -4157180274723541 2475880078570760549798248448
Q 9 133 5382763146735813 9903520314283042199192993792
Q 9 135 -1709339223246255 9903520314283042199192993792
Q 9 137 8521534085510871 158456325028528675187087900672
Q 9 139 -2605566156331199 158456325028528675187087900672
Q 9 141 390964893741853 79228162514264337593543950336
Q 9 143 -3685528150496593 2535301200456458802993406410752
Q 9 145 2131825256851373 5070602400912917605986812821504
Q 9 147 -2421617349841883 20282409603651670423947251286016
Q 9 149 1350710760011499 40564819207303340847894502572032
Q 9 151 -5919727944327623 649037107316853453566312041152512
Q 9 153 3185680306796221 1298074214633706907132624082305024
Q 9 155 -6737069725889405 10384593717069655257060992658440192
Q 9 157 3499811437643537 20769187434139310514121985316880384
Q 9 159 -893322602669177 20769187434139310514121985316880384
Q 9 161 3585638020917207 332306998946228968225951765070086144
Q 9 163 -884163336714239 332306998946228968225951765070086144
Q 9 165 6858490418389461 10633823966279326983230456482242756608
Q 9 167 -204322416105931 1329227995784915872903807060280344576
Q 9 169 766119444578757 21267647932558653966460912964485513216
Q 9 171 -88277231526985 10633823966279326983230456482242756608
Q 9 173 1280339704330635 680564733841876926926749214863536422912
Q 9 175 -2284176762501433 5444517870735015415413993718908291383296
Q 9 177 8040751301611163 87112285931760246646623899502532662132736
Q 9 179 -864181887718001 43556142965880123323311949751266331066368
Q 9 181 1352654451430243 348449143727040986586495598010130648530944
Q 9 183 -2597747014717815 2787593149816327892691964784081045188247552
Q 9 185 2674673108690283 89202980794122492566142873090593446023921664
Q 9 187 5647846779424491 44601490397061246283071436545296723011960832
Q 9 189 -6324102126794829 89202980794122492566142873090593446023921664
Q 9 191 -3458635254412409 11150372599265311570767859136324180752990208
Q 9 193 2233113964415621 89202980794122492566142873090593446023921664
Q 9 195 -1169726574331205 2787593149816327892691964784081045188247552
Q 9 197 -3356387571555033 11150372599265311570767859136324180752990208
Q 9 199 -2123107717125833 5575186299632655785383929568162090376495104
Q 9 201 -3849596856880663 5575186299632655785383929568162090376495104
Q 9 203 576277294395045 2787593149816327892691964784081045188247552
Q 9 205 -8161687950275129 22300745198530623141535718272648361505980416
Q 9 207 -7040854461530269 178405961588244985132285746181186892047843328
Q 9 209 2058174218498941 2787593149816327892691964784081045188247552
Q 9 211 -785193678244595 11150372599265311570767859136324180752990208
Q 9 213 6685265254761841 22300745198530623141535718272648361505980416
Q 9 215 -8530753017290767 44601490397061246283071436545296723011960832
Q 9 217 -8992479108406705 44601490397061246283071436545296723011960832
Q 9 219 -7825131705023853 22300745198530623141535718272648361505980416
Q 9 221 5304664697451985 11150372599265311570767859136324180752990208
Q 9 223 8301584974616767 178405961588244985132285746181186892047843328
Q 9 225 6748625640926575 44601490397061246283071436545296723011960832
Q 9 227 -4753739961222275 44601490397061246283071436545296723011960832
Q 9 229 -1229330878902045 2787593149816327892691964784081045188247552
Q 9 231 7928224695291175 22300745198530623141535718272648361505980416
Q 9 233 2890203230023025 178405961588244985132285746181186892047843328
Q 9 235 879516648556761 5575186299632655785383929568162090376495104
Q 9 237 -8074142695244123 22300745198530623141535718272648361505980416
Q 9 239 5593639141028649 178405961588244985132285746181186892047843328
Q 9 241 4886114648337313 22300745198530623141535718272648361505980416
Q 9 243 4189333578621285 89202980794122492566142873090593446023921664
Q 9 245 -5861187410635959 22300745198530623141535718272648361505980416
Q 9 247 2851715555225609 89202980794122492566142873090593446023921664
Q 9 249 2737693678022325 11150372599265311570767859136324180752990208
Q 9 251 -751258832080545 5575186299632655785383929568162090376495104
Q 9 253 -3901469010456629 22300745198530623141535718272648361505980416
Q 9 255 5412344001195581 22300745198530623141535718272648361505980416
Q 10 0 -391441213341179 2251799813685248
Q 10 2 4826266318287901 36028797018963968
Q 10 4 -2528594153907781 144115188075855872
Q 10 6 -1940105382252659 18014398509481984
Q 10 8 426417066542047 2251799813685248
Q 10 10 -6998015860779665 36028797018963968
Q 10 12 8710684725346667 72057594037927936
Q 10 14 5961362649511455 9223372036854775808
Q 10 16 -4394227106779747 36028797018963968
Q 10 18 441639929022459 2251799813685248
Q 10 20 -7054137113757205 36028797018963968
Q 10 22 8833601779278471 72057594037927936
Q 10 24 -693320693654639 144115188075855872
Q 10 26 -8263654481139247 72057594037927936
Q 10 28 7015714182609661 36028797018963968
Q 10 30 -7563109642173883 36028797018963968
Q 10 32 2840366183316299 18014398509481984
Q 10 34 -4089534840882607 72057594037927936
Q 10 36 -8780348189747811 144115188075855872
Q 10 38 5817992073274079 36028797018963968
Q 10 40 -1973189205088501 9007199254740992
Q 10 42 3995948937758169 18014398509481984
Q 10 44 -1555797908329535 9007199254740992
Q 10 46 6216498354865209 72057594037927936
Q 10 48 4980408431051073 288230376151711744
Q 10 50 -8483732694475677 72057594037927936
Q 10 52 3592669365806075 18014398509481984
Q 10 54 -285373883927407 1125899906842624
Q 10 56 5003533834600649 18014398509481984
Q 10 58 -4965045941802917 18014398509481984
Q 10 60 2284181674894483 9007199254740992
Q 10 62 -1975410434655833 9007199254740992
Q 10 64 3239456367233449 18014398509481984
Q 10 66 -5066879048384649 36028797018963968
Q 10 68 7591908160275071 72057594037927936
Q 10 70 -683307249478013 9007199254740992
Q 10 72 3792791875610121 72057594037927936
Q 10 74 -1270528257178133 36028797018963968
Q 10 76 3293412946362373 144115188075855872
Q 10 78 -8269483195625485 576460752303423488
Q 10 80 2517224047754085 288230376151711744
Q 10 82 -2975670146727219 576460752303423488
Q 10 84 6836550112803757 2305843009213693952
Q 10 86 -7637850914356189 4611686018427387904
Q 10 88 8304838013041249 9223372036854775808
Q 10 90 -2198561347928241 4611686018427387904
Q 10 92 2268652444926773 9223372036854775808
Q 10 94 -4564791130707111 36893488147419103232
Q 10 96 4479705205889653 73786976294838206464
Q 10 98 -4290211322084467 147573952589676412928
Q 10 100 4011337401733901 295147905179352825856
Q 10 102 -7326199679736797 1180591620717411303424
Q 10 104 3268240429931441 1180591620717411303424
Q 10 106 -2849913628019437 2361183241434822606848
Q 10 108 4859257423228753 9444732965739290427392
Q 10 110 -506417773518213 2361183241434822606848
Q 10 112 826060999798115 9444732965739290427392
Q 10 114 -2636978507816751 75557863725914323419136
Q 10 116 4119494146999681 302231454903657293676544
Q 10 118 -3150144522109379 604462909807314587353088
Q 10 120 2358838552730417 1208925819614629174706176
Q 10 122 -3459989523252995 4835703278458516698824704
Q 10 124 1242979759833571 4835703278458516698824704
Q 10 126 -7000618015058873 77371252455336267181195264
Q 10 128 4830242783296523 154742504910672534362390528
Q 10 130 -6533802240222323 618970019642690137449562112
Q 10 132 8665207141288607 2475880078570760549798248448
Q 10 134 -704314832564045 618970019642690137449562112
Q 10 136 7186810969870907 19807040628566084398385987584
Q 10 138 -2248027482822769 19807040628566084398385987584
Q 10 140 1379797702765375 39614081257132168796771975168
Q 10 142 -6648262370702369 633825300114114700748351602688
Q 10 144 3929783294603159 1267650600228229401496703205376
Q 10 146 -4560199629423969 5070602400912917605986812821504
Q 10 148 2597523316347145 10141204801825835211973625643008
Q 10 150 -726372622699475 10141204801825835211973625643008
Q 10 152 6383024976986601 324518553658426726783156020576256
Q 10 154 -6886238886152123 1298074214633706907132624082305024
Q 10 156 7297535201464537 5192296858534827628530496329220096
Q 10 158 -7597449698911591 20769187434139310514121985316880384
Q 10 160 3885838919972387 41538374868278621028243970633760768
Q 10 162 -7812207024833451 332306998946228968225951765070086144
Q 10 164 3858960496250303 664613997892457936451903530140172288
Q 10 166 -7494594535687779 5316911983139663491615228241121378304
Q 10 168 447146621580785 1329227995784915872903807060280344576
Q 10 170 -1678702544391689 21267647932558653966460912964485513216
Q 10 172 1549322236969301 85070591730234615865843651857942052864
Q 10 174 -702875995350729 170141183460469231731687303715884105728
Q 10 176 2506648635240147 2722258935367507707706996859454145691648
Q 10 178 -8872622041831181 43556142965880123323311949751266331066368
Q 10 180 4055393304208047 87112285931760246646623899502532662132736
Q 10 182 -8511209724629543 696898287454081973172991196020261297061888
Q 10 184 2145639667605163 1393796574908163946345982392040522594123776
Q 10 186 5292582607569543 11150372599265311570767859136324180752990208
Q 10 188 -1804049781331857 2787593149816327892691964784081045188247552
Q 10 190 -2290042385796457 5575186299632655785383929568162090376495104
Q 10 192 -3259775033376991 2787593149816327892691964784081045188247552
Q 10 194 -6393107921598721 44601490397061246283071436545296723011960832
Q 10 196 -7789785636414973 2787593149816327892691964784081045188247552
Q 10 198 -2824202073837451 696898287454081973172991196020261297061888
Q 10 200 -356408276711531 348449143727040986586495598010130648530944
Q 10 202 -3339013211712949 2787593149816327892691964784081045188247552
Q 10 204 -1763681008164927 696898287454081973172991196020261297061888
Q 10 206 4132386080918675 1393796574908163946345982392040522594123776
Q 10 208 163211079554795 87112285931760246646623899502532662132736
Q 10 210 8263613670566647 22300745198530623141535718272648361505980416
Q 10 212 7924851831998685 2787593149816327892691964784081045188247552
Q 10 214 -3639986828633773 1393796574908163946345982392040522594123776
Q 10 216 -8305647557064341 5575186299632655785383929568162090376495104
Q 10 218 -841359684566365 5575186299632655785383929568162090376495104
Q 10 220 -1852121231160837 2787593149816327892691964784081045188247552
Q 10 222 2894496836890235 696898287454081973172991196020261297061888
Q 10 224 -3925417649615387 2787593149816327892691964784081045188247552
Q 10 226 -3650120741378333 11150372599265311570767859136324180752990208
Q 10 228 -6532158737422029 2787593149816327892691964784081045188247552
Q 10 230 5225818347385557 5575186299632655785383929568162090376495104
Q 10 232 5417037205102649 2787593149816327892691964784081045188247552
Q 10 234 -1584939050706307 2787593149816327892691964784081045188247552
Q 10 236 -7377706304609227 5575186299632655785383929568162090376495104
Q 10 238 -1541964753893981 2787593149816327892691964784081045188247552
Q 10 240 91600171169853 43556142965880123323311949751266331066368
Q 10 242 -2447286737221843 44601490397061246283071436545296723011960832
Q 10 244 -1184767501696277 696898287454081973172991196020261297061888
Q 10 246 8514291144908145 44601490397061246283071436545296723011960832
Q 10 248 4915776345482285 2787593149816327892691964784081045188247552
Q 10 250 -5498458288861481 5575186299632655785383929568162090376495104
Q 10 252 -6819722166482699 5575186299632655785383929568162090376495104
Q 10 254 599091169953531 348449143727040986586495598010130648530944
Q 11 1 -7135747876918111 72057594037927936
Q 11 3 3315953790850257 18014398509481984
Q 11 5 -3368086997868001 18014398509481984
Q 11 7 1906793873321565 18014398509481984
Q 11 9 6555900869238701 288230376151711744
Q 11 11 -5094839840464495 36028797018963968
Q 11 13 7134384456939281 36028797018963968
Q 11 15 -6074518589246517 36028797018963968
Q 11 17 4818546043000627 72057594037927936
Q 11 19 4548351585017491 72057594037927936
Q 11 21 -6014508610901347 36028797018963968
Q 11 23 7308338391958239 36028797018963968
Q 11 25 -5694549831116969 36028797018963968
Q 11 27 7482675454542401 144115188075855872
Q 11 29 2659594031910559 36028797018963968
Q 11 31 -3108141572807429 18014398509481984
Q 11 33 3786441785899347 18014398509481984
Q 11 35 -793439673412083 4503599627370496
Q 11 37 6090892842405707 72057594037927936
Q 11 39 2417218454429169 72057594037927936
Q 11 41 -2551780095881709 18014398509481984
Q 11 43 7564537870556239 36028797018963968
Q 11 45 -501785845833831 2251799813685248
Q 11 47 1629002721790455 9007199254740992
Q 11 49 -7040776245901581 72057594037927936
Q 11 51 -6662987781464297 1152921504606846976
Q 11 53 974426402943027 9007199254740992
Q 11 55 -6936259925411423 36028797018963968
Q 11 57 4483798533417261 18014398509481984
Q 11 59 -4949689817401215 18014398509481984
Q 11 61 2462243638982779 9007199254740992
Q 11 63 -2264926030325373 9007199254740992
Q 11 65 1954313145678961 9007199254740992
Q 11 67 -6385440024170149 36028797018963968
Q 11 69 1242198021370243 9007199254740992
Q 11 71 -3700081936741705 36028797018963968
Q 11 73 661468280064743 9007199254740992
Q 11 75 -7287112335615899 144115188075855872
Q 11 77 605205778679429 18014398509481984
Q 11 79 -3109687215703591 144115188075855872
Q 11 81 120852501019155 9007199254740992
Q 11 83 -2331053694206015 288230376151711744
Q 11 85 5454101706760563 1152921504606846976
Q 11 87 -6197898291781921 2305843009213693952
Q 11 89 855899407617853 576460752303423488
Q 11 91 -7359604347922831 9223372036854775808
Q 11 93 7701274318196811 18446744073709551616
Q 11 95 -7850581149245265 36893488147419103232
Q 11 97 975041205081863 9223372036854775808
Q 11 99 -59048180781969 1152921504606846976
Q 11 101 3572607527118633 147573952589676412928
Q 11 103 -3296606191191101 295147905179352825856
Q 11 105 1485170029949115 295147905179352825856
Q 11 107 -2614359830797305 1180591620717411303424
Q 11 109 8994087377838163 9444732965739290427392
Q 11 111 -7561444658198141 18889465931478580854784
Q 11 113 6215894564047747 37778931862957161709568
Q 11 115 -4997832485145911 75557863725914323419136
Q 11 117 7863039228935041 302231454903657293676544
Q 11 119 -6053206940015711 604462909807314587353088
Q 11 121 71273367842859 18889465931478580854784
Q 11 123 -6731179136150261 4835703278458516698824704
Q 11 125 2431914717541621 4835703278458516698824704
Q 11 127 -3442674301311489 19342813113834066795298816
Q 11 129 1193733554801335 19342813113834066795298816
Q 11 131 -6490120960989389 309485009821345068724781056
Q 11 133 8646475374014669 1237940039285380274899124224
Q 11 135 -2823257333681609 1237940039285380274899124224
Q 11 137 3615665934632059 4951760157141521099596496896
Q 11 139 -2270605114687419 9903520314283042199192993792
Q 11 141 5594703756409695 79228162514264337593543950336
Q 11 143 -6762064744575673 316912650057057350374175801344
Q 11 145 8019565942290641 1267650600228229401496703205376
Q 11 147 -4666942083893487 2535301200456458802993406410752
Q 11 149 1332885714646825 2535301200456458802993406410752
Q 11 151 -2989645158382007 20282409603651670423947251286016
Q 11 153 6583977806153811 162259276829213363391578010288128
Q 11 155 -7119235020750757 649037107316853453566312041152512
Q 11 157 7560446438173093 2596148429267413814265248164610048
Q 11 159 -7886644395869205 10384593717069655257060992658440192
Q 11 161 4041086302504391 20769187434139310514121985316880384
Q 11 163 -8137933936406907 166153499473114484112975882535043072
Q 11 165 2013019858078969 166153499473114484112975882535043072
Q 11 167 -7830086104349667 2658455991569831745807614120560689152
Q 11 169 7484211587055319 10633823966279326983230456482242756608
Q 11 171 -1758058358309375 10633823966279326983230456482242756608
Q 11 173 3247858745684699 85070591730234615865843651857942052864
Q 11 175 -2950514407087147 340282366920938463463374607431768211456
Q 11 177 2639486676388077 1361129467683753853853498429727072845824
Q 11 179 -4622913337037947 10889035741470030830827987437816582766592
Q 11 181 7655396351562811 87112285931760246646623899502532662132736
Q 11 183 -7121751555909079 348449143727040986586495598010130648530944
Q 11 185 3616430315283721 1393796574908163946345982392040522594123776
Q 11 187 6394726178473569 11150372599265311570767859136324180752990208
Q 11 189 -8680402007972731 22300745198530623141535718272648361505980416
Q 11 191 -5694104418553795 1393796574908163946345982392040522594123776
Q 11 193 4127793840113377 5575186299632655785383929568162090376495104
Q 11 195 -1877560995965075 348449143727040986586495598010130648530944
Q 11 197 -4312658371482903 1393796574908163946345982392040522594123776
Q 11 199 -6652985605454067 1393796574908163946345982392040522594123776
Q 11 201 -2753664858400019 348449143727040986586495598010130648530944
Q 11 203 818429577147165 348449143727040986586495598010130648530944
Q 11 205 -2911672996906127 696898287454081973172991196020261297061888
Q 11 207 -8952797882439443 22300745198530623141535718272648361505980416
Q 11 209 6024246961983801 696898287454081973172991196020261297061888
Q 11 211 -2797460901098963 2787593149816327892691964784081045188247552
Q 11 213 1271340787015695 348449143727040986586495598010130648530944
Q 11 215 -3458972374386347 1393796574908163946345982392040522594123776
Q 11 217 -2988557328606733 1393796574908163946345982392040522594123776
Q 11 219 -6004468493129385 1393796574908163946345982392040522594123776
Q 11 221 7749747466207737 1393796574908163946345982392040522594123776
Q 11 223 1695354232077525 2787593149816327892691964784081045188247552
Q 11 225 4797113229055693 2787593149816327892691964784081045188247552
Q 11 227 -6374341845990905 5575186299632655785383929568162090376495104
Q 11 229 -7343865552543997 1393796574908163946345982392040522594123776
Q 11 231 5989582666945189 1393796574908163946345982392040522594123776
Q 11 233 5144832561212153 44601490397061246283071436545296723011960832
Q 11 235 2638436407901401 1393796574908163946345982392040522594123776
Q 11 237 -742016854750673 174224571863520493293247799005065324265472
Q 11 239 2187470330956687 5575186299632655785383929568162090376495104
Q 11 241 3583066509028207 1393796574908163946345982392040522594123776
Q 11 243 6142846794186529 11150372599265311570767859136324180752990208
Q 11 245 -2143849871310591 696898287454081973172991196020261297061888
Q 11 247 8353075476374473 22300745198530623141535718272648361505980416
Q 11 249 8019779078042801 2787593149816327892691964784081045188247552
Q 11 251 -4401709666987803 2787593149816327892691964784081045188247552
Q 11 253 -5711711582298465 2787593149816327892691964784081045188247552
Q 11 255 3962228206131633 1393796574908163946345982392040522594123776
Q 12 0 748023783551587 4503599627370496
Q 12 2 -2110872831564371 18014398509481984
Q 12 4 -5721730224278307 576460752303423488
Q 12 6 1205884091848187 9007199254740992
Q 12 8 -6960482032742139 36028797018963968
Q 12 10 716747025932833 4503599627370496
Q 12 12 -3505720596595447 72057594037927936
Q 12 14 -1532180117356953 18014398509481984
Q 12 16 1610322517529131 9007199254740992
Q 12 18 -6827416715752247 36028797018963968
Q 12 20 4090014505368101 36028797018963968
Q 12 22 7795755163963689 576460752303423488
Q 12 24 -4849920153733859 36028797018963968
Q 12 26 3559273200566213 18014398509481984
Q 12 28 -1596423980365009 9007199254740992
Q 12 30 6060675827797453 72057594037927936
Q 12 32 3067861073492457 72057594037927936
Q 12 34 -5505758569410923 36028797018963968
Q 12 36 7424462062685807 36028797018963968
Q 12 38 -6679808844835021 36028797018963968
Q 12 40 7278035365290107 72057594037927936
Q 12 42 1190459196519945 72057594037927936
Q 12 44 -2322102269440651 18014398509481984
Q 12 46 3664006646217169 18014398509481984
Q 12 48 -7991037119761113 36028797018963968
Q 12 50 825276426225291 4503599627370496
Q 12 52 -7297652603065883 72057594037927936
Q 12 54 -1505611028395131 576460752303423488
Q 12 56 3818703090873531 36028797018963968
Q 12 58 -1720880170033401 9007199254740992
Q 12 60 8917304902647299 36028797018963968
Q 12 62 -4913815513487867 18014398509481984
Q 12 64 4870771919052967 18014398509481984
Q 12 66 -278599525876675 1125899906842624
Q 12 68 238903447397583 1125899906842624
Q 12 70 -3100185277937527 18014398509481984
Q 12 72 2393427166992747 18014398509481984
Q 12 74 -7068372781111269 72057594037927936
Q 12 76 2504175011380673 36028797018963968
Q 12 78 -3415103610222171 72057594037927936
Q 12 80 8984032462168919 288230376151711744
Q 12 82 -5709137644588653 288230376151711744
Q 12 84 7021934128615539 576460752303423488
Q 12 86 -8368865814632153 1152921504606846976
Q 12 88 2418962586595739 576460752303423488
Q 12 90 -2715760771995089 1152921504606846976
Q 12 92 5926531331688357 4611686018427387904
Q 12 94 -1572432429956819 2305843009213693952
Q 12 96 3248530642730791 9223372036854775808
Q 12 98 -6536239093107261 36893488147419103232
Q 12 100 6407857115440601 73786976294838206464
Q 12 102 -3062447447791629 73786976294838206464
Q 12 104 5710766132251589 295147905179352825856
Q 12 106 -2598144898695211 295147905179352825856
Q 12 108 2308050445047947 590295810358705651712
Q 12 110 -4005049230896689 2361183241434822606848
Q 12 112 6790131344161535 9444732965739290427392
Q 12 114 -5625666439968891 18889465931478580854784
Q 12 116 4556848889555049 37778931862957161709568
Q 12 118 -7219581011569271 151115727451828646838272
Q 12 120 5594757103803511 302231454903657293676544
Q 12 122 -4242495890624397 604462909807314587353088
Q 12 124 1574403937438499 604462909807314587353088
Q 12 126 -4576084413442649 4835703278458516698824704
Q 12 128 203511567654189 604462909807314587353088
Q 12 130 -4538906268084939 38685626227668133590597632
Q 12 132 3099249332498335 77371252455336267181195264
Q 12 134 -8294831294367675 618970019642690137449562112
Q 12 136 5439684465045551 1237940039285380274899124224
Q 12 138 -3497045888593917 2475880078570760549798248448
Q 12 140 1102158450987413 2475880078570760549798248448
Q 12 142 -681306998421009 4951760157141521099596496896
Q 12 144 3304733300255929 79228162514264337593543950336
Q 12 146 -3931435693263989 316912650057057350374175801344
Q 12 148 71703686054767 19807040628566084398385987584
Q 12 150 -1314194505829685 1267650600228229401496703205376
Q 12 152 5910391841323135 20282409603651670423947251286016
Q 12 154 -6523492820040033 81129638414606681695789005144064
Q 12 156 3534667671062591 162259276829213363391578010288128
Q 12 158 -1880689659035497 324518553658426726783156020576256
Q 12 160 7862126456800761 5192296858534827628530496329220096
Q 12 162 -8071050549579063 20769187434139310514121985316880384
Q 12 164 508731633009767 5192296858534827628530496329220096
Q 12 166 -8065579590388191 332306998946228968225951765070086144
Q 12 168 7853610539623439 1329227995784915872903807060280344576
Q 12 170 -7515826428304191 5316911983139663491615228241121378304
Q 12 172 7070029442849343 21267647932558653966460912964485513216
Q 12 174 -6536791141898575 85070591730234615865843651857942052864
Q 12 176 5939887418009495 340282366920938463463374607431768211456
Q 12 178 -2667839232297449 680564733841876926926749214863536422912
Q 12 180 2416402909644585 2722258935367507707706996859454145691648
Q 12 182 -591072237678277 2722258935367507707706996859454145691648
Q 12 184 3199346364981635 87112285931760246646623899502532662132736
Q 12 186 -4681935056685195 1393796574908163946345982392040522594123776
Q 12 188 -4935704791508481 1393796574908163946345982392040522594123776
Q 12 190 -4835157647815399 696898287454081973172991196020261297061888
Q 12 192 -6222608993727677 696898287454081973172991196020261297061888
Q 12 194 -372903633188013 87112285931760246646623899502532662132736
Q 12 196 -2256202580576567 87112285931760246646623899502532662132736
Q 12 198 -7545597476049563 174224571863520493293247799005065324265472
Q 12 200 -932058677905301 87112285931760246646623899502532662132736
Q 12 202 -2111118454288147 174224571863520493293247799005065324265472
Q 12 204 -4654232948364627 174224571863520493293247799005065324265472
Q 12 206 5431154527775185 174224571863520493293247799005065324265472
Q 12 208 3458068700048255 174224571863520493293247799005065324265472
Q 12 210 4891376541966833 1393796574908163946345982392040522594123776
Q 12 212 651085739500511 21778071482940061661655974875633165533184
Q 12 214 -2342596741526279 87112285931760246646623899502532662132736
Q 12 216 -2801612944963397 174224571863520493293247799005065324265472
Q 12 218 -6296123073950483 5575186299632655785383929568162090376495104
Q 12 220 -5065995187749313 696898287454081973172991196020261297061888
Q 12 222 7564970904708087 174224571863520493293247799005065324265472
Q 12 224 -5208793464445595 348449143727040986586495598010130648530944
Q 12 226 -4296772127092437 1393796574908163946345982392040522594123776
Q 12 228 -4282937240328867 174224571863520493293247799005065324265472
Q 12 230 1732765461950995 174224571863520493293247799005065324265472
Q 12 232 3476560288899317 174224571863520493293247799005065324265472
Q 12 234 -123672948899993 21778071482940061661655974875633165533184
Q 12 236 -4835453727339435 348449143727040986586495598010130648530944
Q 12 238 -1988243700393787 348449143727040986586495598010130648530944
Q 12 240 7622330116527781 348449143727040986586495598010130648530944
Q 12 242 -6267032466171475 11150372599265311570767859136324180752990208
Q 12 244 -6157771426866851 348449143727040986586495598010130648530944
Q 12 246 5534593414099265 2787593149816327892691964784081045188247552
Q 12 248 3194507596883053 174224571863520493293247799005065324265472
Q 12 250 -7144717286785457 696898287454081973172991196020261297061888
Q 12 252 -8862403057824327 696898287454081973172991196020261297061888
Q 12 254 6228125543106671 348449143727040986586495598010130648530944
Q 13 1 1850532759648393 18014398509481984
Q 13 3 -3302931274238505 18014398509481984
Q 13 5 6052522177776025 36028797018963968
Q 13 7 -1154600852613595 18014398509481984
Q 13 9 -5306130241519569 72057594037927936
Q 13 11 6240015600982459 36028797018963968
Q 13 13 -3302530443679153 18014398509481984
Q 13 15 7178298857836101 72057594037927936
Q 13 17 4977961387562177 144115188075855872
Q 13 19 -5457156602789333 36028797018963968
Q 13 21 6983409136548781 36028797018963968
Q 13 23 -5128245387908781 36028797018963968
Q 13 25 6685155336637593 288230376151711744
Q 13 27 961552228729817 9007199254740992
Q 13 29 -6778554899446951 36028797018963968
Q 13 31 6704425282553305 36028797018963968
Q 13 33 -3738264944929459 36028797018963968
Q 13 35 -3167884920838885 144115188075855872
Q 13 37 625235988394489 4503599627370496
Q 13 39 -1815291196959655 9007199254740992
Q 13 41 850050985085143 4503599627370496
Q 13 43 -7804584654097447 72057594037927936
Q 13 45 -2625404158094303 288230376151711744
Q 13 47 8904965317205411 72057594037927936
Q 13 49 -3609344588523099 18014398509481984
Q 13 51 3961507690110143 18014398509481984
Q 13 53 -6524278159230477 36028797018963968
Q 13 55 3530728258402749 36028797018963968
Q 13 57 7965963821612911 1152921504606846976
Q 13 59 -7957643708885719 72057594037927936
Q 13 61 875733360006303 4503599627370496
Q 13 63 -8964865676168599 36028797018963968
Q 13 65 305664446794685 1125899906842624
Q 13 67 -4801668387257863 18014398509481984
Q 13 69 4352302447300593 18014398509481984
Q 13 71 -7391013734297433 36028797018963968
Q 13 73 5933583155849279 36028797018963968
Q 13 75 -4532741906046215 36028797018963968
Q 13 77 103443737393989 1125899906842624
Q 13 79 -4638309230325013 72057594037927936
Q 13 81 3126235039005271 72057594037927936
Q 13 83 -2031614491580619 72057594037927936
Q 13 85 2550643251662619 144115188075855872
Q 13 87 -6196117184089287 576460752303423488
Q 13 89 3645313528616073 576460752303423488
Q 13 91 -4159887474196453 1152921504606846976
Q 13 93 4608541956386513 2305843009213693952
Q 13 95 -4960940668088471 4611686018427387904
Q 13 97 5193075933039817 9223372036854775808
Q 13 99 -5289960474424101 18446744073709551616
Q 13 101 5247169474516925 36893488147419103232
Q 13 103 -5071024357379599 73786976294838206464
Q 13 105 2388724559213103 73786976294838206464
Q 13 107 -4389749625189975 295147905179352825856
Q 13 109 7871443544264475 1180591620717411303424
Q 13 111 -1722280009623117 590295810358705651712
Q 13 113 2944010933849641 2361183241434822606848
Q 13 115 -2458114786461093 4722366482869645213696
Q 13 117 8022933228936915 37778931862957161709568
Q 13 119 -6399634303353537 75557863725914323419136
Q 13 121 4991868123201031 151115727451828646838272
Q 13 123 -952193371415511 75557863725914323419136
Q 13 125 2843434297197423 604462909807314587353088
Q 13 127 -8310239398987091 4835703278458516698824704
Q 13 129 1486029213717977 2417851639229258349412352
Q 13 131 -8326473204219665 38685626227668133590597632
Q 13 133 5711852917056217 77371252455336267181195264
Q 13 135 -3838516541431245 154742504910672534362390528
Q 13 137 631909660987697 77371252455336267181195264
Q 13 139 -1631259649939025 618970019642690137449562112
Q 13 141 4127965138001309 4951760157141521099596496896
Q 13 143 -5120934474700009 19807040628566084398385987584
Q 13 145 6229819591332119 79228162514264337593543950336
Q 13 147 -7433529891243849 316912650057057350374175801344
Q 13 149 8701339154795279 1267650600228229401496703205376
Q 13 151 -2498413670778865 1267650600228229401496703205376
Q 13 153 5631883428907101 10141204801825835211973625643008
Q 13 155 -6230257215091357 40564819207303340847894502572032
Q 13 157 6765835739862825 162259276829213363391578010288128
Q 13 159 -7213873739372073 649037107316853453566312041152512
Q 13 161 3776453317888379 1298074214633706907132624082305024
Q 13 163 -7766467820869499 10384593717069655257060992658440192
Q 13 165 7844414902899775 41538374868278621028243970633760768
Q 13 167 -7783727648977673 166153499473114484112975882535043072
Q 13 169 3794340286385677 332306998946228968225951765070086144
Q 13 171 -1817572344118987 664613997892457936451903530140172288
Q 13 173 3422575010473845 5316911983139663491615228241121378304
Q 13 175 -6335583080323801 42535295865117307932921825928971026432
Q 13 177 5768697595390193 170141183460469231731687303715884105728
Q 13 179 -5150230818532211 680564733841876926926749214863536422912
Q 13 181 276959085063845 170141183460469231731687303715884105728
Q 13 183 -500066525728579 1361129467683753853853498429727072845824
Q 13 185 1361507084425319 21778071482940061661655974875633165533184
Q 13 187 -6658486354915835 5575186299632655785383929568162090376495104
Q 13 189 -394509420938399 87112285931760246646623899502532662132736
Q 13 191 -6321834053896651 174224571863520493293247799005065324265472
Q 13 193 7399246356119249 2787593149816327892691964784081045188247552
Q 13 195 -8260226941531923 174224571863520493293247799005065324265472
Q 13 197 -173639892641503 5444517870735015415413993718908291383296
Q 13 199 -7825256245145659 174224571863520493293247799005065324265472
Q 13 201 -3224002655262977 43556142965880123323311949751266331066368
Q 13 203 7553445535451187 348449143727040986586495598010130648530944
Q 13 205 -7108183604600763 174224571863520493293247799005065324265472
Q 13 207 -5985169188742703 1393796574908163946345982392040522594123776
Q 13 209 7256178419177311 87112285931760246646623899502532662132736
Q 13 211 -5926176285888655 696898287454081973172991196020261297061888
Q 13 213 5848992728926391 174224571863520493293247799005065324265472
Q 13 215 -7709014528181117 348449143727040986586495598010130648530944
Q 13 217 -7681935789084529 348449143727040986586495598010130648530944
Q 13 219 -217876633162027 5444517870735015415413993718908291383296
Q 13 221 4618347762555645 87112285931760246646623899502532662132736
Q 13 223 8128776168930553 1393796574908163946345982392040522594123776
Q 13 225 1407415251446193 87112285931760246646623899502532662132736
Q 13 227 -7680778937846921 696898287454081973172991196020261297061888
Q 13 229 -1106065405829431 21778071482940061661655974875633165533184
Q 13 231 7156190957376837 174224571863520493293247799005065324265472
Q 13 233 6385880204512833 5575186299632655785383929568162090376495104
Q 13 235 3189511109530727 174224571863520493293247799005065324265472
Q 13 237 -7148193718702457 174224571863520493293247799005065324265472
Q 13 239 5450414801375553 1393796574908163946345982392040522594123776
Q 13 241 2137078198971099 87112285931760246646623899502532662132736
Q 13 243 7475636705274359 1393796574908163946345982392040522594123776
Q 13 245 -2577889802250525 87112285931760246646623899502532662132736
Q 13 247 2516555154316849 696898287454081973172991196020261297061888
Q 13 249 2403090404589409 87112285931760246646623899502532662132736
Q 13 251 -659566024374103 43556142965880123323311949751266331066368
Q 13 253 -6851717314309351 348449143727040986586495598010130648530944
Q 13 255 148521405846815 5444517870735015415413993718908291383296
Q 14 0 -5754560758119299 36028797018963968
Q 14 2 7374198337619673 72057594037927936
Q 14 4 603564840735051 18014398509481984
Q 14 6 -5483007545045035 36028797018963968
Q 14 8 1671688025573057 9007199254740992
Q 14 10 -2071451328412453 18014398509481984
Q 14 12 -5696171313246703 288230376151711744
Q 14 14 1293949937148251 9007199254740992
Q 14 16 -3403180775541239 18014398509481984
Q 14 18 2375484645317803 18014398509481984
Q 14 20 -4959558879185167 1152921504606846976
Q 14 22 -4523204456010267 36028797018963968
Q 14 24 6857010072344355 36028797018963968
Q 14 26 -89071046218441 562949953421312
Q 14 28 850122081971415 18014398509481984
Q 14 30 3129754928167587 36028797018963968
Q 14 32 -1617458913107577 9007199254740992
Q 14 34 6811112690580383 36028797018963968
Q 14 36 -8172966923954013 72057594037927936
Q 14 38 -6714994222686065 576460752303423488
Q 14 40 4749267223002309 36028797018963968
Q 14 42 -7154679619891741 36028797018963968
Q 14 44 1695004570715007 9007199254740992
Q 14 46 -7777517874853807 72057594037927936
Q 14 48 -6003161945983077 576460752303423488
Q 14 50 141058745788675 1125899906842624
Q 14 52 -3617182229761649 18014398509481984
Q 14 54 3915440001922581 18014398509481984
Q 14 56 -6295829395186155 36028797018963968
Q 14 58 3186789515623159 36028797018963968
Q 14 60 5165504604196391 288230376151711744
Q 14 62 -4346973262333415 36028797018963968
Q 14 64 908981775713475 4503599627370496
Q 14 66 -4541299418681631 18014398509481984
Q 14 68 4869859013257867 18014398509481984
Q 14 70 -2355674571001639 9007199254740992
Q 14 72 2106294929465335 9007199254740992
Q 14 74 -1765036964677857 9007199254740992
Q 14 76 2797351975588867 18014398509481984
Q 14 78 -8437284602427997 72057594037927936
Q 14 80 3040751154924965 36028797018963968
Q 14 82 -8409565845799121 144115188075855872
Q 14 84 5592723118987915 144115188075855872
Q 14 86 -3585548451253861 144115188075855872
Q 14 88 8880328803570663 576460752303423488
Q 14 90 -1329646783259769 144115188075855872
Q 14 92 1542632186328155 288230376151711744
Q 14 94 -6941855278099319 2305843009213693952
Q 14 96 947550402787587 576460752303423488
Q 14 98 -4020952138880793 4611686018427387904
Q 14 100 4147535937403189 9223372036854775808
Q 14 102 -8325039762196317 36893488147419103232
Q 14 104 8134642907420177 73786976294838206464
Q 14 106 -7743423300949743 147573952589676412928
Q 14 108 3592319087302329 147573952589676412928
Q 14 110 -6500861183660805 590295810358705651712
Q 14 112 2869470095908135 590295810358705651712
Q 14 114 -4945088482760447 2361183241434822606848
Q 14 116 8321515659373809 9444732965739290427392
Q 14 118 -3419718608425713 9444732965739290427392
Q 14 120 171657094950021 1180591620717411303424
Q 14 122 -4312427182971559 75557863725914323419136
Q 14 124 3310457060721081 151115727451828646838272
Q 14 126 -4971309244255553 604462909807314587353088
Q 14 128 1826015384281863 604462909807314587353088
Q 14 130 -328199088153947 302231454903657293676544
Q 14 132 3695666813610957 9671406556917033397649408
Q 14 134 -636677194429541 4835703278458516698824704
Q 14 136 3437564905976245 77371252455336267181195264
Q 14 138 -2272729852664383 154742504910672534362390528
Q 14 140 5889201968305691 1237940039285380274899124224
Q 14 142 -7477903596329031 4951760157141521099596496896
Q 14 144 1163450638571613 2475880078570760549798248448
Q 14 146 -1419801720807769 9903520314283042199192993792
Q 14 148 3398156181962751 79228162514264337593543950336
Q 14 150 -3988564383592753 316912650057057350374175801344
Q 14 152 1148145357580891 316912650057057350374175801344
Q 14 154 -5188493220998075 5070602400912917605986812821504
Q 14 156 5752343823568991 20282409603651670423947251286016
Q 14 158 -3129757809662005 40564819207303340847894502572032
Q 14 160 6686520669789025 324518553658426726783156020576256
Q 14 162 -1753205190009373 324518553658426726783156020576256
Q 14 164 7222478172449313 5192296858534827628530496329220096
Q 14 166 -7305444024008843 20769187434139310514121985316880384
Q 14 168 7258359972820859 83076749736557242056487941267521536
Q 14 170 -7084845001353887 332306998946228968225951765070086144
Q 14 172 424685499889933 83076749736557242056487941267521536
Q 14 174 -6403552438149853 5316911983139663491615228241121378304
Q 14 176 5929415232595907 21267647932558653966460912964485513216
Q 14 178 -2705348964188969 42535295865117307932921825928971026432
Q 14 180 4916319297227621 340282366920938463463374607431768211456
Q 14 182 -1149996555592311 340282366920938463463374607431768211456
Q 14 184 7041323807378365 10889035741470030830827987437816582766592
Q 14 186 -346413677005603 5444517870735015415413993718908291383296
Q 14 188 -6668608638202779 174224571863520493293247799005065324265472
Q 14 190 -1746598637404705 43556142965880123323311949751266331066368
Q 14 192 -4427982478689809 43556142965880123323311949751266331066368
Q 14 194 -5033765180902777 348449143727040986586495598010130648530944
Q 14 196 -1307180480005221 5444517870735015415413993718908291383296
Q 14 198 -4119509475461521 10889035741470030830827987437816582766592
Q 14 200 -7618285268645213 87112285931760246646623899502532662132736
Q 14 202 -4678614169505207 43556142965880123323311949751266331066368
Q 14 204 -5168788381305971 21778071482940061661655974875633165533184
Q 14 206 6139300167007471 21778071482940061661655974875633165533184
Q 14 208 7076015342543069 43556142965880123323311949751266331066368
Q 14 210 6111464763355017 174224571863520493293247799005065324265472
Q 14 212 5496941591553559 21778071482940061661655974875633165533184
Q 14 214 -5045670410853591 21778071482940061661655974875633165533184
Q 14 216 -6032202913239519 43556142965880123323311949751266331066368
Q 14 218 -7142057659804211 696898287454081973172991196020261297061888
Q 14 220 -662512751835569 10889035741470030830827987437816582766592
Q 14 222 8066518194020309 21778071482940061661655974875633165533184
Q 14 224 -2683407035359515 21778071482940061661655974875633165533184
Q 14 226 -1607470257666755 43556142965880123323311949751266331066368
Q 14 228 -1110643264548069 5444517870735015415413993718908291383296
Q 14 230 7015322880474573 87112285931760246646623899502532662132736
Q 14 232 1934762114223565 10889035741470030830827987437816582766592
Q 14 234 -2289950213459575 43556142965880123323311949751266331066368
Q 14 236 -2554040713547885 21778071482940061661655974875633165533184
Q 14 238 -8842857952081817 174224571863520493293247799005065324265472
Q 14 240 2065409881800783 10889035741470030830827987437816582766592
Q 14 242 -7639984308833515 1393796574908163946345982392040522594123776
Q 14 244 -1658928251685427 10889035741470030830827987437816582766592
Q 14 246 739411775630933 43556142965880123323311949751266331066368
Q 14 248 1722378321544451 10889035741470030830827987437816582766592
Q 14 250 -3853772448409141 43556142965880123323311949751266331066368
Q 14 252 -4778194090205045 43556142965880123323311949751266331066368
Q 14 254 1679150362183109 10889035741470030830827987437816582766592
Q 15 1 -954477514633595 9007199254740992
Q 15 3 6533694029985989 36028797018963968
Q 15 5 -5327023673754201 36028797018963968
Q 15 7 7200026673921087 288230376151711744
Q 15 9 8157430831992607 72057594037927936
Q 15 11 -1656611176697741 9007199254740992
Q 15 13 2621186103739979 18014398509481984
Q 15 15 -6167287800192859 288230376151711744
Q 15 17 -2075669735563955 18014398509481984
Q 15 19 3340281408602691 18014398509481984
Q 15 21 -5406564256496303 36028797018963968
Q 15 23 8785895112063511 288230376151711744
Q 15 25 238557999728675 2251799813685248
Q 15 27 -1665438951828897 9007199254740992
Q 15 29 23293856056985 140737488355328
Q 15 31 -8642312039175225 144115188075855872
Q 15 33 -2740540999900025 36028797018963968
Q 15 35 196381167389763 1125899906842624
Q 15 37 -1700385245360885 9007199254740992
Q 15 39 8285161340667655 72057594037927936
Q 15 41 3097994790854447 288230376151711744
Q 15 43 -593565972346167 4503599627370496
Q 15 45 7122957685929271 36028797018963968
Q 15 47 -830466717341551 4503599627370496
Q 15 49 7252708146103145 72057594037927936
Q 15 51 176529593294303 9007199254740992
Q 15 53 -4796814933151613 36028797018963968
Q 15 55 7345600578976641 36028797018963968
Q 15 57 -7693263448595173 36028797018963968
Q 15 59 2954727494447273 18014398509481984
Q 15 61 -5253291580521357 72057594037927936
Q 15 63 -5035578140836431 144115188075855872
Q 15 65 4887050181992455 36028797018963968
Q 15 67 -3821031653794359 18014398509481984
Q 15 69 4617481612804743 18014398509481984
Q 15 71 -4838267955742289 18014398509481984
Q 15 73 4592294309487781 18014398509481984
Q 15 75 -504557328607005 2251799813685248
Q 15 77 6657091057515321 36028797018963968
Q 15 79 -5194149917988981 36028797018963968
Q 15 81 7715074184025389 72057594037927936
Q 15 83 -5477904944345001 72057594037927936
Q 15 85 233194495989455 4503599627370496
Q 15 87 -1222215920520513 36028797018963968
Q 15 89 3087537944854837 144115188075855872
Q 15 91 -1883082896961527 144115188075855872
Q 15 93 4443296300186247 576460752303423488
Q 15 95 -158653986464031 36028797018963968
Q 15 97 2812241423114089 1152921504606846976
Q 15 99 -755954827297255 576460752303423488
Q 15 101 6316798193085205 9223372036854775808
Q 15 103 -1603620655068265 4611686018427387904
Q 15 105 396069258110889 2305843009213693952
Q 15 107 -6094920161716343 73786976294838206464
Q 15 109 2855093525525841 73786976294838206464
Q 15 111 -325877933663819 18446744073709551616
Q 15 113 4642591048106103 590295810358705651712
Q 15 115 -15753226970967 4611686018427387904
Q 15 117 6838185122894851 4722366482869645213696
Q 15 119 -5660710335955611 9444732965739290427392
Q 15 121 4577151026673329 18889465931478580854784
Q 15 123 -7232685626233589 75557863725914323419136
Q 15 125 5585616368690773 151115727451828646838272
Q 15 127 -8435466544726895 604462909807314587353088
Q 15 129 6229969239286771 1208925819614629174706176
Q 15 131 -9003003358035195 4835703278458516698824704
Q 15 133 198940781606181 302231454903657293676544
Q 15 135 -8812922256483275 38685626227668133590597632
Q 15 137 5972771737130925 77371252455336267181195264
Q 15 139 -7928798618536475 309485009821345068724781056
Q 15 141 2577661993275947 309485009821345068724781056
Q 15 143 -6568701170547747 2475880078570760549798248448
Q 15 145 8202428008794417 9903520314283042199192993792
Q 15 147 -5020025756445797 19807040628566084398385987584
Q 15 149 6024462250884137 79228162514264337593543950336
Q 15 151 -1772453849097041 79228162514264337593543950336
Q 15 153 4091746849323667 633825300114114700748351602688
Q 15 155 -72393615521929 39614081257132168796771975168
Q 15 157 5147514716881449 10141204801825835211973625643008
Q 15 159 -5612248779116631 40564819207303340847894502572032
Q 15 161 6005819732451475 162259276829213363391578010288128
Q 15 163 -6309223953690361 649037107316853453566312041152512
Q 15 165 203361252363111 81129638414606681695789005144064
Q 15 167 -3295624772718733 5192296858534827628530496329220096
Q 15 169 1639200025189965 10384593717069655257060992658440192
Q 15 171 -6406993693902621 166153499473114484112975882535043072
Q 15 173 1537620513420317 166153499473114484112975882535043072
Q 15 175 -5801741638409053 2658455991569831745807614120560689152
Q 15 177 5380236925055419 10633823966279326983230456482242756608
Q 15 179 -306084550550835 2658455991569831745807614120560689152
Q 15 181 33820121699567 1329227995784915872903807060280344576
Q 15 183 -7780395249109993 1361129467683753853853498429727072845824
Q 15 185 5966157959659183 5444517870735015415413993718908291383296
Q 15 187 -3005218978390667 21778071482940061661655974875633165533184
Q 15 189 -8578188915597865 2787593149816327892691964784081045188247552
Q 15 191 -3503863955752909 10889035741470030830827987437816582766592
Q 15 193 3961946142749209 87112285931760246646623899502532662132736
Q 15 195 -1114239443194227 2722258935367507707706996859454145691648
Q 15 197 -2793754695395717 10889035741470030830827987437816582766592
Q 15 199 -7427638953477893 21778071482940061661655974875633165533184
Q 15 201 -3403850741961675 5444517870735015415413993718908291383296
Q 15 203 2065884027226523 10889035741470030830827987437816582766592
Q 15 205 -7247295518163641 21778071482940061661655974875633165533184
Q 15 207 -6446710168562287 174224571863520493293247799005065324265472
Q 15 209 7413882128378239 10889035741470030830827987437816582766592
Q 15 211 -3286647848236453 43556142965880123323311949751266331066368
Q 15 213 188794591267971 680564733841876926926749214863536422912
Q 15 215 -7509758896888009 43556142965880123323311949751266331066368
Q 15 217 -7994949024919745 43556142965880123323311949751266331066368
Q 15 219 -7066722198990823 21778071482940061661655974875633165533184
Q 15 221 4679570903193971 10889035741470030830827987437816582766592
Q 15 223 3876264273002785 87112285931760246646623899502532662132736
Q 15 225 1453424703017843 10889035741470030830827987437816582766592
Q 15 227 -4034548760195473 43556142965880123323311949751266331066368
Q 15 229 -8806303115121619 21778071482940061661655974875633165533184
Q 15 231 889747492802065 2722258935367507707706996859454145691648
Q 15 233 6774358959461741 696898287454081973172991196020261297061888
Q 15 235 200851400322675 1361129467683753853853498429727072845824
Q 15 237 -7186907368112383 21778071482940061661655974875633165533184
Q 15 239 5247661506239919 174224571863520493293247799005065324265472
Q 15 241 16848498471905 85070591730234615865843651857942052864
Q 15 243 7467516659119387 174224571863520493293247799005065324265472
Q 15 245 -5190861243926771 21778071482940061661655974875633165533184
Q 15 247 2537510161705051 87112285931760246646623899502532662132736
Q 15 249 4842202902091905 21778071482940061661655974875633165533184
Q 15 251 -5314894823533831 43556142965880123323311949751266331066368
Q 15 253 -6903085683757725 43556142965880123323311949751266331066368
Q 15 255 4787777636521547 21778071482940061661655974875633165533184
Q 16 0 1390024546426245 9007199254740992
Q 16 2 -1602212265109487 18014398509481984
Q 16 4 -242734295853293 4503599627370496
Q 16 6 1477161771464697 9007199254740992
Q 16 8 -763809577063455 4503599627370496
Q 16 10 2418150315308939 36028797018963968
Q 16 12 5620917320901865 72057594037927936
Q 16 14 -6272288897284501 36028797018963968
Q 16 16 363675605074927 2251799813685248
Q 16 18 -7068909300133071 144115188075855872
Q 16 20 -1682773707283459 18014398509481984
Q 16 22 6467119325809589 36028797018963968
Q 16 24 -5719985396620251 36028797018963968
Q 16 26 6488037972697117 144115188075855872
Q 16 28 6819756150784561 72057594037927936
Q 16 30 -3258272013100539 18014398509481984
Q 16 32 3010201231446819 18014398509481984
Q 16 34 -567846187119743 9007199254740992
Q 16 36 -1337283478686395 18014398509481984
Q 16 38 1562319080908173 9007199254740992
Q 16 40 -6713494055012409 36028797018963968
Q 16 42 7884219810180453 72057594037927936
Q 16 44 2655312269437383 144115188075855872
Q 16 46 -2486221101812357 18014398509481984
Q 16 48 7144052291831707 36028797018963968
Q 16 50 -3190510229939395 18014398509481984
Q 16 52 3123074996593169 36028797018963968
Q 16 54 5166636241417005 144115188075855872
Q 16 56 -5255634900575907 36028797018963968
Q 16 58 7502086569460309 36028797018963968
Q 16 60 -1867346143646343 9007199254740992
Q 16 62 1336300499721185 9007199254740992
Q 16 64 -7423176624762651 144115188075855872
Q 16 66 -8241927576667295 144115188075855872
Q 16 68 5556815486107001 36028797018963968
Q 16 70 -2017655994292281 9007199254740992
Q 16 72 2345442376341711 9007199254740992
Q 16 74 -4781583159887757 18014398509481984
Q 16 76 4437054823031951 18014398509481984
Q 16 78 -477831355219487 2251799813685248
Q 16 80 6188475233641719 36028797018963968
Q 16 82 -4743864680423321 36028797018963968
Q 16 84 3463262441673041 36028797018963968
Q 16 86 -2418063586036877 36028797018963968
Q 16 88 3239839017017233 72057594037927936
Q 16 90 -8351832093511653 288230376151711744
Q 16 92 1297228214724223 72057594037927936
Q 16 94 -3113422428123401 288230376151711744
Q 16 96 1806844460965047 288230376151711744
Q 16 98 -8124139907489253 2305843009213693952
Q 16 100 34586641820061 18014398509481984
Q 16 102 -4682691345900201 4611686018427387904
Q 16 104 4811303826007249 9223372036854775808
Q 16 106 -300361462987397 1152921504606846976
Q 16 108 4669930902634013 36893488147419103232
Q 16 110 -8835150919181705 147573952589676412928
Q 16 112 1017613872006639 36893488147419103232
Q 16 114 -3655316599454507 295147905179352825856
Q 16 116 3200732220238091 590295810358705651712
Q 16 118 -5468266596602397 2361183241434822606848
Q 16 120 4558855541549079 4722366482869645213696
Q 16 122 -7421733867470277 18889465931478580854784
Q 16 124 2950360453454859 18889465931478580854784
Q 16 126 -4583972369164225 75557863725914323419136
Q 16 128 3480683549793033 151115727451828646838272
Q 16 130 -2584123954922137 302231454903657293676544
Q 16 132 7505540458984307 2417851639229258349412352
Q 16 134 -2665923334032749 2417851639229258349412352
Q 16 136 7413303552163645 19342813113834066795298816
Q 16 138 -2522379924464661 19342813113834066795298816
Q 16 140 6722565854106587 154742504910672534362390528
Q 16 142 -4386744475051899 309485009821345068724781056
Q 16 144 5608220212975041 1237940039285380274899124224
Q 16 146 -7025095163219365 4951760157141521099596496896
Q 16 148 1078026163554143 2475880078570760549798248448
Q 16 150 -648632282344671 4951760157141521099596496896
Q 16 152 1530556029939463 39614081257132168796771975168
Q 16 154 -3541667384713043 316912650057057350374175801344
Q 16 156 8038185128406419 2535301200456458802993406410752
Q 16 158 -8948522059170325 10141204801825835211973625643008
Q 16 160 610909373248325 2535301200456458802993406410752
Q 16 162 -5238914270135629 81129638414606681695789005144064
Q 16 164 5512133753777709 324518553658426726783156020576256
Q 16 166 -5693441643100991 1298074214633706907132624082305024
Q 16 168 5774012670392095 5192296858534827628530496329220096
Q 16 170 -5750435273966597 20769187434139310514121985316880384
Q 16 172 703108239176471 10384593717069655257060992658440192
Q 16 174 -2702220462606855 166153499473114484112975882535043072
Q 16 176 1275212964436485 332306998946228968225951765070086144
Q 16 178 -1184387649440873 1329227995784915872903807060280344576
Q 16 180 4354663628668369 21267647932558653966460912964485513216
Q 16 182 -1008857294207477 21267647932558653966460912964485513216
Q 16 184 6649866176200037 680564733841876926926749214863536422912
Q 16 186 -4505901429469889 2722258935367507707706996859454145691648
Q 16 188 1602356734331459 43556142965880123323311949751266331066368
Q 16 190 -2027379913684855 5444517870735015415413993718908291383296
Q 16 192 -6796320135085231 10889035741470030830827987437816582766592
Q 16 194 -8739157953047245 43556142965880123323311949751266331066368
Q 16 196 -4745623862225113 2722258935367507707706996859454145691648
Q 16 198 -3654015363793611 1361129467683753853853498429727072845824
Q 16 200 -1765897083358007 2722258935367507707706996859454145691648
Q 16 202 -4538160171115473 5444517870735015415413993718908291383296
Q 16 204 -8585967376187617 5444517870735015415413993718908291383296
Q 16 206 5232821883677079 2722258935367507707706996859454145691648
Q 16 208 854336700236571 680564733841876926926749214863536422912
Q 16 210 8355602852328883 43556142965880123323311949751266331066368
Q 16 212 5184633424328687 2722258935367507707706996859454145691648
Q 16 214 -2413250239915305 1361129467683753853853498429727072845824
Q 16 216 -654894599459905 680564733841876926926749214863536422912
Q 16 218 -2145955223689879 21778071482940061661655974875633165533184
Q 16 220 -4978328279858307 10889035741470030830827987437816582766592
Q 16 222 7452962762415673 2722258935367507707706996859454145691648
Q 16 224 -2567342390008825 2722258935367507707706996859454145691648
Q 16 226 -2274457355695587 10889035741470030830827987437816582766592
Q 16 228 -2127411481469871 1361129467683753853853498429727072845824
Q 16 230 1707416868903101 2722258935367507707706996859454145691648
Q 16 232 6868193687978349 5444517870735015415413993718908291383296
Q 16 234 -7893791787388381 21778071482940061661655974875633165533184
Q 16 236 -1185429631247949 1361129467683753853853498429727072845824
Q 16 238 -7826032533215261 21778071482940061661655974875633165533184
Q 16 240 3752627553463243 2722258935367507707706996859454145691648
Q 16 242 -811245777012753 21778071482940061661655974875633165533184
Q 16 244 -758330983600865 680564733841876926926749214863536422912
Q 16 246 5437874776527759 43556142965880123323311949751266331066368
Q 16 248 6298116385853027 5444517870735015415413993718908291383296
Q 16 250 -3521342328330785 5444517870735015415413993718908291383296
Q 16 252 -4366482732736929 5444517870735015415413993718908291383296
Q 16 254 1534445345211531 1361129467683753853853498429727072845824
Q 17 1 7843645775966783 72057594037927936
Q 17 3 -6424757779085873 36028797018963968
Q 17 5 4579173329087677 36028797018963968
Q 17 7 6221266097500673 576460752303423488
Q 17 9 -5106299158722405 36028797018963968
Q 17 11 6388278896518609 36028797018963968
Q 17 13 -6780976927968633 72057594037927936
Q 17 15 -7457201765855997 144115188075855872
Q 17 17 5890671328851757 36028797018963968
Q 17 19 -6069989632898849 36028797018963968
Q 17 21 2328773506703495 36028797018963968
Q 17 23 5796033814454193 72057594037927936
Q 17 25 -393932026060579 2251799813685248
Q 17 27 2903099216167305 18014398509481984
Q 17 29 -3552987047458181 72057594037927936
Q 17 31 -6628255657863559 72057594037927936
Q 17 33 1616595156862855 9007199254740992
Q 17 35 -5920285491706247 36028797018963968
Q 17 37 8278776432265233 144115188075855872
Q 17 39 5812012398358623 72057594037927936
Q 17 41 -6346873076109339 36028797018963968
Q 17 43 102159560767801 562949953421312
Q 17 45 -6986214634006529 72057594037927936
Q 17 47 -304745565799167 9007199254740992
Q 17 49 5372068248280143 36028797018963968
Q 17 51 -7165647244919129 36028797018963968
Q 17 53 1489156326168755 9007199254740992
Q 17 55 -1188329550205775 18014398509481984
Q 17 57 -8390065430494631 144115188075855872
Q 17 59 5829947352904643 36028797018963968
Q 17 61 -7637088754364261 36028797018963968
Q 17 63 7106927291726099 36028797018963968
Q 17 65 -1144840426934867 9007199254740992
Q 17 67 7063149955838207 288230376151711744
Q 17 69 6030928116104269 72057594037927936
Q 17 71 -3153475479874963 18014398509481984
Q 17 73 4253487245107809 18014398509481984
Q 17 75 -1185185697538421 4503599627370496
Q 17 77 1171578198125083 4503599627370496
Q 17 79 -2119904752590343 9007199254740992
Q 17 81 7143424722784953 36028797018963968
Q 17 83 -22124559272841 140737488355328
Q 17 85 2128798208740801 18014398509481984
Q 17 87 -1525133831781103 18014398509481984
Q 17 89 261377134924693 4503599627370496
Q 17 91 -2751697461025163 72057594037927936
Q 17 93 3484344767897325 144115188075855872
Q 17 95 -2127066229671013 144115188075855872
Q 17 97 2508353292439923 288230376151711744
Q 17 99 -5722450777990143 1152921504606846976
Q 17 101 3160983689675631 1152921504606846976
Q 17 103 -6771908902758363 4611686018427387904
Q 17 105 3520093919291301 4611686018427387904
Q 17 107 -7109695671560875 18446744073709551616
Q 17 109 3489974278065123 18446744073709551616
Q 17 111 -26040919803267 288230376151711744
Q 17 113 1549544614831111 36893488147419103232
Q 17 115 -2806615287553761 147573952589676412928
Q 17 117 4954269504118063 590295810358705651712
Q 17 119 -8527339082374439 2361183241434822606848
Q 17 121 3579549285955721 2361183241434822606848
Q 17 123 -2932946655422895 4722366482869645213696
Q 17 125 293291213242725 1180591620717411303424
Q 17 127 -7333482998999355 75557863725914323419136
Q 17 129 2799469143846241 75557863725914323419136
Q 17 131 -1044538293778491 75557863725914323419136
Q 17 133 190531922426003 37778931862957161709568
Q 17 135 -4350911111900407 2417851639229258349412352
Q 17 137 1518797469470075 2417851639229258349412352
Q 17 139 -1037669266889729 4835703278458516698824704
Q 17 141 2775904132545425 38685626227668133590597632
Q 17 143 -3635453153832881 154742504910672534362390528
Q 17 145 2331465109641519 309485009821345068724781056
Q 17 147 -5858806484724739 2475880078570760549798248448
Q 17 149 7212886153239493 9903520314283042199192993792
Q 17 151 -4351359829978843 19807040628566084398385987584
Q 17 153 5146476070178797 79228162514264337593543950336
Q 17 155 -5967933592045657 316912650057057350374175801344
Q 17 157 6786631480209779 1267650600228229401496703205376
Q 17 159 -3784908411121075 2535301200456458802993406410752
Q 17 161 2070805877815937 5070602400912917605986812821504
Q 17 163 -277924019932973 2535301200456458802993406410752
Q 17 165 2342787684394375 81129638414606681695789005144064
Q 17 167 -1211533652531371 162259276829213363391578010288128
Q 17 169 1230148035611303 649037107316853453566312041152512
Q 17 171 -153302379296717 324518553658426726783156020576256
Q 17 173 1200726518234945 10384593717069655257060992658440192
Q 17 175 -4618706426332161 166153499473114484112975882535043072
Q 17 177 8728057155166903 1329227995784915872903807060280344576
Q 17 179 -8096076956875131 5316911983139663491615228241121378304
Q 17 181 916918073816189 2658455991569831745807614120560689152
Q 17 183 -3327075654703951 42535295865117307932921825928971026432
Q 17 185 2773649593045375 170141183460469231731687303715884105728
Q 17 187 -7925299482128093 2722258935367507707706996859454145691648
Q 17 189 8015611349025225 21778071482940061661655974875633165533184
Q 17 191 -6137700811228069 2722258935367507707706996859454145691648
Q 17 193 2123544531352105 5444517870735015415413993718908291383296
Q 17 195 -7584422833467679 2722258935367507707706996859454145691648
Q 17 197 -2402117341581141 1361129467683753853853498429727072845824
Q 17 199 -3306046037414229 1361129467683753853853498429727072845824
Q 17 201 -180814280794457 42535295865117307932921825928971026432
Q 17 203 7274508603221693 5444517870735015415413993718908291383296
Q 17 205 -3126661578759591 1361129467683753853853498429727072845824
Q 17 207 -822258038819721 2722258935367507707706996859454145691648
Q 17 209 6488475635966329 1361129467683753853853498429727072845824
Q 17 211 -6314820869012033 10889035741470030830827987437816582766592
Q 17 213 1326906834611453 680564733841876926926749214863536422912
Q 17 215 -6719531836481341 5444517870735015415413993718908291383296
Q 17 217 -6635467854200583 5444517870735015415413993718908291383296
Q 17 219 -3054575995789013 1361129467683753853853498429727072845824
Q 17 221 8134440977659499 2722258935367507707706996859454145691648
Q 17 223 96556689589717 340282366920938463463374607431768211456
Q 17 225 2608405141657221 2722258935367507707706996859454145691648
Q 17 227 -7235771247218903 10889035741470030830827987437816582766592
Q 17 229 -7571221615771051 2722258935367507707706996859454145691648
Q 17 231 6158432108526943 2722258935367507707706996859454145691648
Q 17 233 3305027384532547 43556142965880123323311949751266331066368
Q 17 235 5544284542305985 5444517870735015415413993718908291383296
Q 17 237 -1548653132019735 680564733841876926926749214863536422912
Q 17 239 2285050742859037 10889035741470030830827987437816582766592
Q 17 241 7421053529084551 5444517870735015415413993718908291383296
Q 17 243 1617800735066275 5444517870735015415413993718908291383296
Q 17 245 -4467959645965351 2722258935367507707706996859454145691648
Q 17 247 2187685229299945 10889035741470030830827987437816582766592
Q 17 249 8344190919054191 5444517870735015415413993718908291383296
Q 17 251 -572470264575197 680564733841876926926749214863536422912
Q 17 253 -743120256566129 680564733841876926926749214863536422912
Q 17 255 8247629689062617 5444517870735015415413993718908291383296
Q 18 0 -5391881407585757 36028797018963968
Q 18 2 2762166537472407 36028797018963968
Q 18 4 2579265085762875 36028797018963968
Q 18 6 -3069227466047069 18014398509481984
Q 18 8 5317305940094907 36028797018963968
Q 18 10 -5606338236353797 288230376151711744
Q 18 12 -4417538162530189 36028797018963968
Q 18 14 200632989027323 1125899906842624
Q 18 16 -7849894843437657 72057594037927936
Q 18 18 -1297398583842969 36028797018963968
Q 18 20 5628279202618283 36028797018963968
Q 18 22 -6132207584888101 36028797018963968
Q 18 24 5036779718749463 72057594037927936
Q 18 26 690806764427065 9007199254740992
Q 18 28 -3121769166041503 18014398509481984
Q 18 30 2860887849773435 18014398509481984
Q 18 32 -6398410065949205 144115188075855872
Q 18 34 -7018219001416785 72057594037927936
Q 18 36 6500963424907689 36028797018963968
Q 18 38 -2831591027189359 18014398509481984
Q 18 40 393524938534083 9007199254740992
Q 18 42 848474006248981 9007199254740992
Q 18 44 -6523382572649207 36028797018963968
Q 18 46 6232448458856045 36028797018963968
Q 18 48 -2786988781340845 36028797018963968
Q 18 50 -2016186463222351 36028797018963968
Q 18 52 5877120294342513 36028797018963968
Q 18 54 -7112407094172393 36028797018963968
Q 18 56 5322322336997155 36028797018963968
Q 18 58 -5545698313170175 144115188075855872
Q 18 60 -6153151062673879 72057594037927936
Q 18 62 402698375291155 2251799813685248
Q 18 64 -3836033989503345 18014398509481984
Q 18 66 3275187584670591 18014398509481984
Q 18 68 -7186716905562191 72057594037927936
Q 18 70 -8750778401492695 1152921504606846976
Q 18 72 4078657632648593 36028797018963968
Q 18 74 -442576081789109 2251799813685248
Q 18 76 8898434514186981 36028797018963968
Q 18 78 -4747416974673191 18014398509481984
Q 18 80 4541457622961139 18014398509481984
Q 18 82 -1998811193792399 9007199254740992
Q 18 84 6573376526237345 36028797018963968
Q 18 86 -5096286044063777 36028797018963968
Q 18 88 117208405958193 1125899906842624
Q 18 90 -5266160977443905 72057594037927936
Q 18 92 7079345251007189 144115188075855872
Q 18 94 -2284650124050759 72057594037927936
Q 18 96 5677499632799665 288230376151711744
Q 18 98 -6803642130445395 576460752303423488
Q 18 100 1969087337979891 288230376151711744
Q 18 102 -8821171078839851 2305843009213693952
Q 18 104 4784670684608831 2305843009213693952
Q 18 106 -5033074925367665 4611686018427387904
Q 18 108 2569376092584873 4611686018427387904
Q 18 110 -5096804590921659 18446744073709551616
Q 18 112 4914625090174567 36893488147419103232
Q 18 114 -1152602944013163 18446744073709551616
Q 18 116 2105203714628967 73786976294838206464
Q 18 118 -3745406005017195 295147905179352825856
Q 18 120 3247128903542541 590295810358705651712
Q 18 122 -5490023601683903 2361183241434822606848
Q 18 124 4527578917048429 4722366482869645213696
Q 18 126 -1822068504442249 4722366482869645213696
Q 18 128 5727539488009825 37778931862957161709568
Q 18 130 -8792726278794105 151115727451828646838272
Q 18 132 6594607941590205 302231454903657293676544
Q 18 134 -2417206687991855 302231454903657293676544
Q 18 136 1732605625780781 604462909807314587353088
Q 18 138 -1214651272368233 1208925819614629174706176
Q 18 140 6664812957716973 19342813113834066795298816
Q 18 142 -8947085542446775 77371252455336267181195264
Q 18 144 2939341213215159 77371252455336267181195264
Q 18 146 -7564076094121861 618970019642690137449562112
Q 18 148 595754793876415 154742504910672534362390528
Q 18 150 -5883680693595725 4951760157141521099596496896
Q 18 152 7117065650295613 19807040628566084398385987584
Q 18 154 -65917400601623 618970019642690137449562112
Q 18 156 4902752080758193 158456325028528675187087900672
Q 18 158 -5586518199653571 633825300114114700748351602688
Q 18 160 6242688261254025 2535301200456458802993406410752
Q 18 162 -6842523712618133 10141204801825835211973625643008
Q 18 164 7357966578028271 40564819207303340847894502572032
Q 18 166 -970479349976845 20282409603651670423947251286016
Q 18 168 8039883257988605 649037107316853453566312041152512
Q 18 170 -2043129386437883 649037107316853453566312041152512
Q 18 172 8155851158063911 10384593717069655257060992658440192
Q 18 174 -7991853464982379 41538374868278621028243970633760768
Q 18 176 961285255446517 20769187434139310514121985316880384
Q 18 178 -3636960161064965 332306998946228968225951765070086144
Q 18 180 1695679555187019 664613997892457936451903530140172288
Q 18 182 -3149521298189127 5316911983139663491615228241121378304
Q 18 184 5511400767138841 42535295865117307932921825928971026432
Q 18 186 -8973417036953067 340282366920938463463374607431768211456
Q 18 188 5453251940381097 1361129467683753853853498429727072845824
Q 18 190 -1204306769914399 340282366920938463463374607431768211456
Q 18 192 -5254705119827125 1361129467683753853853498429727072845824
Q 18 194 -5924069038325397 5444517870735015415413993718908291383296
Q 18 196 -3686165351192227 340282366920938463463374607431768211456
Q 18 198 -5820088103831365 340282366920938463463374607431768211456
Q 18 200 -331077838511635 85070591730234615865843651857942052864
Q 18 202 -7098440322221881 1361129467683753853853498429727072845824
Q 18 204 -871995083082891 85070591730234615865843651857942052864
Q 18 206 4135170546780463 340282366920938463463374607431768211456
Q 18 208 1307363828331403 170141183460469231731687303715884105728
Q 18 210 7853686702729165 5444517870735015415413993718908291383296
Q 18 212 7924375518033287 680564733841876926926749214863536422912
Q 18 214 -7106534759730781 680564733841876926926749214863536422912
Q 18 216 -8807266551239849 1361129467683753853853498429727072845824
Q 18 218 -4256996773132775 10889035741470030830827987437816582766592
Q 18 220 -2008997490752161 680564733841876926926749214863536422912
Q 18 222 5843062218153531 340282366920938463463374607431768211456
Q 18 224 -1973821511226263 340282366920938463463374607431768211456
Q 18 226 -7974238748957919 5444517870735015415413993718908291383296
Q 18 228 -3240702514934037 340282366920938463463374607431768211456
Q 18 230 5144877939498581 1361129467683753853853498429727072845824
Q 18 232 5492859293755879 680564733841876926926749214863536422912
Q 18 234 -6470260717700957 2722258935367507707706996859454145691648
Q 18 236 -924466498613003 170141183460469231731687303715884105728
Q 18 238 -1575382080457205 680564733841876926926749214863536422912
Q 18 240 5929061347606909 680564733841876926926749214863536422912
Q 18 242 -2640385997175457 10889035741470030830827987437816582766592
Q 18 244 -4771139717767713 680564733841876926926749214863536422912
Q 18 246 4248072870850417 5444517870735015415413993718908291383296
Q 18 248 2476000527274143 340282366920938463463374607431768211456
Q 18 250 -2769866857973709 680564733841876926926749214863536422912
Q 18 252 -6867625554330371 1361129467683753853853498429727072845824
Q 18 254 2413435741346705 340282366920938463463374607431768211456
Q 19 1 -8030382438829475 72057594037927936
Q 19 3 3142884376871003 18014398509481984
Q 19 5 -7646495875719249 72057594037927936
Q 19 7 -6168046869076995 144115188075855872
Q 19 9 1440058248362403 9007199254740992
Q 19 11 -176998722999363 1125899906842624
Q 19 13 2683315955783577 72057594037927936
Q 19 15 7954251461453161 72057594037927936
Q 19 17 -6371089676795471 36028797018963968
Q 19 19 1029753423354861 9007199254740992
Q 19 21 8858602259928143 288230376151711744
Q 19 23 -2771848118578531 18014398509481984
Q 19 25 379528155995283 2251799813685248
Q 19 27 -4759549312094125 72057594037927936
Q 19 29 -2942317546219835 36028797018963968
Q 19 31 6283709235785439 36028797018963968
Q 19 33 -2735612570315541 18014398509481984
Q 19 35 8902903079244069 288230376151711744
Q 19 37 1975747863060529 18014398509481984
Q 19 39 -6567117568854305 36028797018963968
Q 19 41 5214040629115583 36028797018963968
Q 19 43 -6354622247089319 288230376151711744
Q 19 45 -2039561647601419 18014398509481984
Q 19 47 52307728923033 281474976710656
Q 19 49 -5731184160407265 36028797018963968
Q 19 51 7253011137993919 144115188075855872
Q 19 53 3002597793304569 36028797018963968
Q 19 55 -3197343268286417 18014398509481984
Q 19 57 6893892535383667 36028797018963968
Q 19 59 -553767031107619 4503599627370496
Q 19 61 2655426727584749 576460752303423488
Q 19 63 8323316371541589 72057594037927936
Q 19 65 -7002730162676473 36028797018963968
Q 19 67 1880762436016197 9007199254740992
Q 19 69 -5750264720526157 36028797018963968
Q 19 71 4764552324259673 72057594037927936
Q 19 73 1579420821023221 36028797018963968
Q 19 75 -5193312420706913 36028797018963968
Q 19 77 7818308033996599 36028797018963968
Q 19 79 -2298445926323571 9007199254740992
Q 19 81 2347144539415427 9007199254740992
Q 19 83 -4339986018907043 18014398509481984
Q 19 85 7422575898648625 36028797018963968
Q 19 87 -5946761415410657 36028797018963968
Q 19 89 4501706766970437 36028797018963968
Q 19 91 -3239292605900409 36028797018963968
Q 19 93 8902239940000807 144115188075855872
Q 19 95 -2930055684859773 72057594037927936
Q 19 97 7412381160606129 288230376151711744
Q 19 99 -4514133964704841 288230376151711744
Q 19 101 5304363635481053 576460752303423488
Q 19 103 -6022792512305629 1152921504606846976
Q 19 105 6617065131173027 2305843009213693952
Q 19 107 -7042976505316639 4611686018427387904
Q 19 109 7269906824518117 9223372036854775808
Q 19 111 -3642175634822647 9223372036854775808
Q 19 113 3545502935774209 18446744073709551616
Q 19 115 -1677837392078631 18446744073709551616
Q 19 117 1545030566432921 36893488147419103232
Q 19 119 -1385109102831917 73786976294838206464
Q 19 121 4838413724491375 590295810358705651712
Q 19 123 -2059099788533873 590295810358705651712
Q 19 125 6836024685260349 4722366482869645213696
Q 19 127 -2767600944189455 4722366482869645213696
Q 19 129 8748742796786787 37778931862957161709568
Q 19 131 -6750832769451197 75557863725914323419136
Q 19 133 5088214439340993 151115727451828646838272
Q 19 135 -7494754212932701 604462909807314587353088
Q 19 137 2697693299400705 604462909807314587353088
Q 19 139 -7595609460824505 4835703278458516698824704
Q 19 141 5229407050007639 9671406556917033397649408
Q 19 143 -3522497358062741 19342813113834066795298816
Q 19 145 580524140399463 9671406556917033397649408
Q 19 147 -2997015579830711 154742504910672534362390528
Q 19 149 1893781357125251 309485009821345068724781056
Q 19 151 -2344074156344483 1237940039285380274899124224
Q 19 153 5684837200899005 9903520314283042199192993792
Q 19 155 -6754771090246195 39614081257132168796771975168
Q 19 157 7866406610220285 158456325028528675187087900672
Q 19 159 -561292576397297 39614081257132168796771975168
Q 19 161 628319120213511 158456325028528675187087900672
Q 19 163 -689790892858747 633825300114114700748351602688
Q 19 165 5942596535622475 20282409603651670423947251286016
Q 19 167 -6278553862447431 81129638414606681695789005144064
Q 19 169 3254679893520261 162259276829213363391578010288128
Q 19 171 -3311767897535329 649037107316853453566312041152512
Q 19 173 1653969705801165 1298074214633706907132624082305024
Q 19 175 -3244055606653917 10384593717069655257060992658440192
Q 19 177 781104294946975 10384593717069655257060992658440192
Q 19 179 -5908879174187243 332306998946228968225951765070086144
Q 19 181 5472855685878177 1329227995784915872903807060280344576
Q 19 183 -2513744394915421 2658455991569831745807614120560689152
Q 19 185 4384614848369349 21267647932558653966460912964485513216
Q 19 187 -3509710804382579 85070591730234615865843651857942052864
Q 19 189 2318773017487117 340282366920938463463374607431768211456
Q 19 191 -4589820946696227 340282366920938463463374607431768211456
Q 19 193 1137000905738283 680564733841876926926749214863536422912
Q 19 195 -2769509993749589 170141183460469231731687303715884105728
Q 19 197 -1787689597356701 170141183460469231731687303715884105728
Q 19 199 -4948360650836567 340282366920938463463374607431768211456
Q 19 201 -8570401721452603 340282366920938463463374607431768211456
Q 19 203 5373061989259281 680564733841876926926749214863536422912
Q 19 205 -4591083639457301 340282366920938463463374607431768211456
Q 19 207 -4278553220336281 2722258935367507707706996859454145691648
Q 19 209 4808204343743265 170141183460469231731687303715884105728
Q 19 211 -4795016612762747 1361129467683753853853498429727072845824
Q 19 213 1016172327866823 85070591730234615865843651857942052864
Q 19 215 -5024370192344031 680564733841876926926749214863536422912
Q 19 217 -1260334793577509 170141183460469231731687303715884105728
Q 19 219 -2251945436748623 170141183460469231731687303715884105728
Q 19 221 6068762160511489 340282366920938463463374607431768211456
Q 19 223 4828606569362063 2722258935367507707706996859454145691648
Q 19 225 7610683838118091 1361129467683753853853498429727072845824
Q 19 227 -5114235834242089 1361129467683753853853498429727072845824
Q 19 229 -1418512426423993 85070591730234615865843651857942052864
Q 19 231 2317279121825427 170141183460469231731687303715884105728
Q 19 233 8049937956459325 21778071482940061661655974875633165533184
Q 19 235 518819939585211 85070591730234615865843651857942052864
Q 19 237 -2316669509613473 170141183460469231731687303715884105728
Q 19 239 3514233519139205 2722258935367507707706996859454145691648
Q 19 241 691156183317353 85070591730234615865843651857942052864
Q 19 243 1212834704790785 680564733841876926926749214863536422912
Q 19 245 -6678384635884413 680564733841876926926749214863536422912
Q 19 247 3253535291333813 2722258935367507707706996859454145691648
Q 19 249 1557094661891027 170141183460469231731687303715884105728
Q 19 251 -6836610214406927 1361129467683753853853498429727072845824
Q 19 253 -4437069979358067 680564733841876926926749214863536422912
Q 19 255 3078017300660201 340282366920938463463374607431768211456
Q 20 0 5243922863981061 36028797018963968
Q 20 2 -2352432369615421 36028797018963968
Q 20 4 -3131940467581833 36028797018963968
Q 20 6 6202780418578367 36028797018963968
Q 20 8 -2188167001997381 18014398509481984
Q 20 10 -453619555102647 18014398509481984
Q 20 12 5482470197437181 36028797018963968
Q 20 14 -5774291315350525 36028797018963968
Q 20 16 6328321215619251 144115188075855872
Q 20 18 239382754838557 2251799813685248
Q 20 20 -6318302205032869 36028797018963968
Q 20 22 4030492055785143 36028797018963968
Q 20 24 1269957028066833 36028797018963968
Q 20 26 -1408364601326803 9007199254740992
Q 20 28 2948281475046019 18014398509481984
Q 20 30 -7728770388874299 144115188075855872
Q 20 32 -6789679043885019 72057594037927936
Q 20 34 6370790062267511 36028797018963968
Q 20 36 -2509851672538033 18014398509481984
Q 20 38 660698971905549 72057594037927936
Q 20 40 1143456877040623 9007199254740992
Q 20 42 -6577114198931879 36028797018963968
Q 20 44 70593496805599 562949953421312
Q 20 46 8102130222498877 1152921504606846976
Q 20 48 -4877036604461981 36028797018963968
Q 20 50 6754724067398547 36028797018963968
Q 20 52 -310164207436187 2251799813685248
Q 20 54 2306227480855811 144115188075855872
Q 20 56 512321381468523 4503599627370496
Q 20 58 -6810064386855505 36028797018963968
Q 20 60 1603853816549999 9007199254740992
Q 20 62 -811819109874863 9007199254740992
Q 20 64 -4979412951258911 144115188075855872
Q 20 66 5261064306850607 36028797018963968
Q 20 68 -3701845736763115 18014398509481984
Q 20 70 1777391347875029 9007199254740992
Q 20 72 -292069575628483 2251799813685248
Q 20 74 7697173309799539 288230376151711744
Q 20 76 2982951899370463 36028797018963968
Q 20 78 -6292285328912389 36028797018963968
Q 20 80 4227782241101243 18014398509481984
Q 20 82 -1168455789082125 4503599627370496
Q 20 84 4569566700502435 18014398509481984
Q 20 86 -8159809079673281 36028797018963968
Q 20 88 846415685304449 4503599627370496
Q 20 90 -5280293449908973 36028797018963968
Q 20 92 487290281460803 4503599627370496
Q 20 94 -5479085167650287 72057594037927936
Q 20 96 7360266795284229 144115188075855872
Q 20 98 -4740184104023403 144115188075855872
Q 20 100 2934703942030345 144115188075855872
Q 20 102 -437588156217913 36028797018963968
Q 20 104 2015051327268617 288230376151711744
Q 20 106 -2242226709295279 576460752303423488
Q 20 108 4829587056649885 2305843009213693952
Q 20 110 -2519940644519191 2305843009213693952
Q 20 112 1275337429413503 2305843009213693952
Q 20 114 -2506519914606237 9223372036854775808
Q 20 116 4786580324052421 36893488147419103232
Q 20 118 -4444070276643363 73786976294838206464
Q 20 120 8029573315906053 295147905179352825856
Q 20 122 -3531344429990169 295147905179352825856
Q 20 124 6051911532125867 1180591620717411303424
Q 20 126 -2527320494836463 1180591620717411303424
Q 20 128 514620976140443 590295810358705651712
Q 20 130 -3271552801019819 9444732965739290427392
Q 20 132 2537505266992667 18889465931478580854784
Q 20 134 -7687276585915585 151115727451828646838272
Q 20 136 5687174209578579 302231454903657293676544
Q 20 138 -4111458239408379 604462909807314587353088
Q 20 140 1452744594797757 604462909807314587353088
Q 20 142 -8030969450958473 9671406556917033397649408
Q 20 144 5428209774646749 19342813113834066795298816
Q 20 146 -7179656474059685 77371252455336267181195264
Q 20 148 580874067707363 19342813113834066795298816
Q 20 150 -5888969066696811 618970019642690137449562112
Q 20 152 7307832135521421 2475880078570760549798248448
Q 20 154 -4441181164005025 4951760157141521099596496896
Q 20 156 5288513914288669 19807040628566084398385987584
Q 20 158 -771391655109109 9903520314283042199192993792
Q 20 160 882266342307707 39614081257132168796771975168
Q 20 162 -7914110881443091 1267650600228229401496703205376
Q 20 164 2175371147033115 1267650600228229401496703205376
Q 20 166 -4691606815860227 10141204801825835211973625643008
Q 20 168 2481432902085979 20282409603651670423947251286016
Q 20 170 -5150865056894269 162259276829213363391578010288128
Q 20 172 5246210873867701 649037107316853453566312041152512
Q 20 174 -2622225678162053 1298074214633706907132624082305024
Q 20 176 5146440817874217 10384593717069655257060992658440192
Q 20 178 -4960337471368485 41538374868278621028243970633760768
Q 20 180 1175757548040557 41538374868278621028243970633760768
Q 20 182 -8812843863765761 1329227995784915872903807060280344576
Q 20 184 3954151341894843 2658455991569831745807614120560689152
Q 20 186 -840363849793269 2658455991569831745807614120560689152
Q 20 188 1201331649150419 21267647932558653966460912964485513216
Q 20 190 -2104151241247221 85070591730234615865843651857942052864
Q 20 192 -3177505303920455 170141183460469231731687303715884105728
Q 20 194 -3217953155979051 340282366920938463463374607431768211456
Q 20 196 -4819986956729793 85070591730234615865843651857942052864
Q 20 198 -2039933656105423 21267647932558653966460912964485513216
Q 20 200 -1756939290546547 85070591730234615865843651857942052864
Q 20 202 -1216315271121797 42535295865117307932921825928971026432
Q 20 204 -2411354216739311 42535295865117307932921825928971026432
Q 20 206 5796617873307697 85070591730234615865843651857942052864
Q 20 208 891236016817453 21267647932558653966460912964485513216
Q 20 210 2565754998947225 340282366920938463463374607431768211456
Q 20 212 87979782227683 1329227995784915872903807060280344576
Q 20 214 -5281768285496815 85070591730234615865843651857942052864
Q 20 216 -333591795713133 10633823966279326983230456482242756608
Q 20 218 -6228657632500193 1361129467683753853853498429727072845824
Q 20 220 -5216818577760053 340282366920938463463374607431768211456
Q 20 222 8124728473640445 85070591730234615865843651857942052864
Q 20 224 -5727288168061031 170141183460469231731687303715884105728
Q 20 226 -7582949293044669 1361129467683753853853498429727072845824
Q 20 228 -2311112074297317 42535295865117307932921825928971026432
Q 20 230 7612668907394283 340282366920938463463374607431768211456
Q 20 232 3681021981316555 85070591730234615865843651857942052864
Q 20 234 -528882648290495 42535295865117307932921825928971026432
Q 20 236 -2554421221058233 85070591730234615865843651857942052864
Q 20 238 -4207106738649847 340282366920938463463374607431768211456
Q 20 240 2023667086866149 42535295865117307932921825928971026432
Q 20 242 -221351383336411 170141183460469231731687303715884105728
Q 20 244 -3269489642016881 85070591730234615865843651857942052864
Q 20 246 5852508324463985 1361129467683753853853498429727072845824
Q 20 248 6777974166764077 170141183460469231731687303715884105728
Q 20 250 -947666222194497 42535295865117307932921825928971026432
Q 20 252 -4702147812803513 170141183460469231731687303715884105728
Q 20 254 6608731909947131 170141183460469231731687303715884105728
Q 21 1 8199508814778641 72057594037927936
Q 21 3 -3060877095354549 18014398509481984
Q 21 5 6140152745254349 72057594037927936
Q 21 7 79718293033331 1125899906842624
Q 21 9 -1518424349608095 9007199254740992
Q 21 11 573388476771629 4503599627370496
Q 21 13 5358430479657315 288230376151711744
Q 21 15 -2690825836905199 18014398509481984
Q 21 17 2863969646701909 18014398509481984
Q 21 19 -5853660358658329 144115188075855872
Q 21 21 -7938078614390805 72057594037927936
Q 21 23 3134105218631517 18014398509481984
Q 21 25 -1837194383700541 18014398509481984
Q 21 27 -7008446626459805 144115188075855872
Q 21 29 5846705409449737 36028797018963968
Q 21 31 -2781272717165261 18014398509481984
Q 21 33 2360001876565695 72057594037927936
Q 21 35 4056748305049807 36028797018963968
Q 21 37 -6413237647883963 36028797018963968
Q 21 39 2154884594684891 18014398509481984
Q 21 41 5796753199669783 288230376151711744
Q 21 43 -5277997441358421 36028797018963968
Q 21 45 401079112524333 2251799813685248
Q 21 47 -3519565182345231 36028797018963968
Q 21 49 -3053636511945005 72057594037927936
Q 21 51 1417686848948033 9007199254740992
Q 21 53 -3288632937370163 18014398509481984
Q 21 55 3866902624570721 36028797018963968
Q 21 57 7085085066167903 288230376151711744
Q 21 59 -2595247619023343 18014398509481984
Q 21 61 6992929734048363 36028797018963968
Q 21 63 -5593138972486369 36028797018963968
Q 21 65 3543836340350193 72057594037927936
Q 21 67 5541436877737255 72057594037927936
Q 21 69 -6259018968965999 36028797018963968
Q 21 71 7537045675665469 36028797018963968
Q 21 73 -6366001905265215 36028797018963968
Q 21 75 3310998613618613 36028797018963968
Q 21 77 5001667610535171 288230376151711744
Q 21 79 -8828319663973505 72057594037927936
Q 21 81 7301986786123369 36028797018963968
Q 21 83 -2233565528271001 9007199254740992
Q 21 85 145705244488661 562949953421312
Q 21 87 -2183867705668123 9007199254740992
Q 21 89 3764752871294475 18014398509481984
Q 21 91 -6058857726959675 36028797018963968
Q 21 93 574318440746415 4503599627370496
Q 21 95 -6610073176304069 72057594037927936
Q 21 97 2266192539951505 36028797018963968
Q 21 99 -1486698250327167 36028797018963968
Q 21 101 7487365387081335 288230376151711744
Q 21 103 -4534002250616025 288230376151711744
Q 21 105 2646312943765465 288230376151711744
Q 21 107 -1491228086213111 288230376151711744
Q 21 109 1624999247401115 576460752303423488
Q 21 111 -6857234732161829 4611686018427387904
Q 21 113 7011257257599903 9223372036854775808
Q 21 115 -6954787268822865 18446744073709551616
Q 21 117 6698814939241023 36893488147419103232
Q 21 119 -3135131652780329 36893488147419103232
Q 21 121 5707722879012517 147573952589676412928
Q 21 123 -2528061971505035 147573952589676412928
Q 21 125 2180646576904057 295147905179352825856
Q 21 127 -916305465645315 295147905179352825856
Q 21 129 6005229550572643 4722366482869645213696
Q 21 131 -4797938427414381 9444732965739290427392
Q 21 133 3740270456361177 18889465931478580854784
Q 21 135 -355770528651157 4722366482869645213696
Q 21 137 1057474572747781 37778931862957161709568
Q 21 139 -23988747364165 2361183241434822606848
Q 21 141 2178254407854037 604462909807314587353088
Q 21 143 -6042420354811859 4835703278458516698824704
Q 21 145 8195494440510925 19342813113834066795298816
Q 21 147 -5436699203915481 38685626227668133590597632
Q 21 149 7057963074269009 154742504910672534362390528
Q 21 151 -4484044496863609 309485009821345068724781056
Q 21 153 5578075023382741 1237940039285380274899124224
Q 21 155 -6795250942734169 4951760157141521099596496896
Q 21 157 8108524938288981 19807040628566084398385987584
Q 21 159 -4739886481787319 39614081257132168796771975168
Q 21 161 5430559282438231 158456325028528675187087900672
Q 21 163 -1524681387681297 158456325028528675187087900672
Q 21 165 209843584533225 79228162514264337593543950336
Q 21 167 -7250291517880129 10141204801825835211973625643008
Q 21 169 7678155052747055 40564819207303340847894502572032
Q 21 171 -7976919136147815 162259276829213363391578010288128
Q 21 173 2032882035686565 162259276829213363391578010288128
Q 21 175 -8134967343470375 2596148429267413814265248164610048
Q 21 177 7988827200266955 10384593717069655257060992658440192
Q 21 179 -3850331241262653 20769187434139310514121985316880384
Q 21 181 1819585287947071 41538374868278621028243970633760768
Q 21 183 -3392565159874857 332306998946228968225951765070086144
Q 21 185 3062312930751455 1329227995784915872903807060280344576
Q 21 187 -5255191708276421 10633823966279326983230456482242756608
Q 21 189 8647039427807475 85070591730234615865843651857942052864
Q 21 191 -1835287559415747 21267647932558653966460912964485513216
Q 21 193 258756353833089 21267647932558653966460912964485513216
Q 21 195 -1786790464377039 21267647932558653966460912964485513216
Q 21 197 -19108698578853 332306998946228968225951765070086144
Q 21 199 -6149111281640017 85070591730234615865843651857942052864
Q 21 201 -5802937683143277 42535295865117307932921825928971026432
Q 21 203 7787519250669987 170141183460469231731687303715884105728
Q 21 205 -6260902337128451 85070591730234615865843651857942052864
Q 21 207 -6084383299352037 680564733841876926926749214863536422912
Q 21 209 6308274191022615 42535295865117307932921825928971026432
Q 21 211 -51936446991111 2658455991569831745807614120560689152
Q 21 213 5413567389917895 85070591730234615865843651857942052864
Q 21 215 -3294687906331597 85070591730234615865843651857942052864
Q 21 217 -3206771277835485 85070591730234615865843651857942052864
Q 21 219 -2994915762956301 42535295865117307932921825928971026432
Q 21 221 7995172319735239 85070591730234615865843651857942052864
Q 21 223 6400882353907329 680564733841876926926749214863536422912
Q 21 225 4690054242576815 170141183460469231731687303715884105728
Q 21 227 -6372005711378641 340282366920938463463374607431768211456
Q 21 229 -7576071450550523 85070591730234615865843651857942052864
Q 21 231 6164613879983059 85070591730234615865843651857942052864
Q 21 233 3723881367647547 5444517870735015415413993718908291383296
Q 21 235 5536033119086541 170141183460469231731687303715884105728
Q 21 237 -3042883782296993 42535295865117307932921825928971026432
Q 21 239 2299024501860647 340282366920938463463374607431768211456
Q 21 241 7222621478533967 170141183460469231731687303715884105728
Q 21 243 6339375365526683 680564733841876926926749214863536422912
Q 21 245 -8716581208489039 170141183460469231731687303715884105728
Q 21 247 4259754563106387 680564733841876926926749214863536422912
Q 21 249 8137720818166233 170141183460469231731687303715884105728
Q 21 251 -8933641684891345 340282366920938463463374607431768211456
Q 21 253 -2898898804487969 85070591730234615865843651857942052864
Q 21 255 4022063810450621 85070591730234615865843651857942052864
Q 22 0 -5112021959436659 36028797018963968
Q 22 2 3939179220943539 72057594037927936
Q 22 4 1804746662376501 18014398509481984
Q 22 6 -1531688218229767 9007199254740992
Q 22 8 3344148679532761 36028797018963968
Q 22 10 2334387820825103 36028797018963968
Q 22 12 -3003649453425631 18014398509481984
Q 22 14 283317181856535 2251799813685248
Q 22 16 6430485274048585 288230376151711744
Q 22 18 -1365473129612309 9007199254740992
Q 22 20 5537573105277181 36028797018963968
Q 22 22 -8074100781948999 288230376151711744
Q 22 24 -4349956394519181 36028797018963968
Q 22 26 6170660717169963 36028797018963968
Q 22 28 -6068028867663311 72057594037927936
Q 22 30 -5014009235116591 72057594037927936
Q 22 32 6091106475750093 36028797018963968
Q 22 34 -1249209037235253 9007199254740992
Q 22 36 2102477470238775 576460752303423488
Q 22 38 4831435017511779 36028797018963968
Q 22 40 -393060914713313 2251799813685248
Q 22 42 6565864874487113 72057594037927936
Q 22 44 7995012145584561 144115188075855872
Q 22 46 -1482449350036463 9007199254740992
Q 22 48 1490390299308701 9007199254740992
Q 22 50 -8745369065748577 144115188075855872
Q 22 52 -2941803803235981 36028797018963968
Q 22 54 6310195079906451 36028797018963968
Q 22 56 -3019422785188987 18014398509481984
Q 22 58 2418282133526199 36028797018963968
Q 22 60 2487896277138043 36028797018963968
Q 22 62 -6130694099606279 36028797018963968
Q 22 64 851376574879711 4503599627370496
Q 22 66 -4373071064970051 36028797018963968
Q 22 68 6089534655416307 4611686018427387904
Q 22 70 8594371458169759 72057594037927936
Q 22 72 -3511314611501973 18014398509481984
Q 22 74 3651269888440105 18014398509481984
Q 22 76 -2627057403970969 18014398509481984
Q 22 78 6756525019732337 144115188075855872
Q 22 80 1155526274638889 18014398509481984
Q 22 82 -5789305040231505 36028797018963968
Q 22 84 2037200523578351 9007199254740992
Q 22 86 -4602867751734719 18014398509481984
Q 22 88 2276494549920277 9007199254740992
Q 22 90 -8180760479192909 36028797018963968
Q 22 92 3403407029522625 18014398509481984
Q 22 94 -5308623362335513 36028797018963968
Q 22 96 1956035648572367 18014398509481984
Q 22 98 -5479713171191971 72057594037927936
Q 22 100 1831610425748797 36028797018963968
Q 22 102 -4690900960637189 144115188075855872
Q 22 104 5768880433539091 288230376151711744
Q 22 106 -853597600062729 72057594037927936
Q 22 108 974402426503733 144115188075855872
Q 22 110 -1074369579063897 288230376151711744
Q 22 112 4583121089442015 2305843009213693952
Q 22 114 -4733341970354663 4611686018427387904
Q 22 116 4739130823633175 9223372036854775808
Q 22 118 -4604354087199027 18446744073709551616
Q 22 120 4344610783123459 36893488147419103232
Q 22 122 -7969163918288817 147573952589676412928
Q 22 124 3554445860497279 147573952589676412928
Q 22 126 -96438414615645 9223372036854775808
Q 22 128 5218631609006821 1180591620717411303424
Q 22 130 -8599076022729173 4722366482869645213696
Q 22 132 6906827114242147 9444732965739290427392
Q 22 134 -2705485186449067 9444732965739290427392
Q 22 136 4136531823958757 37778931862957161709568
Q 22 138 -6174123092462757 151115727451828646838272
Q 22 140 8999831933477633 604462909807314587353088
Q 22 142 -6408357434039725 1208925819614629174706176
Q 22 144 2229804101438659 1208925819614629174706176
Q 22 146 -6068215832777189 9671406556917033397649408
Q 22 148 8075126112696623 38685626227668133590597632
Q 22 150 -5256114387074793 77371252455336267181195264
Q 22 152 6695682172147777 309485009821345068724781056
Q 22 154 -260904368206741 38685626227668133590597632
Q 22 156 2548186977302121 1237940039285380274899124224
Q 22 158 -1523340925977937 2475880078570760549798248448
Q 22 160 7136691779190459 39614081257132168796771975168
Q 22 162 -8190021531673113 158456325028528675187087900672
Q 22 164 2302830686842165 158456325028528675187087900672
Q 22 166 -2538896339527803 633825300114114700748351602688
Q 22 168 2744529768931375 2535301200456458802993406410752
Q 22 170 -2909527387523075 10141204801825835211973625643008
Q 22 172 6050992640785445 81129638414606681695789005144064
Q 22 174 -1543270370279959 81129638414606681695789005144064
Q 22 176 6179550162321203 1298074214633706907132624082305024
Q 22 178 -379535642533133 324518553658426726783156020576256
Q 22 180 5862682359281333 20769187434139310514121985316880384
Q 22 182 -5572887800617583 83076749736557242056487941267521536
Q 22 184 642082956790359 41538374868278621028243970633760768
Q 22 186 -4584333054090143 1329227995784915872903807060280344576
Q 22 188 7593107380525149 10633823966279326983230456482242756608
Q 22 190 -2185285158325139 10633823966279326983230456482242756608
Q 22 192 -6011821646254243 85070591730234615865843651857942052864
Q 22 194 -6113704324586853 340282366920938463463374607431768211456
Q 22 196 -3212074731880885 10633823966279326983230456482242756608
Q 22 198 -146685393901631 332306998946228968225951765070086144
Q 22 200 -2491880143651479 21267647932558653966460912964485513216
Q 22 202 -2735637350798419 21267647932558653966460912964485513216
Q 22 204 -5913934199410927 21267647932558653966460912964485513216
Q 22 206 6953951677030775 21267647932558653966460912964485513216
Q 22 208 2174794030789257 10633823966279326983230456482242756608
Q 22 210 5630482255498745 170141183460469231731687303715884105728
Q 22 212 1671079781844543 5316911983139663491615228241121378304
Q 22 214 -1531437834998353 5316911983139663491615228241121378304
Q 22 216 -7048585486097695 42535295865117307932921825928971026432
Q 22 218 -3458282749967821 340282366920938463463374607431768211456
Q 22 220 -1772441210993001 21267647932558653966460912964485513216
Q 22 222 611221575106027 1329227995784915872903807060280344576
Q 22 224 -3390745618582323 21267647932558653966460912964485513216
Q 22 226 -710607659257109 21267647932558653966460912964485513216
Q 22 228 -1349519263618475 5316911983139663491615228241121378304
Q 22 230 4260535005823579 42535295865117307932921825928971026432
Q 22 232 2263520196398775 10633823966279326983230456482242756608
Q 22 234 -1355608673567689 21267647932558653966460912964485513216
Q 22 236 -1502643675716667 10633823966279326983230456482242756608
Q 22 238 -5270714153626817 85070591730234615865843651857942052864
Q 22 240 4886904992463933 21267647932558653966460912964485513216
Q 22 242 -4690364919678357 680564733841876926926749214863536422912
Q 22 244 -244989432161223 1329227995784915872903807060280344576
Q 22 246 6965055310551969 340282366920938463463374607431768211456
Q 22 248 4076656350910451 21267647932558653966460912964485513216
Q 22 250 -2279888566110579 21267647932558653966460912964485513216
Q 22 252 -5651145803934449 42535295865117307932921825928971026432
Q 22 254 3972145000243639 21267647932558653966460912964485513216
Q 23 1 -8353643695714071 72057594037927936
Q 23 3 2968302853913237 18014398509481984
Q 23 5 -2328087181830577 36028797018963968
Q 23 7 -1705983264754565 18014398509481984
Q 23 9 3042475255128993 18014398509481984
Q 23 11 -3281223452200973 36028797018963968
Q 23 13 -616822639279051 9007199254740992
Q 23 15 6016816310657987 36028797018963968
Q 23 17 -4232486757919247 36028797018963968
Q 23 19 -1277675335975395 36028797018963968
Q 23 21 5673263184211531 36028797018963968
Q 23 23 -2581466827250243 18014398509481984
Q 23 25 7477027166827583 1152921504606846976
Q 23 27 2446813106573299 18014398509481984
Q 23 29 -5932101727185999 36028797018963968
Q 23 31 4162484527000427 72057594037927936
Q 23 33 6919635862294139 72057594037927936
Q 23 35 -3118184051430757 18014398509481984
Q 23 37 257223950689197 2251799813685248
Q 23 39 4708711678073857 144115188075855872
Q 23 41 -5580869303397219 36028797018963968
Q 23 43 5859572810529907 36028797018963968
Q 23 45 -7627107309738537 144115188075855872
Q 23 47 -6778243840262991 72057594037927936
Q 23 49 1590227762869843 9007199254740992
Q 23 51 -5093954760944861 36028797018963968
Q 23 53 8565674017749113 576460752303423488
Q 23 55 2178986959088369 18014398509481984
Q 23 57 -827718497177709 4503599627370496
Q 23 59 2519809364913883 18014398509481984
Q 23 61 -2593494236029855 144115188075855872
Q 23 63 -4088609047198559 36028797018963968
Q 23 65 3373864068913089 18014398509481984
Q 23 67 -3075823315778027 18014398509481984
Q 23 69 1375763840794075 18014398509481984
Q 23 71 7309659187854219 144115188075855872
Q 23 73 -2837497343671285 18014398509481984
Q 23 75 1853969340729835 9007199254740992
Q 23 77 -51756040585581 281474976710656
Q 23 79 3774486841316331 36028797018963968
Q 23 81 4176582803009511 1152921504606846976
Q 23 83 -8006523925445067 72057594037927936
Q 23 85 7018371794155363 36028797018963968
Q 23 87 -8767113158967499 36028797018963968
Q 23 89 4618638225959031 18014398509481984
Q 23 91 -4343639828598783 18014398509481984
Q 23 93 7492331902655435 36028797018963968
Q 23 95 -6018354124818857 36028797018963968
Q 23 97 2273863616916337 18014398509481984
Q 23 99 -6510339731976267 72057594037927936
Q 23 101 8873285940782291 144115188075855872
Q 23 103 -90306701328529 2251799813685248
Q 23 105 7218569055516555 288230376151711744
Q 23 107 -8665596546620103 576460752303423488
Q 23 109 5009772158836225 576460752303423488
Q 23 111 -2794510950837011 576460752303423488
Q 23 113 1506328630311089 576460752303423488
Q 23 115 -1571309173858821 1152921504606846976
Q 23 117 6351325941953807 9223372036854775808
Q 23 119 -6223782332563629 18446744073709551616
Q 23 121 5919584973630345 36893488147419103232
Q 23 123 -1367336749783981 18446744073709551616
Q 23 125 4912633998979485 147573952589676412928
Q 23 127 -4292666244997933 295147905179352825856
Q 23 129 7302613698285077 1180591620717411303424
Q 23 131 -6050086939347467 2361183241434822606848
Q 23 133 1221186868468545 1180591620717411303424
Q 23 135 -961343868176199 2361183241434822606848
Q 23 137 2952950118776473 18889465931478580854784
Q 23 139 -4426047295917221 75557863725914323419136
Q 23 141 6476928023302347 302231454903657293676544
Q 23 143 -2314331071759865 302231454903657293676544
Q 23 145 6463926396338503 2417851639229258349412352
Q 23 147 -8822967281626071 9671406556917033397649408
Q 23 149 1471856927726981 4835703278458516698824704
Q 23 151 -7684712052118951 77371252455336267181195264
Q 23 153 4906738329254401 154742504910672534362390528
Q 23 155 -3066040800548553 309485009821345068724781056
Q 23 157 7501772019144883 2475880078570760549798248448
Q 23 159 -4493109767110691 4951760157141521099596496896
Q 23 161 5271439745177675 19807040628566084398385987584
Q 23 163 -3029410976338741 39614081257132168796771975168
Q 23 165 3411910730146301 158456325028528675187087900672
Q 23 167 -3766325611112029 633825300114114700748351602688
Q 23 169 4075826536118499 2535301200456458802993406410752
Q 23 171 -8649971371263307 20282409603651670423947251286016
Q 23 173 2250529983214637 20282409603651670423947251286016
Q 23 175 -4595131376367771 162259276829213363391578010288128
Q 23 177 2301442709288653 324518553658426726783156020576256
Q 23 179 -2262110509792543 1298074214633706907132624082305024
Q 23 181 8723344687979301 20769187434139310514121985316880384
Q 23 183 -8272717017175281 83076749736557242056487941267521536
Q 23 185 7633835854085631 332306998946228968225951765070086144
Q 23 187 -6811009872939429 1329227995784915872903807060280344576
Q 23 189 1466273198562683 1329227995784915872903807060280344576
Q 23 191 -2905782137665 5192296858534827628530496329220096
Q 23 193 2408747731807581 21267647932558653966460912964485513216
Q 23 195 -4439136877009705 10633823966279326983230456482242756608
Q 23 197 -5295440131023995 21267647932558653966460912964485513216
Q 23 199 -945164901593179 2658455991569831745807614120560689152
Q 23 201 -1615821263906101 2658455991569831745807614120560689152
Q 23 203 4225990607906481 21267647932558653966460912964485513216
Q 23 205 -3619146855617927 10633823966279326983230456482242756608
Q 23 207 -5183356372179775 170141183460469231731687303715884105728
Q 23 209 7092298282703519 10633823966279326983230456482242756608
Q 23 211 -401097440569255 5316911983139663491615228241121378304
Q 23 213 5918408806078717 21267647932558653966460912964485513216
Q 23 215 -922163982035067 5316911983139663491615228241121378304
Q 23 217 -3756872130965721 21267647932558653966460912964485513216
Q 23 219 -862602955286577 2658455991569831745807614120560689152
Q 23 221 4567523748615593 10633823966279326983230456482242756608
Q 23 223 7623404079139399 170141183460469231731687303715884105728
Q 23 225 5437455991197363 42535295865117307932921825928971026432
Q 23 227 -3739032617066379 42535295865117307932921825928971026432
Q 23 229 -8670283488893689 21267647932558653966460912964485513216
Q 23 231 7039543251566589 21267647932558653966460912964485513216
Q 23 233 2486720011045797 340282366920938463463374607431768211456
Q 23 235 6330901026738389 42535295865117307932921825928971026432
Q 23 237 -3507593695043949 10633823966279326983230456482242756608
Q 23 239 660702967909769 21267647932558653966460912964485513216
Q 23 241 8310688391398273 42535295865117307932921825928971026432
Q 23 243 1838706731063145 42535295865117307932921825928971026432
Q 23 245 -5028800337852329 21267647932558653966460912964485513216
Q 23 247 1232073771989113 42535295865117307932921825928971026432
Q 23 249 4688877053136343 21267647932558653966460912964485513216
Q 23 251 -80421231108399 664613997892457936451903530140172288
Q 23 253 -1670640767425145 10633823966279326983230456482242756608
Q 23 255 4635599393285719 21267647932558653966460912964485513216
Q 24 0 2496562768304341 18014398509481984
Q 24 2 -3218952875960999 72057594037927936
Q 24 4 -8038946618061655 72057594037927936
Q 24 6 2965869509542791 18014398509481984
Q 24 8 -70857793453557 1125899906842624
Q 24 10 -7066357175039375 72057594037927936
Q 24 12 1507748395769309 9007199254740992
Q 24 14 -5817259380186843 72057594037927936
Q 24 16 -2911043107347335 36028797018963968
Q 24 18 378187009312663 2251799813685248
Q 24 20 -7320065930974087 72057594037927936
Q 24 22 -8195220005772053 144115188075855872
Q 24 24 2959241472485077 18014398509481984
Q 24 26 -4529354549255115 36028797018963968
Q 24 28 -838590493039505 36028797018963968
Q 24 30 342457009297817 2251799813685248
Q 24 32 -5431505663083487 36028797018963968
Q 24 34 3216807113828849 144115188075855872
Q 24 36 2245254249629677 18014398509481984
Q 24 38 -6122967883283003 36028797018963968
Q 24 40 5706881824192701 72057594037927936
Q 24 42 5311082140479605 72057594037927936
Q 24 44 -6124552043546995 36028797018963968
Q 24 46 312193319291817 2251799813685248
Q 24 48 -6592351541946833 1152921504606846976
Q 24 50 -1182533215641781 9007199254740992
Q 24 52 6384278906793519 36028797018963968
Q 24 54 -7480266948392221 72057594037927936
Q 24 56 -1342107343786669 36028797018963968
Q 24 58 5579285200442049 36028797018963968
Q 24 60 -3215822995435265 18014398509481984
Q 24 62 883777009158177 9007199254740992
Q 24 64 2670098644093683 72057594037927936
Q 24 66 -5493788669867157 36028797018963968
Q 24 68 6868869407686771 36028797018963968
Q 24 70 -4948974847116495 36028797018963968
Q 24 72 6341055197656883 288230376151711744
Q 24 74 7398490435174239 72057594037927936
Q 24 76 -3366990918743455 18014398509481984
Q 24 78 3659763842957203 18014398509481984
Q 24 80 -2734900433827569 18014398509481984
Q 24 82 3948294644351477 72057594037927936
Q 24 84 8204804915842375 144115188075855872
Q 24 86 -2797350004383025 18014398509481984
Q 24 88 500953740828961 2251799813685248
Q 24 90 -2276889331768711 9007199254740992
Q 24 92 4508308402430345 18014398509481984
Q 24 94 -8084248819657799 36028797018963968
Q 24 96 209368823546221 1125899906842624
Q 24 98 -649577698396655 4503599627370496
Q 24 100 7608017274052279 72057594037927936
Q 24 102 -5287457597279303 72057594037927936
Q 24 104 3504499784331949 72057594037927936
Q 24 106 -2222944943933747 72057594037927936
Q 24 108 5412969116726251 288230376151711744
Q 24 110 -6339580327264683 576460752303423488
Q 24 112 7156085824321589 1152921504606846976
Q 24 114 -7798272033426681 2305843009213693952
Q 24 116 4107895658401231 2305843009213693952
Q 24 118 -1047324411022415 1152921504606846976
Q 24 120 4140124022824595 9223372036854775808
Q 24 122 -7937676757015193 36893488147419103232
Q 24 124 7387640643491267 73786976294838206464
Q 24 126 -3340399042810779 73786976294838206464
Q 24 128 734324720320657 36893488147419103232
Q 24 130 -2513133416867799 295147905179352825856
Q 24 132 1046738065918269 295147905179352825856
Q 24 134 -6795368192215455 4722366482869645213696
Q 24 136 5374776823071813 9444732965739290427392
Q 24 138 -518196932779795 2361183241434822606848
Q 24 140 3119514178364725 37778931862957161709568
Q 24 142 -1145580111301843 37778931862957161709568
Q 24 144 3286230380124173 302231454903657293676544
Q 24 146 -4604182065502465 1208925819614629174706176
Q 24 148 393965285956153 302231454903657293676544
Q 24 150 -8435782302913211 19342813113834066795298816
Q 24 152 689951393913643 4835703278458516698824704
Q 24 154 -7065198217557679 154742504910672534362390528
Q 24 156 8848587359883153 618970019642690137449562112
Q 24 158 -2711581444865633 618970019642690137449562112
Q 24 160 3253948720231863 2475880078570760549798248448
Q 24 162 -7647572300313423 19807040628566084398385987584
Q 24 164 2200657371892857 19807040628566084398385987584
Q 24 166 -1240864060717493 39614081257132168796771975168
Q 24 168 5485322203510079 633825300114114700748351602688
Q 24 170 -5942048657277881 2535301200456458802993406410752
Q 24 172 3155388717792299 5070602400912917605986812821504
Q 24 174 -6572534504282175 40564819207303340847894502572032
Q 24 176 839238502010373 20282409603651670423947251286016
Q 24 178 -841107974205795 81129638414606681695789005144064
Q 24 180 6619961872238973 2596148429267413814265248164610048
Q 24 182 -1600080911548419 2596148429267413814265248164610048
Q 24 184 6042618990737545 41538374868278621028243970633760768
Q 24 186 -5574244008832995 166153499473114484112975882535043072
Q 24 188 2462077502374329 332306998946228968225951765070086144
Q 24 190 -5178846063194229 2658455991569831745807614120560689152
Q 24 192 -8366231788865437 170141183460469231731687303715884105728
Q 24 194 -4568776636400563 21267647932558653966460912964485513216
Q 24 196 -3233226037478319 2658455991569831745807614120560689152
Q 24 198 -4951114094294309 2658455991569831745807614120560689152
Q 24 200 -5539817551790905 10633823966279326983230456482242756608
Q 24 202 -5159863759497139 10633823966279326983230456482242756608
Q 24 204 -3188938200552603 2658455991569831745807614120560689152
Q 24 206 952798819210217 664613997892457936451903530140172288
Q 24 208 560189371979611 664613997892457936451903530140172288
Q 24 210 7023371659088529 42535295865117307932921825928971026432
Q 24 212 7150904072515623 5316911983139663491615228241121378304
Q 24 214 -6607827949462601 5316911983139663491615228241121378304
Q 24 216 -1828389912474631 2658455991569831745807614120560689152
Q 24 218 -8945007275931043 170141183460469231731687303715884105728
Q 24 220 -6867819042882897 21267647932558653966460912964485513216
Q 24 222 5165081288962773 2658455991569831745807614120560689152
Q 24 224 -3542719869496821 5316911983139663491615228241121378304
Q 24 226 -6441757805646517 42535295865117307932921825928971026432
Q 24 228 -5751568889774603 5316911983139663491615228241121378304
Q 24 230 4673289970778037 10633823966279326983230456482242756608
Q 24 232 2379680896212507 2658455991569831745807614120560689152
Q 24 234 -5607877995700389 21267647932558653966460912964485513216
Q 24 236 -6458612038197323 10633823966279326983230456482242756608
Q 24 238 -5496838285178279 21267647932558653966460912964485513216
Q 24 240 2590796551611893 2658455991569831745807614120560689152
Q 24 242 -578385120565789 21267647932558653966460912964485513216
Q 24 244 -8337866531301395 10633823966279326983230456482242756608
Q 24 246 1867638066093691 21267647932558653966460912964485513216
Q 24 248 8656223603746409 10633823966279326983230456482242756608
Q 24 250 -1210493954592571 2658455991569831745807614120560689152
Q 24 252 -6003735649679589 10633823966279326983230456482242756608
Q 24 254 8439699614606839 10633823966279326983230456482242756608
Q 25 1 8494811086683671 72057594037927936
Q 25 3 -5733418868458843 36028797018963968
Q 25 5 6415867343728397 144115188075855872
Q 25 7 8249345824741479 72057594037927936
Q 25 9 -5834859017397739 36028797018963968
Q 25 11 7426635199858993 144115188075855872
Q 25 13 7856384684006523 72057594037927936
Q 25 15 -5916953710234233 36028797018963968
Q 25 17 2217513854244059 36028797018963968
Q 25 19 7200733985044907 72057594037927936
Q 25 21 -6006842427154617 36028797018963968
Q 25 23 346166884894039 4503599627370496
Q 25 25 6091728449089373 72057594037927936
Q 25 27 -6056278865793669 36028797018963968
Q 25 29 3553124918432703 36028797018963968
Q 25 31 536141759594987 9007199254740992
Q 25 33 -2970231843595807 18014398509481984
Q 25 35 4545041424154267 36028797018963968
Q 25 37 1519478878203731 72057594037927936
Q 25 39 -1355556096018661 9007199254740992
Q 25 41 5583445488137309 36028797018963968
Q 25 43 -599932006429757 18014398509481984
Q 25 45 -8280102120789841 72057594037927936
Q 25 47 3127045540648161 18014398509481984
Q 25 49 -7222450973581225 72057594037927936
Q 25 51 -6833473724056231 144115188075855872
Q 25 53 5796224056244831 36028797018963968
Q 25 55 -2913282029617429 18014398509481984
Q 25 57 7620433275023021 144115188075855872
Q 25 59 6530877975499523 72057594037927936
Q 25 61 -6371444618654487 36028797018963968
Q 25 63 5603294340114137 36028797018963968
Q 25 65 -3136215485709419 72057594037927936
Q 25 67 -417616987848149 4503599627370496
Q 25 69 6477085939410419 36028797018963968
Q 25 71 -3176775689944349 18014398509481984
Q 25 73 6423292270355317 72057594037927936
Q 25 75 5451553302052005 144115188075855872
Q 25 77 -2685049889527703 18014398509481984
Q 25 79 1826551445518567 9007199254740992
Q 25 81 -6653894021317963 36028797018963968
Q 25 83 3858501757801687 36028797018963968
Q 25 85 6696138920323303 4611686018427387904
Q 25 87 -7899560916806117 72057594037927936
Q 25 89 108993762744069 562949953421312
Q 25 91 -4354475146983883 18014398509481984
Q 25 93 2285978937489509 9007199254740992
Q 25 95 -8553961764745907 36028797018963968
Q 25 97 916067958314525 4503599627370496
Q 25 99 -1460392387988387 9007199254740992
Q 25 101 8752522139529119 72057594037927936
Q 25 103 -3103104837316497 36028797018963968
Q 25 105 4186847296992403 72057594037927936
Q 25 107 -5395967364789999 144115188075855872
Q 25 109 6663610788539045 288230376151711744
Q 25 111 -7905332358075679 576460752303423488
Q 25 113 4514351937327213 576460752303423488
Q 25 115 -4972535430942911 1152921504606846976
Q 25 117 661332241228925 288230376151711744
Q 25 119 -2722360237187801 2305843009213693952
Q 25 121 5426127914484681 9223372036854775808
Q 25 123 -5242155391565191 18446744073709551616
Q 25 125 4914104677944897 36893488147419103232
Q 25 127 -8947317373052241 147573952589676412928
Q 25 129 3958226854188721 147573952589676412928
Q 25 131 -425769433083377 36893488147419103232
Q 25 133 713141771731421 147573952589676412928
Q 25 135 -2326349368206255 1180591620717411303424
Q 25 137 7394057739768491 9444732965739290427392
Q 25 139 -5727487510364495 18889465931478580854784
Q 25 141 8654036940994591 75557863725914323419136
Q 25 143 -3189726601478259 75557863725914323419136
Q 25 145 71728785001137 4722366482869645213696
Q 25 147 -6451986112012835 1208925819614629174706176
Q 25 149 8858876878040691 4835703278458516698824704
Q 25 151 -5943686994194401 9671406556917033397649408
Q 25 153 3898560012365221 19342813113834066795298816
Q 25 155 -5001445014791425 77371252455336267181195264
Q 25 157 6276756339059559 309485009821345068724781056
Q 25 159 -7708202915731541 1237940039285380274899124224
Q 25 161 4632797076367515 2475880078570760549798248448
Q 25 163 -5452363931755785 9903520314283042199192993792
Q 25 165 6284378552709383 39614081257132168796771975168
Q 25 167 -221735913109955 4951760157141521099596496896
Q 25 169 7849863971014351 633825300114114700748351602688
Q 25 171 -4255622709917163 1267650600228229401496703205376
Q 25 173 4523219205685179 5070602400912917605986812821504
Q 25 175 -2356965391278093 10141204801825835211973625643008
Q 25 177 4818006695423677 81129638414606681695789005144064
Q 25 179 -2415080874316895 162259276829213363391578010288128
Q 25 181 4749149269943481 1298074214633706907132624082305024
Q 25 183 -2293577610720707 2596148429267413814265248164610048
Q 25 185 8668929045409673 41538374868278621028243970633760768
Q 25 187 -7986495211679449 166153499473114484112975882535043072
Q 25 189 7164741920253609 664613997892457936451903530140172288
Q 25 191 -4933620372134013 1329227995784915872903807060280344576
Q 25 193 2066319490331963 2658455991569831745807614120560689152
Q 25 195 -594594624960663 332306998946228968225951765070086144
Q 25 197 -5355555298941879 5316911983139663491615228241121378304
Q 25 199 -7451022958600129 5316911983139663491615228241121378304
Q 25 201 -3314805798378339 1329227995784915872903807060280344576
Q 25 203 8799484305399143 10633823966279326983230456482242756608
Q 25 205 -7405468448809033 5316911983139663491615228241121378304
Q 25 207 -758261013605329 10633823966279326983230456482242756608
Q 25 209 453696550251331 166153499473114484112975882535043072
Q 25 211 -864940042971033 2658455991569831745807614120560689152
Q 25 213 6437076210092081 5316911983139663491615228241121378304
Q 25 215 -2014185378587937 2658455991569831745807614120560689152
Q 25 217 -3667852614316791 5316911983139663491615228241121378304
Q 25 219 -3584206328421233 2658455991569831745807614120560689152
Q 25 221 4660804551322929 2658455991569831745807614120560689152
Q 25 223 3900102149450367 21267647932558653966460912964485513216
Q 25 225 2795842446548755 5316911983139663491615228241121378304
Q 25 227 -902011908008659 2658455991569831745807614120560689152
Q 25 229 -2235675198992907 1329227995784915872903807060280344576
Q 25 231 908025929667041 664613997892457936451903530140172288
Q 25 233 6298224194892487 340282366920938463463374607431768211456
Q 25 235 3280123796588307 5316911983139663491615228241121378304
Q 25 237 -7154342752617291 5316911983139663491615228241121378304
Q 25 239 340723214497917 2658455991569831745807614120560689152
Q 25 241 8524788395150189 10633823966279326983230456482242756608
Q 25 243 7397355246256367 42535295865117307932921825928971026432
Q 25 245 -2566820630518525 2658455991569831745807614120560689152
Q 25 247 2504873803877797 21267647932558653966460912964485513216
Q 25 249 4795999520728943 5316911983139663491615228241121378304
Q 25 251 -2631907947352753 5316911983139663491615228241121378304
Q 25 253 -6830075861370785 10633823966279326983230456482242756608
Q 25 255 2369285436780455 2658455991569831745807614120560689152
Q 26 0 -4884949162516873 36028797018963968
Q 26 2 158616158009877 4503599627370496
Q 26 4 546000094371281 4503599627370496
Q 26 6 -1409067640439131 9007199254740992
Q 26 8 4739397778746803 144115188075855872
Q 26 10 8950885007832157 72057594037927936
Q 26 12 -5617236877386483 36028797018963968
Q 26 14 4420765996334319 144115188075855872
Q 26 16 4515250139343809 36028797018963968
Q 26 18 -5641789378345767 36028797018963968
Q 26 20 4761680822263399 144115188075855872
Q 26 22 8858603934785905 72057594037927936
Q 26 24 -5741968840942099 36028797018963968
Q 26 26 6096677715360747 144115188075855872
Q 26 28 8292890608256997 72057594037927936
Q 26 30 -2955513196937475 18014398509481984
Q 26 32 2176553776781649 36028797018963968
Q 26 34 7111096777955261 72057594037927936
Q 26 36 -6072261620616513 36028797018963968
Q 26 38 3183558320228235 36028797018963968
Q 26 40 2491472034009593 36028797018963968
Q 26 42 -94146222597635 562949953421312
Q 26 44 8961792944078367 72057594037927936
Q 26 46 3049328220971001 144115188075855872
Q 26 48 -5390213666751911 36028797018963968
Q 26 50 2884602455100665 18014398509481984
Q 26 52 -857352963564843 18014398509481984
Q 26 54 -3622219976149671 36028797018963968
Q 26 56 6327675868422287 36028797018963968
Q 26 58 -2288299089369705 18014398509481984
Q 26 60 -4680381302608339 576460752303423488
Q 26 62 4969332126025011 36028797018963968
Q 26 64 -6501026182327157 36028797018963968
Q 26 66 255204453270967 2251799813685248
Q 26 68 5665302544828333 288230376151711744
Q 26 70 -5107063561314575 36028797018963968
Q 26 72 6816994859552361 36028797018963968
Q 26 74 -5132579610073453 36028797018963968
Q 26 76 4173625985372697 144115188075855872
Q 26 78 3503131733307473 36028797018963968
Q 26 80 -1655685645418141 9007199254740992
Q 26 82 7255296213317335 36028797018963968
Q 26 84 -5399751893461735 36028797018963968
Q 26 86 7491120162840651 144115188075855872
Q 26 88 4339692778822609 72057594037927936
Q 26 90 -5690977014917781 36028797018963968
Q 26 92 8048070046857747 36028797018963968
Q 26 94 -4526774336790171 18014398509481984
Q 26 96 8877139616726241 36028797018963968
Q 26 98 -7880967216962255 36028797018963968
Q 26 100 6464371790512025 36028797018963968
Q 26 102 -4960198807505805 36028797018963968
Q 26 104 7180410768414891 72057594037927936
Q 26 106 -4931925108828929 72057594037927936
Q 26 108 6458307906637417 144115188075855872
Q 26 110 -4045075210578849 144115188075855872
Q 26 112 4861067025379969 288230376151711744
Q 26 114 -2808590316344345 288230376151711744
Q 26 116 390858118507279 72057594037927936
Q 26 118 -1679814054528383 576460752303423488
Q 26 120 6977407629053507 4611686018427387904
Q 26 122 -3505733909273799 4611686018427387904
Q 26 124 6825795369789549 18446744073709551616
Q 26 126 -3222049093463111 18446744073709551616
Q 26 128 5905096215331735 73786976294838206464
Q 26 130 -2628283949460645 73786976294838206464
Q 26 132 2274475233990969 147573952589676412928
Q 26 134 -7659139648826487 1180591620717411303424
Q 26 136 98071219428205 36893488147419103232
Q 26 138 -156555569741093 147573952589676412928
Q 26 140 1948388916262743 4722366482869645213696
Q 26 142 -5910606762517235 37778931862957161709568
Q 26 144 8745263785108333 151115727451828646838272
Q 26 146 -6313801316098037 302231454903657293676544
Q 26 148 69537275013427 9444732965739290427392
Q 26 150 -3063830099063233 1208925819614629174706176
Q 26 152 4121777512630891 4835703278458516698824704
Q 26 154 -1354944746247743 4835703278458516698824704
Q 26 156 6967911735393289 77371252455336267181195264
Q 26 158 -8761688253742199 309485009821345068724781056
Q 26 160 5389405625717745 618970019642690137449562112
Q 26 162 -3244292145838321 1237940039285380274899124224
Q 26 164 7647295284705653 9903520314283042199192993792
Q 26 166 -8825362157654067 39614081257132168796771975168
Q 26 168 4987781530340309 79228162514264337593543950336
Q 26 170 -345208828903441 19807040628566084398385987584
Q 26 172 5993648361396039 1267650600228229401496703205376
Q 26 174 -3187469922124527 2535301200456458802993406410752
Q 26 176 415464337912241 1267650600228229401496703205376
Q 26 178 -6797379886711579 81129638414606681695789005144064
Q 26 180 3409214042833969 162259276829213363391578010288128
Q 26 182 -3356668773864515 649037107316853453566312041152512
Q 26 184 6470411349553763 5192296858534827628530496329220096
Q 26 186 -1526603770126585 5192296858534827628530496329220096
Q 26 188 5647893955164261 83076749736557242056487941267521536
Q 26 190 -5529132111696109 332306998946228968225951765070086144
Q 26 192 5090866974784497 2658455991569831745807614120560689152
Q 26 194 -879041430212205 664613997892457936451903530140172288
Q 26 196 -5483779717291343 1329227995784915872903807060280344576
Q 26 198 -316169451264635 41538374868278621028243970633760768
Q 26 200 -4505646694390203 2658455991569831745807614120560689152
Q 26 202 -5110983360172537 2658455991569831745807614120560689152
Q 26 204 -6021815878210879 1329227995784915872903807060280344576
Q 26 206 110777758761967 20769187434139310514121985316880384
Q 26 208 8708539922425349 2658455991569831745807614120560689152
Q 26 210 5775745964924113 10633823966279326983230456482242756608
Q 26 212 6739736748532531 1329227995784915872903807060280344576
Q 26 214 -1534878861084477 332306998946228968225951765070086144
Q 26 216 -886282100981867 332306998946228968225951765070086144
Q 26 218 -2125962318058513 10633823966279326983230456482242756608
Q 26 220 -6740881761454357 5316911983139663491615228241121378304
Q 26 222 1225360873043277 166153499473114484112975882535043072
Q 26 224 -3390211649894369 1329227995784915872903807060280344576
Q 26 226 -5416470885874145 10633823966279326983230456482242756608
Q 26 228 -2726440303615505 664613997892457936451903530140172288
Q 26 230 4287328181198801 2658455991569831745807614120560689152
Q 26 232 2263178557672691 664613997892457936451903530140172288
Q 26 234 -2701311978479587 2658455991569831745807614120560689152
Q 26 236 -3007228499963397 1329227995784915872903807060280344576
Q 26 238 -5257604433319889 5316911983139663491615228241121378304
Q 26 240 4882916162767459 1329227995784915872903807060280344576
Q 26 242 -2165591444376515 21267647932558653966460912964485513216
Q 26 244 -3929046559353693 1329227995784915872903807060280344576
Q 26 246 7034218158302489 21267647932558653966460912964485513216
Q 26 248 1020524502011513 332306998946228968225951765070086144
Q 26 250 -2283004663089155 1329227995784915872903807060280344576
Q 26 252 -2831250505643339 1329227995784915872903807060280344576
Q 26 254 62180012880129 20769187434139310514121985316880384
Q 27 1 -8624609441849753 72057594037927936
Q 27 3 5514712313252863 36028797018963968
Q 27 5 -1806187349429701 72057594037927936
Q 27 7 -2345724615863499 18014398509481984
Q 27 9 1341295482177109 9007199254740992
Q 27 11 -3272407156878459 288230376151711744
Q 27 13 -2489130233509771 18014398509481984
Q 27 15 2591984405869087 18014398509481984
Q 27 17 -5212321351652209 9223372036854775808
Q 27 19 -2582590686759305 18014398509481984
Q 27 21 2536064509912737 18014398509481984
Q 27 23 2625007394840085 576460752303423488
Q 27 25 -2617882509109077 18014398509481984
Q 27 27 159262489822803 1125899906842624
Q 27 29 3959456100088711 2305843009213693952
Q 27 31 -5160111581080733 36028797018963968
Q 27 33 5298276816342965 36028797018963968
Q 27 35 -824234973300987 72057594037927936
Q 27 37 -4859282752720565 36028797018963968
Q 27 39 353783892470085 2251799813685248
Q 27 41 -5366158545873243 144115188075855872
Q 27 43 -260581730493015 2251799813685248
Q 27 45 6047157058151479 36028797018963968
Q 27 47 -5526412256367233 72057594037927936
Q 27 49 -5656129783387799 72057594037927936
Q 27 51 3056387517750193 18014398509481984
Q 27 53 -4535279799683019 36028797018963968
Q 27 55 -4435784105916679 288230376151711744
Q 27 57 2613470160816061 18014398509481984
Q 27 59 -6083558170087141 36028797018963968
Q 27 61 5282531006935411 72057594037927936
Q 27 63 5207143798884891 72057594037927936
Q 27 65 -6136702330325767 36028797018963968
Q 27 67 2896776271670845 18014398509481984
Q 27 69 -3889900669448597 72057594037927936
Q 27 71 -6054382018660079 72057594037927936
Q 27 73 1584001214256003 9007199254740992
Q 27 75 -1586782384746957 9007199254740992
Q 27 77 1621947707777551 18014398509481984
Q 27 79 5407113234379665 144115188075855872
Q 27 81 -5367985686411067 36028797018963968
Q 27 83 3627955053919475 18014398509481984
Q 27 85 -6506457866963585 36028797018963968
Q 27 87 7223885510585275 72057594037927936
Q 27 89 1393606095913831 144115188075855872
Q 27 91 -8436553341238001 72057594037927936
Q 27 93 7145429308933219 36028797018963968
Q 27 95 -2185012659266367 9007199254740992
Q 27 97 564695298620241 2251799813685248
Q 27 99 -8335521344214025 36028797018963968
Q 27 101 3523334608579897 18014398509481984
Q 27 103 -2771473633585187 18014398509481984
Q 27 105 4097462679669305 36028797018963968
Q 27 107 -358287293336243 4503599627370496
Q 27 109 7628636742199903 144115188075855872
Q 27 111 -1211787468349025 36028797018963968
Q 27 113 5900565175263927 288230376151711744
Q 27 115 -6898445277483051 576460752303423488
Q 27 117 1940558043414023 288230376151711744
Q 27 119 -8421437472331487 2305843009213693952
Q 27 121 4411606619825147 2305843009213693952
Q 27 123 -8939186775356233 9223372036854775808
Q 27 125 8768381712918143 18446744073709551616
Q 27 127 -8335910895087817 36893488147419103232
Q 27 129 1921998781295199 18446744073709551616
Q 27 131 -3442260459509293 73786976294838206464
Q 27 133 5990666347526347 295147905179352825856
Q 27 135 -5069071873790537 590295810358705651712
Q 27 137 4173685539220613 1180591620717411303424
Q 27 139 -3345902006785359 2361183241434822606848
Q 27 141 1306544259837515 2361183241434822606848
Q 27 143 -7956660775492833 37778931862957161709568
Q 27 145 5906591760226093 75557863725914323419136
Q 27 147 -8555842588977759 302231454903657293676544
Q 27 149 6048349291475261 604462909807314587353088
Q 27 151 -1043775501137915 302231454903657293676544
Q 27 153 5630562650333289 4835703278458516698824704
Q 27 155 -231883939791281 604462909807314587353088
Q 27 157 2389821437670789 19342813113834066795298816
Q 27 159 -6021168727070965 154742504910672534362390528
Q 27 161 3709836339409523 309485009821345068724781056
Q 27 163 -4473107359481687 1237940039285380274899124224
Q 27 165 5278870254684893 4951760157141521099596496896
Q 27 167 -3049587641075577 9903520314283042199192993792
Q 27 169 6901068575550113 79228162514264337593543950336
Q 27 171 -7648721780786907 316912650057057350374175801344
Q 27 173 1038261379299459 158456325028528675187087900672
Q 27 175 -552490920527473 316912650057057350374175801344
Q 27 177 1152784401447471 2535301200456458802993406410752
Q 27 179 -2358316468361639 20282409603651670423947251286016
Q 27 181 591332695829739 20282409603651670423947251286016
Q 27 183 -2328073030672649 324518553658426726783156020576256
Q 27 185 2244187156095405 1298074214633706907132624082305024
Q 27 187 -4234510686236479 10384593717069655257060992658440192
Q 27 189 1954003045313377 20769187434139310514121985316880384
Q 27 191 -8615232073520579 332306998946228968225951765070086144
Q 27 193 3465329369852627 664613997892457936451903530140172288
Q 27 195 -4500589271944639 664613997892457936451903530140172288
Q 27 197 -1230034299790259 332306998946228968225951765070086144
Q 27 199 -3458195995435121 664613997892457936451903530140172288
Q 27 201 -6240335216136999 664613997892457936451903530140172288
Q 27 203 8882258461107411 2658455991569831745807614120560689152
Q 27 205 -7237666440441453 1329227995784915872903807060280344576
Q 27 207 -6588310753355315 21267647932558653966460912964485513216
Q 27 209 6782678337975229 664613997892457936451903530140172288
Q 27 211 -7655312502124911 5316911983139663491615228241121378304
Q 27 213 3019402286401501 664613997892457936451903530140172288
Q 27 215 -7822536214670843 2658455991569831745807614120560689152
Q 27 217 -6247521103615111 2658455991569831745807614120560689152
Q 27 219 -6707745937841669 1329227995784915872903807060280344576
Q 27 221 550748087296797 83076749736557242056487941267521536
Q 27 223 5850317940427085 10633823966279326983230456482242756608
Q 27 225 2693754391372975 1329227995784915872903807060280344576
Q 27 227 -1742612301475011 1329227995784915872903807060280344576
Q 27 229 -8121268807224151 1329227995784915872903807060280344576
Q 27 231 6600734708049957 1329227995784915872903807060280344576
Q 27 233 4732017188363679 85070591730234615865843651857942052864
Q 27 235 5958569758230491 2658455991569831745807614120560689152
Q 27 237 -3268565196292587 664613997892457936451903530140172288
Q 27 239 2567084778554897 5316911983139663491615228241121378304
Q 27 241 7738206730367167 2658455991569831745807614120560689152
Q 27 243 3426062575520397 5316911983139663491615228241121378304
Q 27 245 -4677959143121511 1329227995784915872903807060280344576
Q 27 247 71372654445845 166153499473114484112975882535043072
Q 27 249 545531185971947 166153499473114484112975882535043072
Q 27 251 -1197521233258441 664613997892457936451903530140172288
Q 27 253 -3108940879007783 1329227995784915872903807060280344576
Q 27 255 4313647109503693 1329227995784915872903807060280344576
Q 28 0 4785741706254897 36028797018963968
Q 28 2 -7563889686759871 288230376151711744
Q 28 4 -4660161100118705 36028797018963968
Q 28 6 5256663779706541 36028797018963968
Q 28 8 -8203693756449275 2305843009213693952
Q 28 10 -1287137179882235 9007199254740992
Q 28 12 4844914688112947 36028797018963968
Q 28 14 5558160054593669 288230376151711744
Q 28 16 -5488985254181713 36028797018963968
Q 28 18 1103219869259733 9007199254740992
Q 28 20 5414294903867341 144115188075855872
Q 28 22 -5692462477856991 36028797018963968
Q 28 24 8147361296226399 72057594037927936
Q 28 26 7083857151173501 144115188075855872
Q 28 28 -5796810700456363 36028797018963968
Q 28 30 7863813539700001 72057594037927936
Q 28 32 3765122047214637 72057594037927936
Q 28 34 -1457468939565753 9007199254740992
Q 28 36 1018141265147107 9007199254740992
Q 28 38 1612179596612667 36028797018963968
Q 28 40 -180201960519823 1125899906842624
Q 28 42 567161723553999 4503599627370496
Q 28 44 6820890094200265 288230376151711744
Q 28 46 -5475553817874339 36028797018963968
Q 28 48 2636117605314343 18014398509481984
Q 28 50 -4175520376234123 288230376151711744
Q 28 52 -2334101452990247 18014398509481984
Q 28 54 3010433687170897 18014398509481984
Q 28 56 -159554272561715 2251799813685248
Q 28 58 -181404572002351 2251799813685248
Q 28 60 6165103898856889 36028797018963968
Q 28 62 -4916883037320543 36028797018963968
Q 28 64 6144597325646759 1152921504606846976
Q 28 66 4663759742455065 36028797018963968
Q 28 68 -3231254263994893 18014398509481984
Q 28 70 2099810576085413 18014398509481984
Q 28 72 1171938371668977 72057594037927936
Q 28 74 -1259084911418893 9007199254740992
Q 28 76 1688372607944433 9007199254740992
Q 28 78 -2504726300795879 18014398509481984
Q 28 80 213331770886069 9007199254740992
Q 28 82 7373109928377869 72057594037927936
Q 28 84 -1672185985226501 9007199254740992
Q 28 86 890547960514873 4503599627370496
Q 28 88 -2534975630470753 18014398509481984
Q 28 90 5683745699356359 144115188075855872
Q 28 92 1312061398014367 18014398509481984
Q 28 94 -6033838130087005 36028797018963968
Q 28 96 2052077640033873 9007199254740992
Q 28 98 -4507963984990577 18014398509481984
Q 28 100 4336907071861969 18014398509481984
Q 28 102 -3785401697215079 18014398509481984
Q 28 104 3055510869107649 18014398509481984
Q 28 106 -2308125343066245 18014398509481984
Q 28 108 822462501648419 9007199254740992
Q 28 110 -8899607573915377 144115188075855872
Q 28 112 2868442118382159 72057594037927936
Q 28 114 -884304086443313 36028797018963968
Q 28 116 8367723074669913 576460752303423488
Q 28 118 -4757748250702119 576460752303423488
Q 28 120 81433564869185 18014398509481984
Q 28 122 -5508710718689317 2305843009213693952
Q 28 124 5626409934721719 4611686018427387904
Q 28 126 -1390018396412815 2305843009213693952
Q 28 128 5322153058861497 18446744073709551616
Q 28 130 -4939576249245407 36893488147419103232
Q 28 132 4449199936315075 73786976294838206464
Q 28 134 -1946219017065169 73786976294838206464
Q 28 136 3310056456515959 295147905179352825856
Q 28 138 -2737930567578155 590295810358705651712
Q 28 140 2204240053226689 1180591620717411303424
Q 28 142 -6912903632107543 9444732965739290427392
Q 28 144 2640676138917719 9444732965739290427392
Q 28 146 -1966821016669625 18889465931478580854784
Q 28 148 178606656239513 4722366482869645213696
Q 28 150 -8103431919212321 604462909807314587353088
Q 28 152 1402016835071663 302231454903657293676544
Q 28 154 -7580789993721399 4835703278458516698824704
Q 28 156 5005849083866647 9671406556917033397649408
Q 28 158 -3230649164788123 19342813113834066795298816
Q 28 160 8153794504981461 154742504910672534362390528
Q 28 162 -2515822123903569 154742504910672534362390528
Q 28 164 6075278938474377 1237940039285380274899124224
Q 28 166 -897302311101387 618970019642690137449562112
Q 28 168 8302757415032825 19807040628566084398385987584
Q 28 170 -4701504248653699 39614081257132168796771975168
Q 28 172 5214917557179825 158456325028528675187087900672
Q 28 174 -708344693883697 79228162514264337593543950336
Q 28 176 377124770390507 158456325028528675187087900672
Q 28 178 -3148774282906693 5070602400912917605986812821504
Q 28 180 1611015315503899 10141204801825835211973625643008
Q 28 182 -1616897330801161 40564819207303340847894502572032
Q 28 184 1589987768128831 162259276829213363391578010288128
Q 28 186 -1531657268881401 649037107316853453566312041152512
Q 28 188 2891873659933539 5192296858534827628530496329220096
Q 28 190 -693152825652973 5192296858534827628530496329220096
Q 28 192 8502153171951233 332306998946228968225951765070086144
Q 28 194 -6000662743052373 664613997892457936451903530140172288
Q 28 196 -2185289996685495 166153499473114484112975882535043072
Q 28 198 -8427566820286885 332306998946228968225951765070086144
Q 28 200 -1672165703048987 332306998946228968225951765070086144
Q 28 202 -2315660651224343 332306998946228968225951765070086144
Q 28 204 -5082149017845705 332306998946228968225951765070086144
Q 28 206 373921190576589 20769187434139310514121985316880384
Q 28 208 7192360403603369 664613997892457936451903530140172288
Q 28 210 8151659496323385 5316911983139663491615228241121378304
Q 28 212 5772654389352057 332306998946228968225951765070086144
Q 28 214 -652089677620675 41538374868278621028243970633760768
Q 28 216 -2887943313092681 332306998946228968225951765070086144
Q 28 218 -8347066386105499 21267647932558653966460912964485513216
Q 28 220 -3103676664496899 664613997892457936451903530140172288
Q 28 222 1039201042545157 41538374868278621028243970633760768
Q 28 224 -2977774495097747 332306998946228968225951765070086144
Q 28 226 -2109518060446063 1329227995784915872903807060280344576
Q 28 228 -2321226569705885 166153499473114484112975882535043072
Q 28 230 7385906615173415 1329227995784915872903807060280344576
Q 28 232 7551382407417831 664613997892457936451903530140172288
Q 28 234 -1129538553119257 332306998946228968225951765070086144
Q 28 236 -2542447620442479 332306998946228968225951765070086144
Q 28 238 -8778318023201903 2658455991569831745807614120560689152
Q 28 240 4108049157293379 332306998946228968225951765070086144
Q 28 242 -1947825867038305 5316911983139663491615228241121378304
Q 28 244 -824049425977099 83076749736557242056487941267521536
Q 28 246 2945375988889387 2658455991569831745807614120560689152
Q 28 248 1713957675161695 166153499473114484112975882535043072
Q 28 250 -7668621590305641 1329227995784915872903807060280344576
Q 28 252 -2376667387769113 332306998946228968225951765070086144
Q 28 254 835229293759101 83076749736557242056487941267521536
Q 29 1 2186081007942205 18014398509481984
Q 29 3 -2641287435952769 18014398509481984
Q 29 5 919341914808607 144115188075855872
Q 29 7 5116642692555313 36028797018963968
Q 29 9 -2358673165611099 18014398509481984
Q 29 11 -7850296913033925 288230376151711744
Q 29 13 5585000429976377 36028797018963968
Q 29 15 -7924920489824201 72057594037927936
Q 29 17 -8229848677172459 144115188075855872
Q 29 19 726077550878435 4503599627370496
Q 29 21 -1597014958284615 18014398509481984
Q 29 23 -1447827599436793 18014398509481984
Q 29 25 1465350295026157 9007199254740992
Q 29 27 -159995104861929 2251799813685248
Q 29 29 -431495165091743 4503599627370496
Q 29 31 2924307552741613 18014398509481984
Q 29 33 -8763406705102011 144115188075855872
Q 29 35 -7413133340325759 72057594037927936
Q 29 37 5866205519095841 36028797018963968
Q 29 39 -8782369517834393 144115188075855872
Q 29 41 -3623459803841243 36028797018963968
Q 29 43 1488923411924595 9007199254740992
Q 29 45 -1328941697381881 18014398509481984
Q 29 47 -3105250089309075 36028797018963968
Q 29 49 23616892120697 140737488355328
Q 29 51 -7216844261521189 72057594037927936
Q 29 53 -7864555629279189 144115188075855872
Q 29 55 734089454983963 4503599627370496
Q 29 57 -1231260811175975 9007199254740992
Q 29 59 2265324476189927 4611686018427387904
Q 29 61 1225871416685111 9007199254740992
Q 29 63 -3057854891314075 18014398509481984
Q 29 65 5709802480531745 72057594037927936
Q 29 67 2420352192237957 36028797018963968
Q 29 69 -6052182003330561 36028797018963968
Q 29 71 5740346167052419 36028797018963968
Q 29 73 -3699777883902415 72057594037927936
Q 29 75 -6280371965689939 72057594037927936
Q 29 77 6357257624256205 36028797018963968
Q 29 79 -6179411656956303 36028797018963968
Q 29 81 723908554444763 9007199254740992
Q 29 83 3500672306661805 72057594037927936
Q 29 85 -5630665367167199 36028797018963968
Q 29 87 7238286336044503 36028797018963968
Q 29 89 -385921312307537 2251799813685248
Q 29 91 3051085105525891 36028797018963968
Q 29 93 980078595988271 36028797018963968
Q 29 95 -4755997732326897 36028797018963968
Q 29 97 3736525080846831 18014398509481984
Q 29 99 -4407381448044959 18014398509481984
Q 29 101 8881496534355305 36028797018963968
Q 29 103 -4010311885234499 18014398509481984
Q 29 105 3325446420001227 18014398509481984
Q 29 107 -160537652442343 1125899906842624
Q 29 109 233197699180271 2251799813685248
Q 29 111 -1282617130768333 18014398509481984
Q 29 113 6711071308104735 144115188075855872
Q 29 115 -4191701598248259 144115188075855872
Q 29 117 156746953488473 9007199254740992
Q 29 119 -2882063760261189 288230376151711744
Q 29 121 6374707313871033 1152921504606846976
Q 29 123 -1699216592147015 576460752303423488
Q 29 125 1749410921258275 1152921504606846976
Q 29 127 -217684380812835 288230376151711744
Q 29 129 6712801829951671 18446744073709551616
Q 29 131 -6268935462470565 36893488147419103232
Q 29 133 2839437571982183 36893488147419103232
Q 29 135 -2497209298602533 73786976294838206464
Q 29 137 8535589970740607 590295810358705651712
Q 29 139 -7091876885455577 1180591620717411303424
Q 29 141 716631653360209 295147905179352825856
Q 29 143 -4512054209837067 4722366482869645213696
Q 29 145 6918366672803735 18889465931478580854784
Q 29 147 -2584725396591515 18889465931478580854784
Q 29 149 7533079479856891 151115727451828646838272
Q 29 151 -5354643151489819 302231454903657293676544
Q 29 153 928707652386253 151115727451828646838272
Q 29 155 -5032780543695415 2417851639229258349412352
Q 29 157 3330027757704329 4835703278458516698824704
Q 29 159 -2153030823322153 9671406556917033397649408
Q 29 161 680360199959045 9671406556917033397649408
Q 29 163 -6727291808498507 309485009821345068724781056
Q 29 165 4066532377004923 618970019642690137449562112
Q 29 167 -2405163207012791 1237940039285380274899124224
Q 29 169 1392288951735019 2475880078570760549798248448
Q 29 171 -6312358460853435 39614081257132168796771975168
Q 29 173 7006473555896705 158456325028528675187087900672
Q 29 175 -1904438980015809 158456325028528675187087900672
Q 29 177 8114935289995199 2535301200456458802993406410752
Q 29 179 -529485002354587 633825300114114700748351602688
Q 29 181 4334469826874941 20282409603651670423947251286016
Q 29 183 -2174792852785887 40564819207303340847894502572032
Q 29 185 8554251352378521 649037107316853453566312041152512
Q 29 187 -8240664569510313 2596148429267413814265248164610048
Q 29 189 7790499122693859 10384593717069655257060992658440192
Q 29 191 -1982332984746835 10384593717069655257060992658440192
Q 29 193 7305249250941029 166153499473114484112975882535043072
Q 29 195 -4962231731507081 166153499473114484112975882535043072
Q 29 197 -6348594336640905 664613997892457936451903530140172288
Q 29 199 -364542217024751 20769187434139310514121985316880384
Q 29 201 -2500914892853249 83076749736557242056487941267521536
Q 29 203 3520868115515389 332306998946228968225951765070086144
Q 29 205 -5539227097232159 332306998946228968225951765070086144
Q 29 207 -281616071765193 166153499473114484112975882535043072
Q 29 209 5509407129563709 166153499473114484112975882535043072
Q 29 211 -6370283800732759 1329227995784915872903807060280344576
Q 29 213 4899954748450237 332306998946228968225951765070086144
Q 29 215 -3277044673681477 332306998946228968225951765070086144
Q 29 217 -2369926879979473 332306998946228968225951765070086144
Q 29 219 -2819480645869901 166153499473114484112975882535043072
Q 29 221 3637164913399179 166153499473114484112975882535043072
Q 29 223 8138280367741257 5316911983139663491615228241121378304
Q 29 225 8712338198391437 1329227995784915872903807060280344576
Q 29 227 -5521313938892833 1329227995784915872903807060280344576
Q 29 229 -3293493991509651 166153499473114484112975882535043072
Q 29 231 2689280298515527 166153499473114484112975882535043072
Q 29 233 3466919632050853 21267647932558653966460912964485513216
Q 29 235 4808250135477951 664613997892457936451903530140172288
Q 29 237 -5258802307660269 332306998946228968225951765070086144
Q 29 239 7585341904102731 5316911983139663491615228241121378304
Q 29 241 3173856908483419 332306998946228968225951765070086144
Q 29 243 338696513322171 166153499473114484112975882535043072
Q 29 245 -3783901831952079 332306998946228968225951765070086144
Q 29 247 7288460503989237 5316911983139663491615228241121378304
Q 29 249 3550438105187359 332306998946228968225951765070086144
Q 29 251 -7795341509560593 1329227995784915872903807060280344576
Q 29 253 -5049841946230827 664613997892457936451903530140172288
Q 29 255 876047557326643 83076749736557242056487941267521536
Q 30 0 -293383311873445 2251799813685248
Q 30 2 2548773432948935 144115188075855872
Q 30 4 4900268663962773 36028797018963968
Q 30 6 -1201862564148721 9007199254740992
Q 30 8 -876507753087025 36028797018963968
Q 30 10 5552341468327765 36028797018963968
Q 30 12 -3800671918641817 36028797018963968
Q 30 14 -4678233717283745 72057594037927936
Q 30 16 5792645082428231 36028797018963968
Q 30 18 -5248036104863393 72057594037927936
Q 30 20 -7054700512706875 72057594037927936
Q 30 22 2848798903564301 18014398509481984
Q 30 24 -5938962502914611 144115188075855872
Q 30 26 -8755984525635663 72057594037927936
Q 30 28 5421355718903027 36028797018963968
Q 30 30 -8893012055743473 576460752303423488
Q 30 32 -4909168558629075 36028797018963968
Q 30 34 5143027914189163 36028797018963968
Q 30 36 2228654324663187 2305843009213693952
Q 30 38 -1294157954845985 9007199254740992
Q 30 40 2511191702953293 18014398509481984
Q 30 42 6110089510001867 1152921504606846976
Q 30 44 -1303790899112119 9007199254740992
Q 30 46 2581674660953797 18014398509481984
Q 30 48 -5753126572703687 1152921504606846976
Q 30 50 -2486064801819009 18014398509481984
Q 30 52 5567800046343441 36028797018963968
Q 30 54 -1175990309091813 36028797018963968
Q 30 56 -2122054578357211 18014398509481984
Q 30 58 6047465571582125 36028797018963968
Q 30 60 -1418158922782759 18014398509481984
Q 30 62 -5318417188777439 72057594037927936
Q 30 64 6078440501904017 36028797018963968
Q 30 66 -2452994296208859 18014398509481984
Q 30 68 4993017523521103 1152921504606846976
Q 30 70 4703507604280163 36028797018963968
Q 30 72 -6390930566092017 36028797018963968
Q 30 74 1975480026175943 18014398509481984
Q 30 76 7395862533484623 288230376151711744
Q 30 78 -2628990085722309 18014398509481984
Q 30 80 834012909413131 4503599627370496
Q 30 82 -4593841498956693 36028797018963968
Q 30 84 8344488084230921 1152921504606846976
Q 30 86 4191601420357709 36028797018963968
Q 30 88 -6869933502215139 36028797018963968
Q 30 90 1720273575894195 9007199254740992
Q 30 92 -4467079144883763 36028797018963968
Q 30 94 5137359907233551 288230376151711744
Q 30 96 3361551657942153 36028797018963968
Q 30 98 -3278841476849743 18014398509481984
Q 30 100 8434110873304705 36028797018963968
Q 30 102 -1118609790446909 4503599627370496
Q 30 104 8382190895292527 36028797018963968
Q 30 106 -7149544767211401 36028797018963968
Q 30 108 5650575938779067 36028797018963968
Q 30 110 -8368181245868333 72057594037927936
Q 30 112 1462458855149547 18014398509481984
Q 30 114 -3882233510709165 72057594037927936
Q 30 116 4912764176052149 144115188075855872
Q 30 118 -92924507004185 4503599627370496
Q 30 120 6905959441675321 576460752303423488
Q 30 122 -7710013222503805 1152921504606846976
Q 30 124 8291612188408961 2305843009213693952
Q 30 126 -8603852502844221 4611686018427387904
Q 30 128 8626626922851081 9223372036854775808
Q 30 130 -8368198183037649 18446744073709551616
Q 30 132 1965590967343071 9223372036854775808
Q 30 134 -1790527725171759 18446744073709551616
Q 30 136 3165625309563329 73786976294838206464
Q 30 138 -5435709863231837 295147905179352825856
Q 30 140 4535949511538129 590295810358705651712
Q 30 142 -7363013982921547 2361183241434822606848
Q 30 144 1454037904153401 1180591620717411303424
Q 30 146 -8947990239830999 18889465931478580854784
Q 30 148 838328539562069 4722366482869645213696
Q 30 150 -4900331584702977 75557863725914323419136
Q 30 152 3492197174039217 151115727451828646838272
Q 30 154 -4856810653375383 604462909807314587353088
Q 30 156 3296921292120375 1208925819614629174706176
Q 30 158 -4371260704912479 4835703278458516698824704
Q 30 160 5662160170277953 19342813113834066795298816
Q 30 162 -7167920350306701 77371252455336267181195264
Q 30 164 1108920640300023 38685626227668133590597632
Q 30 166 -1342232526435959 154742504910672534362390528
Q 30 168 3178721225508703 1237940039285380274899124224
Q 30 170 -7366752576879929 9903520314283042199192993792
Q 30 172 8355930459484293 39614081257132168796771975168
Q 30 174 -4640123481331213 79228162514264337593543950336
Q 30 176 1261817807410911 79228162514264337593543950336
Q 30 178 -5378519044168243 1267650600228229401496703205376
Q 30 180 5616510296594127 5070602400912917605986812821504
Q 30 182 -2874600272314581 10141204801825835211973625643008
Q 30 184 1441713183006345 20282409603651670423947251286016
Q 30 186 -5670086935003181 324518553658426726783156020576256
Q 30 188 1365960050401045 324518553658426726783156020576256
Q 30 190 -1306878538883197 1298074214633706907132624082305024
Q 30 192 8962269610190287 41538374868278621028243970633760768
Q 30 194 -4699255629140953 83076749736557242056487941267521536
Q 30 196 -2705491134595845 83076749736557242056487941267521536
Q 30 198 -6451177834572941 83076749736557242056487941267521536
Q 30 200 -5028270663516667 332306998946228968225951765070086144
Q 30 202 -3208253037314409 166153499473114484112975882535043072
Q 30 204 -945531145685013 20769187434139310514121985316880384
Q 30 206 8968386369935349 166153499473114484112975882535043072
Q 30 208 5575624725113305 166153499473114484112975882535043072
Q 30 210 4963925689276517 1329227995784915872903807060280344576
Q 30 212 8762064648861359 166153499473114484112975882535043072
Q 30 214 -7879347409273361 166153499473114484112975882535043072
Q 30 216 -4279966748641975 166153499473114484112975882535043072
Q 30 218 -4332917122564721 2658455991569831745807614120560689152
Q 30 220 -1221562406434139 83076749736557242056487941267521536
Q 30 222 781011496632621 10384593717069655257060992658440192
Q 30 224 -1135048224466011 41538374868278621028243970633760768
Q 30 226 -633308767048513 166153499473114484112975882535043072
Q 30 228 -7020264697921015 166153499473114484112975882535043072
Q 30 230 1402564934397039 83076749736557242056487941267521536
Q 30 232 2798389090216787 83076749736557242056487941267521536
Q 30 234 -6696048286379337 664613997892457936451903530140172288
Q 30 236 -1897515322733987 83076749736557242056487941267521536
Q 30 238 -6517956422912379 664613997892457936451903530140172288
Q 30 240 6149256337209033 166153499473114484112975882535043072
Q 30 242 -2823972554134745 2658455991569831745807614120560689152
Q 30 244 -2467969684673137 83076749736557242056487941267521536
Q 30 246 8831750243762811 2658455991569831745807614120560689152
Q 30 248 2565142907000177 83076749736557242056487941267521536
Q 30 250 -5736757876757101 332306998946228968225951765070086144
Q 30 252 -1778558214417247 83076749736557242056487941267521536
Q 30 254 625005929510729 20769187434139310514121985316880384
Q 31 1 -4427502024248825 36028797018963968
Q 31 3 314922977993095 2251799813685248
Q 31 5 824479309455605 72057594037927936
Q 31 7 -2703070934569923 18014398509481984
Q 31 9 3931559477985219 36028797018963968
Q 31 11 8997277229632677 144115188075855872
Q 31 13 -44927309824451 281474976710656
Q 31 15 4836853128769781 72057594037927936
Q 31 17 235996301305255 2251799813685248
Q 31 19 -5528340782767163 36028797018963968
Q 31 21 6526634032706087 288230376151711744
Q 31 23 4844644116009431 36028797018963968
Q 31 25 -4922265114435747 36028797018963968
Q 31 27 -4999780875924327 288230376151711744
Q 31 29 5464886680635829 36028797018963968
Q 31 31 -8359419291210439 72057594037927936
Q 31 33 -6957901890891683 144115188075855872
Q 31 35 1438212952509933 9007199254740992
Q 31 37 -7084150599712827 72057594037927936
Q 31 39 -2449424265786357 36028797018963968
Q 31 41 5864269035847795 36028797018963968
Q 31 43 -6409907118799399 72057594037927936
Q 31 45 -5439294074652317 72057594037927936
Q 31 47 1480467498346021 9007199254740992
Q 31 49 -3306249951843557 36028797018963968
Q 31 51 -4986941127431485 72057594037927936
Q 31 53 5942246672376113 36028797018963968
Q 31 55 -7826189773521765 72057594037927936
Q 31 57 -6552548179670023 144115188075855872
Q 31 59 1437991979060581 9007199254740992
Q 31 61 -619144028265583 4503599627370496
Q 31 63 2800863477784475 2305843009213693952
Q 31 65 4900869421435383 36028797018963968
Q 31 67 -6027259115202013 36028797018963968
Q 31 69 5236248517917101 72057594037927936
Q 31 71 2689438955233063 36028797018963968
Q 31 73 -6122721025828687 36028797018963968
Q 31 75 5466569227725849 36028797018963968
Q 31 77 -2644227557131447 72057594037927936
Q 31 79 -7251117075622079 72057594037927936
Q 31 81 6484482300692043 36028797018963968
Q 31 83 -5816354282516565 36028797018963968
Q 31 85 2176505592249891 36028797018963968
Q 31 87 5003635811088835 72057594037927936
Q 31 89 -3036511285427763 18014398509481984
Q 31 91 7171721121423625 36028797018963968
Q 31 93 -1402550382542105 9007199254740992
Q 31 95 543811716227987 9007199254740992
Q 31 97 3807755673708301 72057594037927936
Q 31 99 -1373172455641121 9007199254740992
Q 31 101 7883345174789811 36028797018963968
Q 31 103 -4435626419738377 18014398509481984
Q 31 105 8644336317477925 36028797018963968
Q 31 107 -949374082018585 4503599627370496
Q 31 109 3073297790831299 18014398509481984
Q 31 111 -2321001192567627 18014398509481984
Q 31 113 6600282392066787 72057594037927936
Q 31 115 -4444949231061905 72057594037927936
Q 31 117 5698067815446479 144115188075855872
Q 31 119 -6977782795382061 288230376151711744
Q 31 121 8187035628678715 576460752303423488
Q 31 123 -4613060994387819 576460752303423488
Q 31 125 5003331571906893 1152921504606846976
Q 31 127 -2616019327031733 1152921504606846976
Q 31 129 5283063618000035 4611686018427387904
Q 31 131 -5158028831114285 9223372036854775808
Q 31 133 4875037276911433 18446744073709551616
Q 31 135 -8930107753253225 73786976294838206464
Q 31 137 7933641525745173 147573952589676412928
Q 31 139 -6842730365770469 295147905179352825856
Q 31 141 5734138704450877 590295810358705651712
Q 31 143 -2335992836464543 590295810358705651712
Q 31 145 231471476131733 147573952589676412928
Q 31 147 -5716270862395505 9444732965739290427392
Q 31 149 8594200097997305 37778931862957161709568
Q 31 151 -393529084021445 4722366482869645213696
Q 31 153 8996291046111055 302231454903657293676544
Q 31 155 -6269732391280265 604462909807314587353088
Q 31 157 8529136043242079 2417851639229258349412352
Q 31 159 -2832192200151873 2417851639229258349412352
Q 31 161 7348920213994655 19342813113834066795298816
Q 31 163 -2329111603085161 19342813113834066795298816
Q 31 165 5772419277301017 154742504910672534362390528
Q 31 167 -6994455120952925 618970019642690137449562112
Q 31 169 4144950496229691 1237940039285380274899124224
Q 31 171 -4806723217537873 4951760157141521099596496896
Q 31 173 85243729813301 309485009821345068724781056
Q 31 175 -6062106319783407 79228162514264337593543950336
Q 31 177 6596481306005913 316912650057057350374175801344
Q 31 179 -7031066307547057 1267650600228229401496703205376
Q 31 181 7342588754761867 5070602400912917605986812821504
Q 31 183 -58714604552541 158456325028528675187087900672
Q 31 185 942260255009835 10141204801825835211973625643008
Q 31 187 -7408284763667897 324518553658426726783156020576256
Q 31 189 1783845295765667 324518553658426726783156020576256
Q 31 191 -6975004366074239 5192296858534827628530496329220096
Q 31 193 3201259363671481 10384593717069655257060992658440192
Q 31 195 -2643937139645835 20769187434139310514121985316880384
Q 31 197 -1653597088087985 83076749736557242056487941267521536
Q 31 199 -8405907123371327 166153499473114484112975882535043072
Q 31 201 -1848926826648743 20769187434139310514121985316880384
Q 31 203 2599057895604945 83076749736557242056487941267521536
Q 31 205 -7875805917940369 166153499473114484112975882535043072
Q 31 207 -53695768367639 10384593717069655257060992658440192
Q 31 209 8124314240305519 83076749736557242056487941267521536
Q 31 211 -4704606799644425 332306998946228968225951765070086144
Q 31 213 902827038169529 20769187434139310514121985316880384
Q 31 215 -4596099150808111 166153499473114484112975882535043072
Q 31 217 -1741499440969579 83076749736557242056487941267521536
Q 31 219 -2031482757391257 41538374868278621028243970633760768
Q 31 221 5292741498005407 83076749736557242056487941267521536
Q 31 223 1505035830509485 332306998946228968225951765070086144
Q 31 225 1633564449318557 83076749736557242056487941267521536
Q 31 227 -4062812395066897 332306998946228968225951765070086144
Q 31 229 -2419182528332433 41538374868278621028243970633760768
Q 31 231 3939729782182075 83076749736557242056487941267521536
Q 31 233 1137589495763151 21267647932558653966460912964485513216
Q 31 235 3569638737422343 166153499473114484112975882535043072
Q 31 237 -7724958051043477 166153499473114484112975882535043072
Q 31 239 6078625242899137 1329227995784915872903807060280344576
Q 31 241 4556888792741559 166153499473114484112975882535043072
Q 31 243 4069127866193587 664613997892457936451903530140172288
Q 31 245 -1380737608940059 41538374868278621028243970633760768
Q 31 247 2709667184886291 664613997892457936451903530140172288
Q 31 249 2573031789463769 83076749736557242056487941267521536
Q 31 251 -1412000329462989 83076749736557242056487941267521536
Q 31 253 -3666400798019149 166153499473114484112975882535043072
Q 31 255 5086677679879941 166153499473114484112975882535043072
Q 32 0 1152257951037271 9007199254740992
Q 32 2 -5479580869327823 576460752303423488
Q 32 4 -5092049105702639 36028797018963968
Q 32 6 8603373082149499 72057594037927936
Q 32 8 1808194671303665 36028797018963968
Q 32 10 -2848298006300765 18014398509481984
Q 32 12 2573100981352939 36028797018963968
Q 32 14 7420976882201883 72057594037927936
Q 32 16 -1365047608466949 9007199254740992
Q 32 18 4541813136546939 288230376151711744
Q 32 20 5012317301928989 36028797018963968
Q 32 22 -1141956379896987 9007199254740992
Q 32 24 -5315158535552783 144115188075855872
Q 32 26 1413041405999447 9007199254740992
Q 32 28 -3339375723307347 36028797018963968
Q 32 30 -1428916955683847 18014398509481984
Q 32 32 5764664661421969 36028797018963968
Q 32 34 -8425577288961541 144115188075855872
Q 32 36 -3922706185548661 36028797018963968
Q 32 38 5592538727246831 36028797018963968
Q 32 40 -4524207617855957 144115188075855872
Q 32 42 -2276337617282087 18014398509481984
Q 32 44 5392524155092671 36028797018963968
Q 32 46 -2354408309035663 144115188075855872
Q 32 48 -1205172420449433 9007199254740992
Q 32 50 1340985984427231 9007199254740992
Q 32 52 -4791213275111509 288230376151711744
Q 32 54 -4746530297734737 36028797018963968
Q 32 56 2796990120139545 18014398509481984
Q 32 58 -5057950706452095 144115188075855872
Q 32 60 -4206170914280355 36028797018963968
Q 32 62 1495263397569185 9007199254740992
Q 32 64 -1323862534714257 18014398509481984
Q 32 66 -5759419406061485 72057594037927936
Q 32 68 3048133309162541 18014398509481984
Q 32 70 -2292652026279767 18014398509481984
Q 32 72 -5664268892902507 576460752303423488
Q 32 74 2519390999974549 18014398509481984
Q 32 76 -3124182190208759 18014398509481984
Q 32 78 1668601203370399 18014398509481984
Q 32 80 417844906843527 9007199254740992
Q 32 82 -5682663887138363 36028797018963968
Q 32 84 6488368393869249 36028797018963968
Q 32 86 -3850688004428125 36028797018963968
Q 32 88 -2795503688328201 144115188075855872
Q 32 90 1231477894896559 9007199254740992
Q 32 92 -881994837625803 4503599627370496
Q 32 94 6440475568159349 36028797018963968
Q 32 96 -3559812651719013 36028797018963968
Q 32 98 -6990319437608725 576460752303423488
Q 32 100 1078418396789905 9007199254740992
Q 32 102 -3588988553469635 18014398509481984
Q 32 104 2162232544367953 9007199254740992
Q 32 106 -2199763389548847 9007199254740992
Q 32 108 997091343399297 4503599627370496
Q 32 110 -6615833335359159 36028797018963968
Q 32 112 5098013554936291 36028797018963968
Q 32 114 -7373279040202981 72057594037927936
Q 32 116 5039224275868297 72057594037927936
Q 32 118 -6543944102101497 144115188075855872
Q 32 120 8106100991848553 288230376151711744
Q 32 122 -4804518851238075 288230376151711744
Q 32 124 2732297278215963 288230376151711744
Q 32 126 -5976713497789293 1152921504606846976
Q 32 128 1574403828149271 576460752303423488
Q 32 130 -3201620406592323 2305843009213693952
Q 32 132 3145685972257343 4611686018427387904
Q 32 134 -5980706813469645 18446744073709551616
Q 32 136 5506834202918243 36893488147419103232
Q 32 138 -4916153183398783 73786976294838206464
Q 32 140 1064763135986931 36893488147419103232
Q 32 142 -7167207029767219 590295810358705651712
Q 32 144 5861400200231957 1180591620717411303424
Q 32 146 -4662258926878107 2361183241434822606848
Q 32 148 3609204538754413 4722366482869645213696
Q 32 150 -680210583274467 2361183241434822606848
Q 32 152 7994130568737589 75557863725914323419136
Q 32 154 -715531625157991 18889465931478580854784
Q 32 156 3997753752874881 302231454903657293676544
Q 32 158 -5448669374328403 1208925819614629174706176
Q 32 160 7249340934443749 4835703278458516698824704
Q 32 162 -4709628690413355 9671406556917033397649408
Q 32 164 2989180922252861 19342813113834066795298816
Q 32 166 -7416758861567275 154742504910672534362390528
Q 32 168 8995680962331217 618970019642690137449562112
Q 32 170 -5335270529643123 1237940039285380274899124224
Q 32 172 193477111360511 154742504910672534362390528
Q 32 174 -1757703810842603 4951760157141521099596496896
Q 32 176 1953896939018881 19807040628566084398385987584
Q 32 178 -8506900025961907 316912650057057350374175801344
Q 32 180 1133616886910181 158456325028528675187087900672
Q 32 182 -296000575960049 158456325028528675187087900672
Q 32 184 4846307891084031 10141204801825835211973625643008
Q 32 186 -2430065787465647 20282409603651670423947251286016
Q 32 188 4776953407876847 162259276829213363391578010288128
Q 32 190 -4618471466373377 649037107316853453566312041152512
Q 32 192 8469431321217901 5192296858534827628530496329220096
Q 32 194 -8137691253768015 20769187434139310514121985316880384
Q 32 196 -3190596533274975 83076749736557242056487941267521536
Q 32 198 -4514519271424277 20769187434139310514121985316880384
Q 32 200 -3321115797540845 83076749736557242056487941267521536
Q 32 202 -8848956501184213 166153499473114484112975882535043072
Q 32 204 -5098775420822043 41538374868278621028243970633760768
Q 32 206 2961660936528195 20769187434139310514121985316880384
Q 32 208 7212165258655865 83076749736557242056487941267521536
Q 32 210 38309681080931 2596148429267413814265248164610048
Q 32 212 1397461768230297 10384593717069655257060992658440192
Q 32 214 -2509697568226177 20769187434139310514121985316880384
Q 32 216 -2900179572115657 41538374868278621028243970633760768
Q 32 218 -4547564955092923 664613997892457936451903530140172288
Q 32 220 -2820995792431979 83076749736557242056487941267521536
Q 32 222 8253294864219655 41538374868278621028243970633760768
Q 32 224 -3017816198545259 41538374868278621028243970633760768
Q 32 226 -1550972502098007 166153499473114484112975882535043072
Q 32 228 -591891641582751 5192296858534827628530496329220096
Q 32 230 1917464690094643 41538374868278621028243970633760768
Q 32 232 7427831987703983 83076749736557242056487941267521536
Q 32 234 -137955116584433 5192296858534827628530496329220096
Q 32 236 -5045006213439209 83076749736557242056487941267521536
Q 32 238 -4458121734866361 166153499473114484112975882535043072
Q 32 240 4121312614293747 41538374868278621028243970633760768
Q 32 242 -2119843692745985 664613997892457936451903530140172288
Q 32 244 -6555107240892455 83076749736557242056487941267521536
Q 32 246 2864891256888337 332306998946228968225951765070086144
Q 32 248 6847698929637455 83076749736557242056487941267521536
Q 32 250 -478598465616611 10384593717069655257060992658440192
Q 32 252 -4739322463302081 83076749736557242056487941267521536
Q 32 254 833046221822311 10384593717069655257060992658440192
Q 33 1 2239379252719005 18014398509481984
Q 33 3 -4784796881003577 36028797018963968
Q 33 5 -4080838608349043 144115188075855872
Q 33 7 2783513222925819 18014398509481984
Q 33 9 -6092319188545861 72057594037927936
Q 33 11 -1672393716436699 18014398509481984
Q 33 13 2752727314944459 18014398509481984
Q 33 15 -5774208895477061 288230376151711744
Q 33 17 -1242448590650947 9007199254740992
Q 33 19 4451778692079041 36028797018963968
Q 33 21 1597422917502581 36028797018963968
Q 33 23 -2837707771821015 18014398509481984
Q 33 25 2798646193471331 36028797018963968
Q 33 27 1740377534620029 18014398509481984
Q 33 29 -5565411098641953 36028797018963968
Q 33 31 8046534499285515 288230376151711744
Q 33 33 4742500250863515 36028797018963968
Q 33 35 -2474118709566453 18014398509481984
Q 33 37 -8976995590818987 576460752303423488
Q 33 39 1357659313563767 9007199254740992
Q 33 41 -8381539777000725 72057594037927936
Q 33 43 -3391915522810555 72057594037927936
Q 33 45 1432759138234499 9007199254740992
Q 33 47 -7221395097585779 72057594037927936
Q 33 49 -2320640955033659 36028797018963968
Q 33 51 365478720115809 2251799813685248
Q 33 53 -6868261198380655 72057594037927936
Q 33 55 -4792043714064903 72057594037927936
Q 33 57 2947313861902325 18014398509481984
Q 33 59 -1895169676984331 18014398509481984
Q 33 61 -7312200477999345 144115188075855872
Q 33 63 5795874670870883 36028797018963968
Q 33 65 -4675352052827505 36028797018963968
Q 33 67 -6867135533582523 576460752303423488
Q 33 69 323715212910881 2251799813685248
Q 33 71 -2897889596120639 18014398509481984
Q 33 73 7798754426935495 144115188075855872
Q 33 75 6682057909982167 72057594037927936
Q 33 77 -6255783778929261 36028797018963968
Q 33 79 4913149613302235 36028797018963968
Q 33 81 -6097794299829517 576460752303423488
Q 33 83 -8772128078127977 72057594037927936
Q 33 85 3295979895655583 18014398509481984
Q 33 87 -2585604439180839 18014398509481984
Q 33 89 542181820912033 18014398509481984
Q 33 91 880790568632839 9007199254740992
Q 33 93 -6566522638648675 36028797018963968
Q 33 95 3468755648805055 18014398509481984
Q 33 97 -4747371481961697 36028797018963968
Q 33 99 7903029835348299 288230376151711744
Q 33 101 6118524555751651 72057594037927936
Q 33 103 -6338608599630781 36028797018963968
Q 33 105 8287000731791387 36028797018963968
Q 33 107 -2210427214515475 9007199254740992
Q 33 109 8286090041487249 36028797018963968
Q 33 111 -7049525275781239 36028797018963968
Q 33 113 5545216634486767 36028797018963968
Q 33 115 -8159655804205127 72057594037927936
Q 33 117 5659853075217291 72057594037927936
Q 33 119 -7445471053195773 144115188075855872
Q 33 121 583043903515189 18014398509481984
Q 33 123 -1396425827499197 72057594037927936
Q 33 125 6411395490191441 576460752303423488
Q 33 127 -7070284250426099 1152921504606846976
Q 33 129 1876438940064977 576460752303423488
Q 33 131 -7683633704800629 4611686018427387904
Q 33 133 7596234586211715 9223372036854775808
Q 33 135 -453875439982021 1152921504606846976
Q 33 137 6721173834036055 36893488147419103232
Q 33 139 -1507144017125595 18446744073709551616
Q 33 141 5245325418044663 147573952589676412928
Q 33 143 -553857215377571 36893488147419103232
Q 33 145 7273250584086549 1180591620717411303424
Q 33 147 -1451058441931899 590295810358705651712
Q 33 149 2253321578958993 2361183241434822606848
Q 33 151 -3406581894534795 9444732965739290427392
Q 33 153 5016709572753185 37778931862957161709568
Q 33 155 -3600181330031439 75557863725914323419136
Q 33 157 5038617848061991 302231454903657293676544
Q 33 159 -3439723348481435 604462909807314587353088
Q 33 161 4583660439534491 2417851639229258349412352
Q 33 163 -2981944161574519 4835703278458516698824704
Q 33 165 7579604189334867 38685626227668133590597632
Q 33 167 -1176621330047003 19342813113834066795298816
Q 33 169 5713409672856053 309485009821345068724781056
Q 33 171 -3391022186443963 618970019642690137449562112
Q 33 173 984337462751857 618970019642690137449562112
Q 33 175 -8946456070114061 19807040628566084398385987584
Q 33 177 4974068692217077 39614081257132168796771975168
Q 33 179 -5415016887444545 158456325028528675187087900672
Q 33 181 5772984655652995 633825300114114700748351602688
Q 33 183 -3014532968280573 1267650600228229401496703205376
Q 33 185 6168789338798203 10141204801825835211973625643008
Q 33 187 -6185214486602611 40564819207303340847894502572032
Q 33 189 6081029753101377 162259276829213363391578010288128
Q 33 191 -5947552672954949 649037107316853453566312041152512
Q 33 193 5630082461288085 2596148429267413814265248164610048
Q 33 195 -1697457836437215 2596148429267413814265248164610048
Q 33 197 4291787155325055 166153499473114484112975882535043072
Q 33 199 -6355921102951987 41538374868278621028243970633760768
Q 33 201 -4665679482307215 20769187434139310514121985316880384
Q 33 203 814004781947567 10384593717069655257060992658440192
Q 33 205 -2625743416739995 20769187434139310514121985316880384
Q 33 207 -5450578535728551 332306998946228968225951765070086144
Q 33 209 2644631755304703 10384593717069655257060992658440192
Q 33 211 -6612152923589953 166153499473114484112975882535043072
Q 33 213 4625790091922343 41538374868278621028243970633760768
Q 33 215 -2832311524408693 41538374868278621028243970633760768
Q 33 217 -5123070935463603 83076749736557242056487941267521536
Q 33 219 -4961721195430787 41538374868278621028243970633760768
Q 33 221 3330675358284631 20769187434139310514121985316880384
Q 33 223 5297282667742115 332306998946228968225951765070086144
Q 33 225 8022009438818595 166153499473114484112975882535043072
Q 33 227 -5002936517633441 166153499473114484112975882535043072
Q 33 229 -6254634212283581 41538374868278621028243970633760768
Q 33 231 5086019635359551 41538374868278621028243970633760768
Q 33 233 5123533927073949 85070591730234615865843651857942052864
Q 33 235 286890487030361 5192296858534827628530496329220096
Q 33 237 -4986624042322411 41538374868278621028243970633760768
Q 33 239 7736995083474505 664613997892457936451903530140172288
Q 33 241 1478485451204235 20769187434139310514121985316880384
Q 33 243 647274943888893 41538374868278621028243970633760768
Q 33 245 -3567068472312181 41538374868278621028243970633760768
Q 33 247 6964933132131969 664613997892457936451903530140172288
Q 33 249 6667777683042029 83076749736557242056487941267521536
Q 33 251 -7316330200684513 166153499473114484112975882535043072
Q 33 253 -2373238763432593 41538374868278621028243970633760768
Q 33 255 3293301122007137 41538374868278621028243970633760768
Q 34 0 -4529555633436723 36028797018963968
Q 34 2 7684684092570697 4611686018427387904
Q 34 4 5238769322646589 36028797018963968
Q 34 6 -3751183225436549 36028797018963968
Q 34 8 -5300480782966503 72057594037927936
Q 34 10 5598872031312499 36028797018963968
Q 34 12 -4993007384257645 144115188075855872
Q 34 14 -2363811999207993 18014398509481984
Q 34 16 572780015144151 4503599627370496
Q 34 18 2942036950619259 72057594037927936
Q 34 20 -5638671250062615 36028797018963968
Q 34 22 5236770248436087 72057594037927936
Q 34 24 116186919402767 1125899906842624
Q 34 26 -1345276333549803 9007199254740992
Q 34 28 5352451933240445 576460752303423488
Q 34 30 160179245472159 1125899906842624
Q 34 32 -8622334684913997 72057594037927936
Q 34 34 -6908336676985071 144115188075855872
Q 34 36 5695936038250723 36028797018963968
Q 34 38 -5840433382724247 72057594037927936
Q 34 40 -817423213775055 9007199254740992
Q 34 42 2844282130178683 18014398509481984
Q 34 44 -6563359316789873 144115188075855872
Q 34 46 -4243673055470983 36028797018963968
Q 34 48 2727545766984499 18014398509481984
Q 34 50 -3051725971690741 144115188075855872
Q 34 52 -4739823727940465 36028797018963968
Q 34 54 5304499489118071 36028797018963968
Q 34 56 -7299758036252679 576460752303423488
Q 34 58 -2423746822982973 18014398509481984
Q 34 60 2711846436223565 18014398509481984
Q 34 62 -1678895298653527 72057594037927936
Q 34 64 -4522874492597775 36028797018963968
Q 34 66 725995320273027 4503599627370496
Q 34 68 -8037879468600953 144115188075855872
Q 34 70 -3493633138778391 36028797018963968
Q 34 72 383142074622201 2251799813685248
Q 34 74 -1956209292063547 18014398509481984
Q 34 76 -1288633672885275 36028797018963968
Q 34 78 5546036163123365 36028797018963968
Q 34 80 -1478504710440911 9007199254740992
Q 34 82 2322558576978503 36028797018963968
Q 34 84 687038569641631 9007199254740992
Q 34 86 -3080174093181033 18014398509481984
Q 34 88 3032706055167333 18014398509481984
Q 34 90 -682416582565921 9007199254740992
Q 34 92 -7867417782931927 144115188075855872
Q 34 94 1438716215480359 9007199254740992
Q 34 96 -443740865738885 2251799813685248
Q 34 98 5702054486827769 36028797018963968
Q 34 100 -4647657621431281 72057594037927936
Q 34 102 -221127735644829 4503599627370496
Q 34 104 5389688514955127 36028797018963968
Q 34 106 -1948716957990443 9007199254740992
Q 34 108 8771073931789405 36028797018963968
Q 34 110 -8516492038292465 36028797018963968
Q 34 112 929982377344353 4503599627370496
Q 34 114 -5976906643862521 36028797018963968
Q 34 116 8949891082120507 72057594037927936
Q 34 118 -6301033751477153 72057594037927936
Q 34 120 2099148854536255 36028797018963968
Q 34 122 -332513819306031 9007199254740992
Q 34 124 3217820489761237 144115188075855872
Q 34 126 -3726929593952959 288230376151711744
Q 34 128 4143409568868445 576460752303423488
Q 34 130 -4430967247493895 1152921504606846976
Q 34 132 4566218492014967 2305843009213693952
Q 34 134 -4541623520796057 4611686018427387904
Q 34 136 8731460993173963 18446744073709551616
Q 34 138 -1015221952617089 4611686018427387904
Q 34 140 7318196427639489 73786976294838206464
Q 34 142 -6393960432954353 147573952589676412928
Q 34 144 1355416683491043 73786976294838206464
Q 34 146 -4465222436229087 590295810358705651712
Q 34 148 3574556465185529 1180591620717411303424
Q 34 150 -2783339751892957 2361183241434822606848
Q 34 152 8437417163359767 18889465931478580854784
Q 34 154 -3113558577932337 18889465931478580854784
Q 34 156 8956259384769547 151115727451828646838272
Q 34 158 -392438123727699 18889465931478580854784
Q 34 160 2146791204826083 302231454903657293676544
Q 34 162 -5729802529814045 2417851639229258349412352
Q 34 164 7464606357592955 9671406556917033397649408
Q 34 166 -4748624883856915 19342813113834066795298816
Q 34 168 2951343958894997 38685626227668133590597632
Q 34 170 -7171036488074493 309485009821345068724781056
Q 34 172 532348299087505 77371252455336267181195264
Q 34 174 -4947278449966651 2475880078570760549798248448
Q 34 176 5622531685708683 9903520314283042199192993792
Q 34 178 -6253398065779455 39614081257132168796771975168
Q 34 180 6808446921205001 158456325028528675187087900672
Q 34 182 -1814659794935915 158456325028528675187087900672
Q 34 184 3789540008067121 1267650600228229401496703205376
Q 34 186 -7752596898841817 10141204801825835211973625643008
Q 34 188 3885012255701897 20282409603651670423947251286016
Q 34 190 -7644446784482135 162259276829213363391578010288128
Q 34 192 7296976808407087 649037107316853453566312041152512
Q 34 194 -7033019969315187 2596148429267413814265248164610048
Q 34 196 7289748270768013 20769187434139310514121985316880384
Q 34 198 -1604048322201477 2596148429267413814265248164610048
Q 34 200 -5893002027006649 83076749736557242056487941267521536
Q 34 202 -2490743219589385 20769187434139310514121985316880384
Q 34 204 -6297473728317397 20769187434139310514121985316880384
Q 34 206 1851024979423731 5192296858534827628530496329220096
Q 34 208 4008020104519297 20769187434139310514121985316880384
Q 34 210 600343362594191 20769187434139310514121985316880384
Q 34 212 6873341230117801 20769187434139310514121985316880384
Q 34 214 -394746665935891 1298074214633706907132624082305024
Q 34 216 -408948614543963 2596148429267413814265248164610048
Q 34 218 -2076775463334491 166153499473114484112975882535043072
Q 34 220 -7155720747246883 83076749736557242056487941267521536
Q 34 222 1226607442706391 2596148429267413814265248164610048
Q 34 224 -7046820499930141 41538374868278621028243970633760768
Q 34 226 -2084317072402263 83076749736557242056487941267521536
Q 34 228 -5526886213225683 20769187434139310514121985316880384
Q 34 230 8848063930129211 83076749736557242056487941267521536
Q 34 232 1112075777334321 5192296858534827628530496329220096
Q 34 234 -5362828270717719 83076749736557242056487941267521536
Q 34 236 -5965236170146315 41538374868278621028243970633760768
Q 34 238 -5280991303784589 83076749736557242056487941267521536
Q 34 240 608408938179989 2596148429267413814265248164610048
Q 34 242 -4940593172235023 664613997892457936451903530140172288
Q 34 244 -1941319233447975 10384593717069655257060992658440192
Q 34 246 6862007513316587 332306998946228968225951765070086144
Q 34 248 4050203253530919 20769187434139310514121985316880384
Q 34 250 -566142086902885 5192296858534827628530496329220096
Q 34 252 -2806299227674211 20769187434139310514121985316880384
Q 34 254 1972561936781125 10384593717069655257060992658440192
Q 35 1 -1131573510222645 9007199254740992
Q 35 3 2260983615983743 18014398509481984
Q 35 5 6366735174351557 144115188075855872
Q 35 7 -2803647335348707 18014398509481984
Q 35 9 8388566242761085 144115188075855872
Q 35 11 528924603338397 4503599627370496
Q 35 13 -612567561118747 4503599627370496
Q 35 15 -7739187946977313 288230376151711744
Q 35 17 346980871141033 2251799813685248
Q 35 19 -5592777915986065 72057594037927936
Q 35 21 -7272983811579535 72057594037927936
Q 35 23 5317436507595125 36028797018963968
Q 35 25 -1542058900345385 576460752303423488
Q 35 27 -2624580240766947 18014398509481984
Q 35 29 7775536352016789 72057594037927936
Q 35 31 2397211901567797 36028797018963968
Q 35 33 -5675667323662635 36028797018963968
Q 35 35 7636116001010701 144115188075855872
Q 35 37 8402152373231649 72057594037927936
Q 35 39 -5215596086001391 36028797018963968
Q 35 41 -4077205152850321 9223372036854775808
Q 35 43 2614353532314507 18014398509481984
Q 35 45 -8706397465896529 72057594037927936
Q 35 47 -6055188993297697 144115188075855872
Q 35 49 5673230628511733 36028797018963968
Q 35 51 -3543088598079457 36028797018963968
Q 35 53 -4887136284641491 72057594037927936
Q 35 55 2910919406479067 18014398509481984
Q 35 57 -778096456535683 9007199254740992
Q 35 59 -5562607140850721 72057594037927936
Q 35 61 1473646828205589 9007199254740992
Q 35 63 -3257755398472399 36028797018963968
Q 35 65 -1237789009814067 18014398509481984
Q 35 67 5919756933253237 36028797018963968
Q 35 69 -8094736480773071 72057594037927936
Q 35 71 -674558394085769 18014398509481984
Q 35 73 701120617301527 4503599627370496
Q 35 75 -5305825338620079 36028797018963968
Q 35 77 844393146368413 36028797018963968
Q 35 79 8505964266840177 72057594037927936
Q 35 81 -3140436489945589 18014398509481984
Q 35 83 3977916522810811 36028797018963968
Q 35 85 7493401375889735 288230376151711744
Q 35 87 -2633987334800175 18014398509481984
Q 35 89 6500991611414901 36028797018963968
Q 35 91 -4140661540755343 36028797018963968
Q 35 93 -5735845077436803 576460752303423488
Q 35 95 4685736517309911 36028797018963968
Q 35 97 -3471546862796519 18014398509481984
Q 35 99 800172449363869 4503599627370496
Q 35 101 -1765593001069429 18014398509481984
Q 35 103 -7704280467544919 576460752303423488
Q 35 105 136192887726607 1125899906842624
Q 35 107 -3592800041239289 18014398509481984
Q 35 109 2147298667206811 9007199254740992
Q 35 111 -2165898279112543 9007199254740992
Q 35 113 7780203372487069 36028797018963968
Q 35 115 -6386788264687825 36028797018963968
Q 35 117 4867200907181511 36028797018963968
Q 35 119 -6956536529811725 72057594037927936
Q 35 121 4695145881067441 72057594037927936
Q 35 123 -6017279154122943 144115188075855872
Q 35 125 3675878038901357 144115188075855872
Q 35 127 -4295462286295409 288230376151711744
Q 35 129 2406847503032651 288230376151711744
Q 35 131 -5184883408136305 1152921504606846976
Q 35 133 5377967064983281 2305843009213693952
Q 35 135 -5380588489057213 4611686018427387904
Q 35 137 5199931081086437 9223372036854775808
Q 35 139 -2430201512652715 9223372036854775808
Q 35 141 4398905545035041 36893488147419103232
Q 35 143 -3858829062575453 73786976294838206464
Q 35 145 6568011379083935 295147905179352825856
Q 35 147 -5427288737847309 590295810358705651712
Q 35 149 8715558487626695 2361183241434822606848
Q 35 151 -3402412105524609 2361183241434822606848
Q 35 153 1292412223330931 2361183241434822606848
Q 35 155 -7647517235646301 37778931862957161709568
Q 35 157 2755181185327477 37778931862957161709568
Q 35 159 -3869895979619071 151115727451828646838272
Q 35 161 2650287000794749 302231454903657293676544
Q 35 163 -3541550174299449 1208925819614629174706176
Q 35 165 4619147082067091 4835703278458516698824704
Q 35 167 -45958817666427 151115727451828646838272
Q 35 169 3659197811960929 38685626227668133590597632
Q 35 171 -8896842496874635 309485009821345068724781056
Q 35 173 2643224393575389 309485009821345068724781056
Q 35 175 -1535848424903929 618970019642690137449562112
Q 35 177 6983618236785169 9903520314283042199192993792
Q 35 179 -3884056090057765 19807040628566084398385987584
Q 35 181 8457490079561399 158456325028528675187087900672
Q 35 183 -2253886630925543 158456325028528675187087900672
Q 35 185 588221364460267 158456325028528675187087900672
Q 35 187 -2405971031006915 2535301200456458802993406410752
Q 35 189 4821242379842421 20282409603651670423947251286016
Q 35 191 -4758209612871975 81129638414606681695789005144064
Q 35 193 4581892838828577 324518553658426726783156020576256
Q 35 195 -4771107796165603 1298074214633706907132624082305024
Q 35 197 2869446445929987 5192296858534827628530496329220096
Q 35 199 -4570161847015047 10384593717069655257060992658440192
Q 35 201 -5238487110760909 10384593717069655257060992658440192
Q 35 203 7571823948436201 41538374868278621028243970633760768
Q 35 205 -5932510298779933 20769187434139310514121985316880384
Q 35 207 -976907758543941 20769187434139310514121985316880384
Q 35 209 3090542644893037 5192296858534827628530496329220096
Q 35 211 -8165855580145157 83076749736557242056487941267521536
Q 35 213 1385509814547519 5192296858534827628530496329220096
Q 35 215 -1745380987709847 10384593717069655257060992658440192
Q 35 217 -2673726177974871 20769187434139310514121985316880384
Q 35 219 -5959963696327915 20769187434139310514121985316880384
Q 35 221 244959131774189 649037107316853453566312041152512
Q 35 223 3638895302681251 166153499473114484112975882535043072
Q 35 225 309806682932691 2596148429267413814265248164610048
Q 35 227 -6179467777791111 83076749736557242056487941267521536
Q 35 229 -3592919199784323 10384593717069655257060992658440192
Q 35 231 46522827894205 162259276829213363391578010288128
Q 35 233 -2087450010997879 332306998946228968225951765070086144
Q 35 235 2764716366279953 20769187434139310514121985316880384
Q 35 237 -5851537032324935 20769187434139310514121985316880384
Q 35 239 5167640269342139 166153499473114484112975882535043072
Q 35 241 6684026382464425 41538374868278621028243970633760768
Q 35 243 783854555236313 20769187434139310514121985316880384
Q 35 245 -2065831308586941 10384593717069655257060992658440192
Q 35 247 4079408944000669 166153499473114484112975882535043072
Q 35 249 7664747055501259 41538374868278621028243970633760768
Q 35 251 -4207681779818117 41538374868278621028243970633760768
Q 35 253 -2733958366198223 20769187434139310514121985316880384
Q 35 255 7584944736613913 41538374868278621028243970633760768
Q 36 0 2227490502995207 18014398509481984
Q 36 2 6758022715647963 1152921504606846976
Q 36 4 -2671666133975701 18014398509481984
Q 36 6 1583339318537593 18014398509481984
Q 36 8 6779756331459683 72057594037927936
Q 36 10 -330167614491445 2251799813685248
Q 36 12 -5860630417185 2251799813685248
Q 36 14 668043693980431 4503599627370496
Q 36 16 -6576859485670327 72057594037927936
Q 36 18 -6490779599929827 72057594037927936
Q 36 20 5383440959189927 36028797018963968
Q 36 22 -1077857430341301 144115188075855872
Q 36 24 -2602843656282361 18014398509481984
Q 36 26 7521968910643495 72057594037927936
Q 36 28 2645412861765853 36028797018963968
Q 36 30 -5591112905290119 36028797018963968
Q 36 32 1287805621631879 36028797018963968
Q 36 34 4669146857873575 36028797018963968
Q 36 36 -4693552826192335 36028797018963968
Q 36 38 -2358457470714131 72057594037927936
Q 36 40 5588137920526467 36028797018963968
Q 36 42 -6295582339347119 72057594037927936
Q 36 44 -6197211846008171 72057594037927936
Q 36 46 353274542618277 2251799813685248
Q 36 48 -3145822672480129 72057594037927936
Q 36 50 -8645219565300443 72057594037927936
Q 36 52 5313050862116619 36028797018963968
Q 36 54 -767714912278227 72057594037927936
Q 36 56 -1241209403344545 9007199254740992
Q 36 58 4998275630849201 36028797018963968
Q 36 60 3271130399567977 576460752303423488
Q 36 62 -5197879100555707 36028797018963968
Q 36 64 4997585287233599 36028797018963968
Q 36 66 8884440777944227 4611686018427387904
Q 36 68 -5070648243901949 36028797018963968
Q 36 70 1350941229290391 9007199254740992
Q 36 72 -7298196397771411 288230376151711744
Q 36 74 -8735280008512657 72057594037927936
Q 36 76 6001328338614979 36028797018963968
Q 36 78 -5612299829450893 72057594037927936
Q 36 80 -5119950142591797 72057594037927936
Q 36 82 6027020591176661 36028797018963968
Q 36 84 -652432283706461 4503599627370496
Q 36 86 7074841938693153 288230376151711744
Q 36 88 8036395197928109 72057594037927936
Q 36 90 -3241562710134145 18014398509481984
Q 36 92 5247164260378737 36028797018963968
Q 36 94 -4831578528297987 144115188075855872
Q 36 96 -428940799729933 4503599627370496
Q 36 98 1624266459149661 9007199254740992
Q 36 100 -6836072780960801 36028797018963968
Q 36 102 4578344174082101 36028797018963968
Q 36 104 -6138946687733099 288230376151711744
Q 36 106 -204511216313269 2251799813685248
Q 36 108 6475160192733381 36028797018963968
Q 36 110 -1037639857055513 4503599627370496
Q 36 112 8725321522935751 36028797018963968
Q 36 114 -2016318869514297 9007199254740992
Q 36 116 3384578177564527 18014398509481984
Q 36 118 -1312977997146049 9007199254740992
Q 36 120 1904970370574595 18014398509481984
Q 36 122 -2604687488582935 36028797018963968
Q 36 124 6751414252119435 144115188075855872
Q 36 126 -8330366645515735 288230376151711744
Q 36 128 4910025821630233 288230376151711744
Q 36 130 -5545631517881831 576460752303423488
Q 36 132 93990758976925 18014398509481984
Q 36 134 -3139554159502227 1152921504606846976
Q 36 136 3159142448620805 2305843009213693952
Q 36 138 -3068963553645485 4611686018427387904
Q 36 140 5764218837573731 18446744073709551616
Q 36 142 -5239218395547121 36893488147419103232
Q 36 144 1153448010998675 18446744073709551616
Q 36 146 -7880590184117771 295147905179352825856
Q 36 148 6532580655353465 590295810358705651712
Q 36 150 -5260293556221393 1180591620717411303424
Q 36 152 8235318271503083 4722366482869645213696
Q 36 154 -6270871148665679 9444732965739290427392
Q 36 156 4647861129839289 18889465931478580854784
Q 36 158 -3355121415703201 37778931862957161709568
Q 36 160 4720181522204347 151115727451828646838272
Q 36 162 -809292215554941 75557863725914323419136
Q 36 164 2165538243003789 604462909807314587353088
Q 36 166 -5654784080320967 4835703278458516698824704
Q 36 168 450496099043877 1208925819614629174706176
Q 36 170 -8973384778055771 77371252455336267181195264
Q 36 172 2728717109378793 77371252455336267181195264
Q 36 174 -3244115259207047 309485009821345068724781056
Q 36 176 7542074808907581 2475880078570760549798248448
Q 36 178 -1071857411925969 1237940039285380274899124224
Q 36 180 4769179753724065 19807040628566084398385987584
Q 36 182 -2596001735215589 39614081257132168796771975168
Q 36 184 5533292111776151 316912650057057350374175801344
Q 36 186 -5774515801509807 1267650600228229401496703205376
Q 36 188 2951262708296643 2535301200456458802993406410752
Q 36 190 -2957360300377587 10141204801825835211973625643008
Q 36 192 1447078406709797 20282409603651670423947251286016
Q 36 194 -5599133608580297 324518553658426726783156020576256
Q 36 196 9006881652963305 2596148429267413814265248164610048
Q 36 198 -5018349921098733 2596148429267413814265248164610048
Q 36 200 2098593198667725 41538374868278621028243970633760768
Q 36 202 -1742760261218773 5192296858534827628530496329220096
Q 36 204 -3060784640247905 5192296858534827628530496329220096
Q 36 206 7294896159114519 10384593717069655257060992658440192
Q 36 208 2302336822241701 5192296858534827628530496329220096
Q 36 210 8516330457679139 166153499473114484112975882535043072
Q 36 212 7345756341282231 10384593717069655257060992658440192
Q 36 214 -6684592920851945 10384593717069655257060992658440192
Q 36 216 -433346284079765 1298074214633706907132624082305024
Q 36 218 -536490241752385 20769187434139310514121985316880384
Q 36 220 -7741807985905553 41538374868278621028243970633760768
Q 36 222 2583257382724687 2596148429267413814265248164610048
Q 36 224 -7286166459763475 20769187434139310514121985316880384
Q 36 226 -5435178143657127 83076749736557242056487941267521536
Q 36 228 -5748805706730881 10384593717069655257060992658440192
Q 36 230 570351457385415 2596148429267413814265248164610048
Q 36 232 4641025778162951 10384593717069655257060992658440192
Q 36 234 -679848287604771 5192296858534827628530496329220096
Q 36 236 -6302479380971761 20769187434139310514121985316880384
Q 36 238 -2647278732168013 20769187434139310514121985316880384
Q 36 240 1263714486642309 2596148429267413814265248164610048
Q 36 242 -8761646355474757 664613997892457936451903530140172288
Q 36 244 -8150092367092245 20769187434139310514121985316880384
Q 36 246 7341724526035591 166153499473114484112975882535043072
Q 36 248 528329336906039 1298074214633706907132624082305024
Q 36 250 -1181658876518321 5192296858534827628530496329220096
Q 36 252 -2933412894854971 10384593717069655257060992658440192
Q 36 254 4122922469515459 10384593717069655257060992658440192
Q 37 1 8926590893851 70368744177664
Q 37 3 -531427698229847 4503599627370496
Q 37 5 -8498861425128571 144115188075855872
Q 37 7 1383911702726317 9007199254740992
Q 37 9 -8942513472496561 288230376151711744
Q 37 11 -305361623076743 2251799813685248
Q 37 13 8004307028291571 72057594037927936
Q 37 15 2508983165905773 36028797018963968
Q 37 17 -5507823310355745 36028797018963968
Q 37 19 413958153189557 18014398509481984
Q 37 21 5000984707348585 36028797018963968
Q 37 23 -983547815115285 9007199254740992
Q 37 25 -5045795055976465 72057594037927936
Q 37 27 5548280174662057 36028797018963968
Q 37 29 -8675816383438017 288230376151711744
Q 37 31 -4831076166923293 36028797018963968
Q 37 33 542391324114177 4503599627370496
Q 37 35 7407124400009141 144115188075855872
Q 37 37 -352264005838895 2251799813685248
Q 37 39 4355878437455129 72057594037927936
Q 37 41 2022830593744677 18014398509481984
Q 37 43 -5198162206977807 36028797018963968
Q 37 45 -4920099176286219 2305843009213693952
Q 37 47 5258280405608411 36028797018963968
Q 37 49 -2064547110423099 18014398509481984
Q 37 51 -3751019499031385 72057594037927936
Q 37 53 5703524174351343 36028797018963968
Q 37 55 -6064053673570607 72057594037927936
Q 37 57 -6057210208342267 72057594037927936
Q 37 59 5772398435702119 36028797018963968
Q 37 61 -1164709564397657 18014398509481984
Q 37 63 -7107720307777507 72057594037927936
Q 37 65 1450746759995909 9007199254740992
Q 37 67 -1133839089821767 18014398509481984
Q 37 69 -6935528745021141 72057594037927936
Q 37 71 5933769156167817 36028797018963968
Q 37 73 -1486326209757867 18014398509481984
Q 37 75 -5242230162434081 72057594037927936
Q 37 77 5971681631843919 36028797018963968
Q 37 79 -8788520541048227 72057594037927936
Q 37 81 -2685843293581969 144115188075855872
Q 37 83 1306446162376863 9007199254740992
Q 37 85 -2986212499096769 18014398509481984
Q 37 87 1284600486656461 18014398509481984
Q 37 89 2530316766291149 36028797018963968
Q 37 91 -378049627687601 2251799813685248
Q 37 93 375418239149393 2251799813685248
Q 37 95 -2651025730001473 36028797018963968
Q 37 97 -4133731849848463 72057594037927936
Q 37 99 1450621893897493 9007199254740992
Q 37 101 -3504549297936985 18014398509481984
Q 37 103 5442551032740557 36028797018963968
Q 37 105 -3891573231977249 72057594037927936
Q 37 107 -8638911050548563 144115188075855872
Q 37 109 5681568042909917 36028797018963968
Q 37 111 -1978628051575175 9007199254740992
Q 37 113 271931726432685 1125899906842624
Q 37 115 -8291242647463705 36028797018963968
Q 37 117 889880433854615 4503599627370496
Q 37 119 -5624635572761375 36028797018963968
Q 37 121 2071129354992045 18014398509481984
Q 37 123 -5736790925986199 72057594037927936
Q 37 125 7517884018838095 144115188075855872
Q 37 127 -4683377748518281 144115188075855872
Q 37 129 5568619988750241 288230376151711744
Q 37 131 -792240220005255 72057594037927936
Q 37 133 3461114069768765 576460752303423488
Q 37 135 -7270474761486397 2305843009213693952
Q 37 137 1839178590423601 1152921504606846976
Q 37 139 -448923164081771 576460752303423488
Q 37 141 6776205793670267 18446744073709551616
Q 37 143 -6184425004586425 36893488147419103232
Q 37 145 1366613863087113 18446744073709551616
Q 37 147 -585524053816141 18446744073709551616
Q 37 149 1947354813985527 147573952589676412928
Q 37 151 -6289440605527625 1180591620717411303424
Q 37 153 2467638427924805 1180591620717411303424
Q 37 155 -7532415011394565 9444732965739290427392
Q 37 157 5593694342506021 18889465931478580854784
Q 37 159 -4044772292291549 37778931862957161709568
Q 37 161 1424728648609809 37778931862957161709568
Q 37 163 -7826895143226585 604462909807314587353088
Q 37 165 1310415655485049 302231454903657293676544
Q 37 167 -6850012747041003 4835703278458516698824704
Q 37 169 2184519811421405 4835703278458516698824704
Q 37 171 -5442423663720163 38685626227668133590597632
Q 37 173 6622940195018247 154742504910672534362390528
Q 37 175 -7876322921709897 618970019642690137449562112
Q 37 177 4578622769679757 1237940039285380274899124224
Q 37 179 -650732054434391 618970019642690137449562112
Q 37 181 1447590659669871 4951760157141521099596496896
Q 37 183 -1575630015152951 19807040628566084398385987584
Q 37 185 3357439584940403 158456325028528675187087900672
Q 37 187 -7004960139448227 1267650600228229401496703205376
Q 37 189 55916063557477 39614081257132168796771975168
Q 37 191 -448512695041825 1267650600228229401496703205376
Q 37 193 1759740893437657 20282409603651670423947251286016
Q 37 195 -6984767264134073 324518553658426726783156020576256
Q 37 197 722179776414659 162259276829213363391578010288128
Q 37 199 -4409156158975687 2596148429267413814265248164610048
Q 37 201 -278903854315103 324518553658426726783156020576256
Q 37 203 3760997382880629 10384593717069655257060992658440192
Q 37 205 -97325539743771 162259276829213363391578010288128
Q 37 207 -201708783508431 2596148429267413814265248164610048
Q 37 209 1556175314183419 1298074214633706907132624082305024
Q 37 211 -7595785563601529 41538374868278621028243970633760768
Q 37 213 336600674515875 649037107316853453566312041152512
Q 37 215 -3368717271451959 10384593717069655257060992658440192
Q 37 217 -5486242744698719 20769187434139310514121985316880384
Q 37 219 -1553761727251993 2596148429267413814265248164610048
Q 37 221 8183273101854293 10384593717069655257060992658440192
Q 37 223 5279907871207969 166153499473114484112975882535043072
Q 37 225 5077665922565843 20769187434139310514121985316880384
Q 37 227 -6035543231210211 41538374868278621028243970633760768
Q 37 229 -7454663299687003 10384593717069655257060992658440192
Q 37 231 1543439032932171 2596148429267413814265248164610048
Q 37 233 -6283321799094119 332306998946228968225951765070086144
Q 37 235 5730315766011719 20769187434139310514121985316880384
Q 37 237 -2993051296803203 5192296858534827628530496329220096
Q 37 239 41412594362605 649037107316853453566312041152512
Q 37 241 3397267126296723 10384593717069655257060992658440192
Q 37 243 3187993538323943 41538374868278621028243970633760768
Q 37 245 -8395767773568457 20769187434139310514121985316880384
Q 37 247 516610473993457 10384593717069655257060992658440192
Q 37 249 7795831333070421 20769187434139310514121985316880384
Q 37 251 -2140127252851035 10384593717069655257060992658440192
Q 37 253 -5558966983995709 20769187434139310514121985316880384
Q 37 255 7712769838003611 20769187434139310514121985316880384
Q 38 0 -4384707637658397 36028797018963968
Q 38 2 -3776774678828167 288230376151711744
Q 38 4 2704173846495861 18014398509481984
Q 38 6 -2557973381495091 36028797018963968
Q 38 8 -8035546125451041 72057594037927936
Q 38 10 4775915056517871 36028797018963968
Q 38 12 5525201492787059 144115188075855872
Q 38 14 -346678892744365 2251799813685248
Q 38 16 1730400563654601 36028797018963968
Q 38 18 4567248956144301 36028797018963968
Q 38 20 -271889217283729 2251799813685248
Q 38 22 -8158743258955277 144115188075855872
Q 38 24 5553182830837213 36028797018963968
Q 38 26 -5143186583557337 144115188075855872
Q 38 28 -4770464328115077 36028797018963968
Q 38 30 2121536429020233 18014398509481984
Q 38 32 2090527049807667 36028797018963968
Q 38 34 -43671110909605 281474976710656
Q 38 36 6340334324776619 144115188075855872
Q 38 38 2262642530867693 18014398509481984
Q 38 40 -1173146455624329 9007199254740992
Q 38 42 -2457933786250679 72057594037927936
Q 38 44 5576330661318567 36028797018963968
Q 38 46 -5755165972608989 72057594037927936
Q 38 48 -1702464276549359 18014398509481984
Q 38 50 5511652978202389 36028797018963968
Q 38 52 -483954666257851 18014398509481984
Q 38 54 -4723837787179533 36028797018963968
Q 38 56 307127615996877 2251799813685248
Q 38 58 8156784553252875 576460752303423488
Q 38 60 -2681484450601031 18014398509481984
Q 38 62 8680300592105349 72057594037927936
Q 38 64 332819011162511 9007199254740992
Q 38 66 -701330152936983 4503599627370496
Q 38 68 8340167043609881 72057594037927936
Q 38 70 5636891520892073 144115188075855872
Q 38 72 -5629083524109349 36028797018963968
Q 38 74 143112840002263 1125899906842624
Q 38 76 1244361234322369 72057594037927936
Q 38 78 -2639321341020179 18014398509481984
Q 38 80 2736004054503225 18014398509481984
Q 38 82 -4851084457515361 144115188075855872
Q 38 84 -124805586331985 1125899906842624
Q 38 86 6214146977449505 36028797018963968
Q 38 88 -2000322715662763 18014398509481984
Q 38 90 -3709427140879767 144115188075855872
Q 38 92 2629668902400159 18014398509481984
Q 38 94 -3201770587007321 18014398509481984
Q 38 96 976480242479343 9007199254740992
Q 38 98 2655517698519725 144115188075855872
Q 38 100 -4907372169748141 36028797018963968
Q 38 102 1733521488423123 9007199254740992
Q 38 104 -6110015424450853 36028797018963968
Q 38 106 6053803870522091 72057594037927936
Q 38 108 2095224332315459 72057594037927936
Q 38 110 -4824052245702605 36028797018963968
Q 38 112 3719597598715215 18014398509481984
Q 38 114 -8595273948855975 36028797018963968
Q 38 116 8455760120968015 36028797018963968
Q 38 118 -7432330466085049 36028797018963968
Q 38 120 5981280764500003 36028797018963968
Q 38 122 -8943994378704661 72057594037927936
Q 38 124 6273018869910103 72057594037927936
Q 38 126 -4155714636376823 72057594037927936
Q 38 128 1306908594324287 36028797018963968
Q 38 130 -6268543090473287 288230376151711744
Q 38 132 1797083587186763 144115188075855872
Q 38 134 -493992868485025 72057594037927936
Q 38 136 8351595478152293 2305843009213693952
Q 38 138 -8496472907423839 4611686018427387904
Q 38 140 2084017789716847 2305843009213693952
Q 38 142 -7898817704095039 18446744073709551616
Q 38 144 1809394097803123 9223372036854775808
Q 38 146 -6420188473409355 73786976294838206464
Q 38 148 5519117422732523 147573952589676412928
Q 38 150 -2301074642520675 147573952589676412928
Q 38 152 7451048863825727 1180591620717411303424
Q 38 154 -1465060879478571 590295810358705651712
Q 38 156 4481205805800031 4722366482869645213696
Q 38 158 -833453654862365 2361183241434822606848
Q 38 160 2414467795302395 18889465931478580854784
Q 38 162 -1703267953524693 37778931862957161709568
Q 38 164 4684016086605803 302231454903657293676544
Q 38 166 -3139971471251215 604462909807314587353088
Q 38 168 513346099985417 302231454903657293676544
Q 38 170 -1310526738928515 2417851639229258349412352
Q 38 172 1633300284887341 9671406556917033397649408
Q 38 174 -3976534319798051 77371252455336267181195264
Q 38 176 4730068431715465 309485009821345068724781056
Q 38 178 -2749867720383999 618970019642690137449562112
Q 38 180 6252856566816067 4951760157141521099596496896
Q 38 182 -108653005773701 309485009821345068724781056
Q 38 184 945833133464799 9903520314283042199192993792
Q 38 186 -8058578396862471 316912650057057350374175801344
Q 38 188 131288084189691 19807040628566084398385987584
Q 38 190 -8581351207630441 5070602400912917605986812821504
Q 38 192 4288630891796641 10141204801825835211973625643008
Q 38 194 -4214062521712631 40564819207303340847894502572032
Q 38 196 7760404205577919 324518553658426726783156020576256
Q 38 198 -5014151645104407 649037107316853453566312041152512
Q 38 200 1339380682292529 1298074214633706907132624082305024
Q 38 202 -8297347890005593 10384593717069655257060992658440192
Q 38 204 -5225869333020885 5192296858534827628530496329220096
Q 38 206 411063131386327 324518553658426726783156020576256
Q 38 208 4320710334581707 5192296858534827628530496329220096
Q 38 210 4989992503659655 166153499473114484112975882535043072
Q 38 212 6763949941184831 5192296858534827628530496329220096
Q 38 214 -6072240708421149 5192296858534827628530496329220096
Q 38 216 -3194370112654249 5192296858534827628530496329220096
Q 38 218 -2724810617006253 166153499473114484112975882535043072
Q 38 220 -3695057041410591 10384593717069655257060992658440192
Q 38 222 2368401984903549 1298074214633706907132624082305024
Q 38 224 -415842313358685 649037107316853453566312041152512
Q 38 226 -4715185969226081 41538374868278621028243970633760768
Q 38 228 -5176623886251185 5192296858534827628530496329220096
Q 38 230 8123152447901123 20769187434139310514121985316880384
Q 38 232 4294805569519741 5192296858534827628530496329220096
Q 38 234 -324462241552345 1298074214633706907132624082305024
Q 38 236 -5638058678338585 10384593717069655257060992658440192
Q 38 238 -5036509275260011 20769187434139310514121985316880384
Q 38 240 2315567549354957 2596148429267413814265248164610048
Q 38 242 -4638015366347597 166153499473114484112975882535043072
Q 38 244 -7413623148698901 10384593717069655257060992658440192
Q 38 246 6576754682565551 83076749736557242056487941267521536
Q 38 248 482324967144587 649037107316853453566312041152512
Q 38 250 -4315367428324089 10384593717069655257060992658440192
Q 38 252 -1337031493993469 2596148429267413814265248164610048
Q 38 254 7518563284941727 10384593717069655257060992658440192
Q 39 1 -1152845030755921 9007199254740992
Q 39 3 3974171348408347 36028797018963968
Q 39 5 5235467719870207 72057594037927936
Q 39 7 -5361309950567683 36028797018963968
Q 39 9 2216940311744415 576460752303423488
Q 39 11 5296351289582319 36028797018963968
Q 39 13 -5771551562805437 72057594037927936
Q 39 15 -7579490310644461 72057594037927936
Q 39 17 152749043943867 1125899906842624
Q 39 19 4714211477216913 144115188075855872
Q 39 21 -2763412815687169 18014398509481984
Q 39 23 7433715823491399 144115188075855872
Q 39 25 561192642614647 4503599627370496
Q 39 27 -2204470055721615 18014398509481984
Q 39 29 -1938782145906159 36028797018963968
Q 39 31 347052970938243 2251799813685248
Q 39 33 -5617427373555111 144115188075855872
Q 39 35 -1172320443349387 9007199254740992
Q 39 37 8705894589551245 72057594037927936
Q 39 39 3777759753994771 72057594037927936
Q 39 41 -1399319100937591 9007199254740992
Q 39 43 7554892675962587 144115188075855872
Q 39 45 8581130969422597 72057594037927936
Q 39 47 -2466808999238591 18014398509481984
Q 39 49 -5581499533401643 288230376151711744
Q 39 51 340954806499077 2251799813685248
Q 39 53 -218188468540895 2251799813685248
Q 39 55 -5403085594321813 72057594037927936
Q 39 57 5680924901551615 36028797018963968
Q 39 59 -2031780029057625 36028797018963968
Q 39 61 -7881096147100795 72057594037927936
Q 39 63 5502559564118193 36028797018963968
Q 39 65 -8348249849954009 288230376151711744
Q 39 67 -2265227437763549 18014398509481984
Q 39 69 1346116322558497 9007199254740992
Q 39 71 -1552510671044167 72057594037927936
Q 39 73 -287346584172445 2251799813685248
Q 39 75 5570363876452853 36028797018963968
Q 39 77 -2753873575933891 72057594037927936
Q 39 79 -2025706479140683 18014398509481984
Q 39 81 5973442841350303 36028797018963968
Q 39 83 -5836072681943239 72057594037927936
Q 39 85 -4945150176326663 72057594037927936
Q 39 87 2984024597282841 18014398509481984
Q 39 89 -5095699890130311 36028797018963968
Q 39 91 5394743982738059 288230376151711744
Q 39 93 4192270009921495 36028797018963968
Q 39 95 -3222976685517459 18014398509481984
Q 39 97 2462842955869257 18014398509481984
Q 39 99 -2846670215010195 144115188075855872
Q 39 101 -7727023597298657 72057594037927936
Q 39 103 6633349987555689 36028797018963968
Q 39 105 -102742356141461 562949953421312
Q 39 107 1994747702126039 18014398509481984
Q 39 109 -1264959694853415 1152921504606846976
Q 39 111 -3922237580497073 36028797018963968
Q 39 113 3443316869224411 18014398509481984
Q 39 115 -525608842318725 2251799813685248
Q 39 117 2139487342268825 9007199254740992
Q 39 119 -7705818628436935 36028797018963968
Q 39 121 394887701170949 2251799813685248
Q 39 123 -4796061570405487 36028797018963968
Q 39 125 6813611698629429 72057594037927936
Q 39 127 -1140799864144879 18014398509481984
Q 39 129 5794718522082435 144115188075855872
Q 39 131 -7006438375324521 288230376151711744
Q 39 133 8093723655632385 576460752303423488
Q 39 135 -8957766895359501 1152921504606846976
Q 39 137 4760317921641791 1152921504606846976
Q 39 139 -4868323238997997 2305843009213693952
Q 39 141 1199731398664233 1152921504606846976
Q 39 143 -1141614452353457 2305843009213693952
Q 39 145 8400190139115219 36893488147419103232
Q 39 147 -7476939088054991 73786976294838206464
Q 39 149 805902282696265 18446744073709551616
Q 39 151 -1347688927179261 73786976294838206464
Q 39 153 8749100152014861 1180591620717411303424
Q 39 155 -1724008421861885 590295810358705651712
Q 39 157 5283306181148499 4722366482869645213696
Q 39 159 -3937102558049975 9444732965739290427392
Q 39 161 5711040593388125 37778931862957161709568
Q 39 163 -4033813087916119 75557863725914323419136
Q 39 165 2776170970578805 151115727451828646838272
Q 39 167 -7450574152886361 1208925819614629174706176
Q 39 169 2437846659589885 1208925819614629174706176
Q 39 171 -6226933542507161 9671406556917033397649408
Q 39 173 7763555797275369 38685626227668133590597632
Q 39 175 -4726540488233397 77371252455336267181195264
Q 39 177 175711888758843 9671406556917033397649408
Q 39 179 -6537542616272977 1237940039285380274899124224
Q 39 181 464479569764769 309485009821345068724781056
Q 39 183 -2065641212764209 4951760157141521099596496896
Q 39 185 2246861450327239 19807040628566084398385987584
Q 39 187 -2391802943093447 79228162514264337593543950336
Q 39 189 4985014028452603 633825300114114700748351602688
Q 39 191 -5089747320921933 2535301200456458802993406410752
Q 39 193 2543894180975351 5070602400912917605986812821504
Q 39 195 -2516252570920349 20282409603651670423947251286016
Q 39 197 2325901279593367 81129638414606681695789005144064
Q 39 199 -1287177216881867 162259276829213363391578010288128
Q 39 201 -7789311316616739 20769187434139310514121985316880384
Q 39 203 4015284908855469 10384593717069655257060992658440192
Q 39 205 -5015992093411713 5192296858534827628530496329220096
Q 39 207 -7232246166663659 41538374868278621028243970633760768
Q 39 209 5634203127152733 2596148429267413814265248164610048
Q 39 211 -7581124375199519 20769187434139310514121985316880384
Q 39 213 4992139299947317 5192296858534827628530496329220096
Q 39 215 -6361571135958773 10384593717069655257060992658440192
Q 39 217 -2465879413950363 5192296858534827628530496329220096
Q 39 219 -2748186028609937 2596148429267413814265248164610048
Q 39 221 1778063443058809 1298074214633706907132624082305024
Q 39 223 2076722251880627 20769187434139310514121985316880384
Q 39 225 4186111749430637 10384593717069655257060992658440192
Q 39 227 -2468639283388523 10384593717069655257060992658440192
Q 39 229 -3316667330465531 2596148429267413814265248164610048
Q 39 231 5477630328103071 5192296858534827628530496329220096
Q 39 233 -5455385320742965 166153499473114484112975882535043072
Q 39 235 5085876332669653 10384593717069655257060992658440192
Q 39 237 -663552236043003 649037107316853453566312041152512
Q 39 239 4804323060322931 41538374868278621028243970633760768
Q 39 241 3008741000388515 5192296858534827628530496329220096
Q 39 243 2859595152182247 20769187434139310514121985316880384
Q 39 245 -1864438756823717 2596148429267413814265248164610048
Q 39 247 7428599612521367 83076749736557242056487941267521536
Q 39 249 6911516003428027 10384593717069655257060992658440192
Q 39 251 -1897081570707933 5192296858534827628530496329220096
Q 39 253 -2466583050187275 5192296858534827628530496329220096
Q 39 255 6843161384367243 10384593717069655257060992658440192
Q 40 0 2159116016612451 18014398509481984
Q 40 2 2893787656529157 144115188075855872
Q 40 4 -5436185960802633 36028797018963968
Q 40 6 241754566004143 4503599627370496
Q 40 8 1131910869467049 9007199254740992
Q 40 10 -256842333550331 2251799813685248
Q 40 12 -2552852392284229 36028797018963968
Q 40 14 1337456683334617 9007199254740992
Q 40 16 -8495332799536993 4611686018427387904
Q 40 18 -664768448419761 4503599627370496
Q 40 20 5474371012980305 72057594037927936
Q 40 22 7846772028191835 72057594037927936
Q 40 24 -2385314794601171 18014398509481984
Q 40 26 -5628532052324375 144115188075855872
Q 40 28 2763685808274405 18014398509481984
Q 40 30 -812368442035409 18014398509481984
Q 40 32 -1154319573276071 9007199254740992
Q 40 34 8539287685919613 72057594037927936
Q 40 36 8458516548702251 144115188075855872
Q 40 38 -1384807372619765 9007199254740992
Q 40 40 1293680626209725 36028797018963968
Q 40 42 4722890484222693 36028797018963968
Q 40 44 -8705078921808813 72057594037927936
Q 40 46 -3656627618777501 72057594037927936
Q 40 48 2800868426176969 18014398509481984
Q 40 50 -4210562149040355 72057594037927936
Q 40 52 -8163535753886439 72057594037927936
Q 40 54 5136368889102931 36028797018963968
Q 40 56 5047029443477839 1152921504606846976
Q 40 58 -5260391711300097 36028797018963968
Q 40 60 4098782012200881 36028797018963968
Q 40 62 7385285563616529 144115188075855872
Q 40 64 -5682105460130515 36028797018963968
Q 40 66 6341265589429477 72057594037927936
Q 40 68 5599183421024221 72057594037927936
Q 40 70 -2895712052261583 18014398509481984
Q 40 72 1391450042495853 18014398509481984
Q 40 74 757338163356967 9007199254740992
Q 40 76 -2939326943520391 18014398509481984
Q 40 78 3155651144975205 36028797018963968
Q 40 80 4921497107449157 72057594037927936
Q 40 82 -5899162875393951 36028797018963968
Q 40 84 8617121014688313 72057594037927936
Q 40 86 1622375049325387 72057594037927936
Q 40 88 -5294240242122413 36028797018963968
Q 40 90 5807122931255619 36028797018963968
Q 40 92 -4346199036212005 72057594037927936
Q 40 94 -733305682149549 9007199254740992
Q 40 96 6161963728707553 36028797018963968
Q 40 98 -2840872876490205 18014398509481984
Q 40 100 250399098743931 4503599627370496
Q 40 102 5446530250658377 72057594037927936
Q 40 104 -1533926430326297 9007199254740992
Q 40 106 213799279136643 1125899906842624
Q 40 108 -4818209416025249 36028797018963968
Q 40 110 4319756799077509 144115188075855872
Q 40 112 2995406547437945 36028797018963968
Q 40 114 -6269414824957891 36028797018963968
Q 40 116 8150837215601369 36028797018963968
Q 40 118 -4299162104688511 18014398509481984
Q 40 120 496078997715261 2251799813685248
Q 40 122 -6632277892053687 36028797018963968
Q 40 124 5111558241462495 36028797018963968
Q 40 126 -7354154718564007 72057594037927936
Q 40 128 4978439969856763 72057594037927936
Q 40 130 -6381056908636105 144115188075855872
Q 40 132 3889177898156381 144115188075855872
Q 40 134 -1131258945851365 72057594037927936
Q 40 136 5040053952505527 576460752303423488
Q 40 138 -5387184386751041 1152921504606846976
Q 40 140 2768684974312027 1152921504606846976
Q 40 142 -2741608737183449 2305843009213693952
Q 40 144 2619405800593289 4611686018427387904
Q 40 146 -4836041189739637 18446744073709551616
Q 40 148 4318527110863899 36893488147419103232
Q 40 150 -3734595643938985 73786976294838206464
Q 40 152 1565350912419059 73786976294838206464
Q 40 154 -1273177573986069 147573952589676412928
Q 40 156 2011087780561339 590295810358705651712
Q 40 158 -96468325109545 73786976294838206464
Q 40 160 4607887703221135 9444732965739290427392
Q 40 162 -6692871132464967 37778931862957161709568
Q 40 164 4732570238949945 75557863725914323419136
Q 40 166 -3260087112113925 151115727451828646838272
Q 40 168 547239130330509 75557863725914323419136
Q 40 170 -2866589272834837 1208925819614629174706176
Q 40 172 7325150574988705 9671406556917033397649408
Q 40 174 -4567637856321445 19342813113834066795298816
Q 40 176 1390599289302709 19342813113834066795298816
Q 40 178 -413570622789015 19342813113834066795298816
Q 40 180 7692694381956093 1237940039285380274899124224
Q 40 182 -2185670761276063 1237940039285380274899124224
Q 40 184 4858319784052641 9903520314283042199192993792
Q 40 186 -5282088668341987 39614081257132168796771975168
Q 40 188 2809814069880061 79228162514264337593543950336
Q 40 190 -731557611731999 79228162514264337593543950336
Q 40 192 745712628267543 316912650057057350374175801344
Q 40 194 -5959296145429287 10141204801825835211973625643008
Q 40 196 5758001288581587 40564819207303340847894502572032
Q 40 198 -754940388802463 20282409603651670423947251286016
Q 40 200 2439382342366895 324518553658426726783156020576256
Q 40 202 -812695096438165 324518553658426726783156020576256
Q 40 204 -6906520480462939 5192296858534827628530496329220096
Q 40 206 5121156196957103 2596148429267413814265248164610048
Q 40 208 1616169184797833 1298074214633706907132624082305024
Q 40 210 4876737607443673 41538374868278621028243970633760768
Q 40 212 5233493604534491 2596148429267413814265248164610048
Q 40 214 -144078649232103 81129638414606681695789005144064
Q 40 216 -631623301435835 649037107316853453566312041152512
Q 40 218 -309150346683325 83076749736557242056487941267521536
Q 40 220 -6160303964482725 10384593717069655257060992658440192
Q 40 222 7479154806733661 2596148429267413814265248164610048
Q 40 224 -339630394309521 324518553658426726783156020576256
Q 40 226 -748747680842157 5192296858534827628530496329220096
Q 40 228 -8202287818511931 5192296858534827628530496329220096
Q 40 230 3207734097795931 5192296858534827628530496329220096
Q 40 232 1660143205874809 1298074214633706907132624082305024
Q 40 234 -8229608281539979 20769187434139310514121985316880384
Q 40 236 -8743211996825737 10384593717069655257060992658440192
Q 40 238 -986248795807941 2596148429267413814265248164610048
Q 40 240 3621275168932547 2596148429267413814265248164610048
Q 40 242 -7457646666626759 166153499473114484112975882535043072
Q 40 244 -1441682292186189 1298074214633706907132624082305024
Q 40 246 637722539804455 5192296858534827628530496329220096
Q 40 248 6016299834836677 5192296858534827628530496329220096
Q 40 250 -6727206089332495 10384593717069655257060992658440192
Q 40 252 -1041732853156971 1298074214633706907132624082305024
Q 40 254 5858626976841685 5192296858534827628530496329220096
Q 41 1 4649413457955635 36028797018963968
Q 41 3 -3691119896622831 36028797018963968
Q 41 5 -3069491686041043 36028797018963968
Q 41 7 5093893960595149 36028797018963968
Q 41 9 6506662279928743 288230376151711744
Q 41 11 -1365495182227537 9007199254740992
Q 41 13 6524576169137205 144115188075855872
Q 41 15 4727337680341699 36028797018963968
Q 41 17 -1896049772433329 18014398509481984
Q 41 19 -1485761299911335 18014398509481984
Q 41 21 1297600647751819 9007199254740992
Q 41 23 977435267075097 72057594037927936
Q 41 25 -2714468891452577 18014398509481984
Q 41 27 4418316853625611 72057594037927936
Q 41 29 2154068324585885 18014398509481984
Q 41 31 -4444270710532037 36028797018963968
Q 41 33 -243582146063363 4503599627370496
Q 41 35 5504240056365153 36028797018963968
Q 41 37 -8965841872307873 288230376151711744
Q 41 39 -2431522823239701 18014398509481984
Q 41 41 3978211806754005 36028797018963968
Q 41 43 4922433374780919 72057594037927936
Q 41 45 -2753020534110581 18014398509481984
Q 41 47 65906001116675 2251799813685248
Q 41 49 2406587392995861 18014398509481984
Q 41 51 -8621176605586669 72057594037927936
Q 41 53 -7240411536161887 144115188075855872
Q 41 55 5609673863398167 36028797018963968
Q 41 57 -584504811065947 9007199254740992
Q 41 59 -1914005899536079 18014398509481984
Q 41 61 668089787324929 4503599627370496
Q 41 63 -7988015351621773 576460752303423488
Q 41 65 -616006170286651 4503599627370496
Q 41 67 2369732480478077 18014398509481984
Q 41 69 5792573368215877 288230376151711744
Q 41 71 -2700790062378439 18014398509481984
Q 41 73 4367505039798405 36028797018963968
Q 41 75 2316208548283079 72057594037927936
Q 41 77 -5527242070171949 36028797018963968
Q 41 79 4545993371726963 36028797018963968
Q 41 81 1386139899292463 72057594037927936
Q 41 83 -5305323096562851 36028797018963968
Q 41 85 5294454653577517 36028797018963968
Q 41 87 -6790934401406135 288230376151711744
Q 41 89 -4278383226273067 36028797018963968
Q 41 91 6121465947153657 36028797018963968
Q 41 93 -6974346185490117 72057594037927936
Q 41 95 -3137402404658543 72057594037927936
Q 41 97 2797265458919479 18014398509481984
Q 41 99 -3081394248565323 18014398509481984
Q 41 101 395634387602009 4503599627370496
Q 41 103 3073631821805141 72057594037927936
Q 41 105 -1368562251713999 9007199254740992
Q 41 107 6917432418230875 36028797018963968
Q 41 109 -5503474599123255 36028797018963968
Q 41 111 8220926796885997 144115188075855872
Q 41 113 8247452143357575 144115188075855872
Q 41 115 -5600734764985109 36028797018963968
Q 41 117 1956363730535427 9007199254740992
Q 41 119 -8578673830183413 36028797018963968
Q 41 121 8125376079909447 36028797018963968
Q 41 123 -865118674637629 4503599627370496
Q 41 125 1353963528770169 9007199254740992
Q 41 127 -1972590710770425 18014398509481984
Q 41 129 1349603447228959 18014398509481984
Q 41 131 -872851561235703 18014398509481984
Q 41 133 8579826270604425 288230376151711744
Q 41 135 -2513137252346701 144115188075855872
Q 41 137 5633017201368173 576460752303423488
Q 41 139 -378380562536537 72057594037927936
Q 41 141 6253320739827793 2305843009213693952
Q 41 143 -3109593603316347 2305843009213693952
Q 41 145 2982554716890075 4611686018427387904
Q 41 147 -5525617212226271 18446744073709551616
Q 41 149 4949565617248477 36893488147419103232
Q 41 151 -536507999479611 9223372036854775808
Q 41 153 7213548212508329 295147905179352825856
Q 41 155 -2939852345548759 295147905179352825856
Q 41 157 1163111482977281 295147905179352825856
Q 41 159 -3576530112240655 2361183241434822606848
Q 41 161 1336523685795441 2361183241434822606848
Q 41 163 -1943579889754915 9444732965739290427392
Q 41 165 5502700145506435 75557863725914323419136
Q 41 167 -7587279052095955 302231454903657293676544
Q 41 169 5097606400092117 604462909807314587353088
Q 41 171 -6678758546245597 2417851639229258349412352
Q 41 173 8535931166144577 9671406556917033397649408
Q 41 175 -5323495298792751 19342813113834066795298816
Q 41 177 3241517634088111 38685626227668133590597632
Q 41 179 -7711533339888497 309485009821345068724781056
Q 41 181 8962942285418523 1237940039285380274899124224
Q 41 183 -5091400148429225 2475880078570760549798248448
Q 41 185 5656025779122671 9903520314283042199192993792
Q 41 187 -3072968468098241 19807040628566084398385987584
Q 41 189 6534434908443833 158456325028528675187087900672
Q 41 191 -6800924206037711 633825300114114700748351602688
Q 41 193 6929056331253899 2535301200456458802993406410752
Q 41 195 -6933465513432395 10141204801825835211973625643008
Q 41 197 6711299385522557 40564819207303340847894502572032
Q 41 199 -1682311204313673 40564819207303340847894502572032
Q 41 201 4141992825276415 649037107316853453566312041152512
Q 41 203 -2460860967016879 2596148429267413814265248164610048
Q 41 205 -3105900622573181 2596148429267413814265248164610048
Q 41 207 -2712219081191217 10384593717069655257060992658440192
Q 41 209 4230230386624323 1298074214633706907132624082305024
Q 41 211 -2888080173518879 5192296858534827628530496329220096
Q 41 213 3803473341831495 2596148429267413814265248164610048
Q 41 215 -2351127807557621 2596148429267413814265248164610048
Q 41 217 -6900258638304587 10384593717069655257060992658440192
Q 41 219 -8225157159075183 5192296858534827628530496329220096
Q 41 221 2719891467265699 1298074214633706907132624082305024
Q 41 223 5930270502468173 41538374868278621028243970633760768
Q 41 225 6371774504761959 10384593717069655257060992658440192
Q 41 227 -7675166595965181 20769187434139310514121985316880384
Q 41 229 -5059489379099811 2596148429267413814265248164610048
Q 41 231 8283317171752345 5192296858534827628530496329220096
Q 41 233 -6924358497564231 166153499473114484112975882535043072
Q 41 235 3755203330630233 5192296858534827628530496329220096
Q 41 237 -3974099043541809 2596148429267413814265248164610048
Q 41 239 6484225721491313 41538374868278621028243970633760768
Q 41 241 4623029576983263 5192296858534827628530496329220096
Q 41 243 4107568451581725 20769187434139310514121985316880384
Q 41 245 -2803811017921387 2596148429267413814265248164610048
Q 41 247 5448380629349617 41538374868278621028243970633760768
Q 41 249 5240005656830571 5192296858534827628530496329220096
Q 41 251 -1437859687171687 2596148429267413814265248164610048
Q 41 253 -7458055289225661 10384593717069655257060992658440192
Q 41 255 2587844679744811 2596148429267413814265248164610048
Q 42 0 -4255127713080959 36028797018963968
Q 42 2 -3863536004077733 144115188075855872
Q 42 4 5429019698792511 36028797018963968
Q 42 6 -5212363215201925 144115188075855872
Q 42 8 -2457964885897265 18014398509481984
Q 42 10 6632221901543255 72057594037927936
Q 42 12 7116430114842017 72057594037927936
Q 42 14 -4791703022497423 36028797018963968
Q 42 16 -6208377537300343 144115188075855872
Q 42 18 5451892935648993 36028797018963968
Q 42 20 -3197166509071877 144115188075855872
Q 42 22 -79714206640141 562949953421312
Q 42 24 6163208643336625 72057594037927936
Q 42 26 7389870318354835 72057594037927936
Q 42 28 -4806272037691583 36028797018963968
Q 42 30 -5597696802479503 144115188075855872
Q 42 32 5491287329315247 36028797018963968
Q 42 34 -1356742059625609 36028797018963968
Q 42 36 -4792319554288385 36028797018963968
Q 42 38 3894030905607987 36028797018963968
Q 42 40 5344892868285995 72057594037927936
Q 42 42 -5391155212905315 36028797018963968
Q 42 44 1747739448935775 144115188075855872
Q 42 46 5131614887080521 36028797018963968
Q 42 48 -3579156559409251 36028797018963968
Q 42 50 -2872102651662287 36028797018963968
Q 42 52 5449200422316955 36028797018963968
Q 42 54 -6304170046240785 288230376151711744
Q 42 56 -2451538581760555 18014398509481984
Q 42 58 536877743220929 4503599627370496
Q 42 60 6929107738081587 144115188075855872
Q 42 62 -175472487187263 1125899906842624
Q 42 64 2684799388389321 36028797018963968
Q 42 66 6869980753891117 72057594037927936
Q 42 68 -695514575071543 4503599627370496
Q 42 70 5516814936372113 144115188075855872
Q 42 72 8664955490710263 72057594037927936
Q 42 74 -167877519712101 1125899906842624
Q 42 76 3105660144719401 144115188075855872
Q 42 78 4610269251366819 36028797018963968
Q 42 80 -5442944471127943 36028797018963968
Q 42 82 2144308002300247 72057594037927936
Q 42 84 4288676775042907 36028797018963968
Q 42 86 -2916280301988557 18014398509481984
Q 42 88 4769762723625103 72057594037927936
Q 42 90 3020343595547789 36028797018963968
Q 42 92 -3027280707587695 18014398509481984
Q 42 94 2278723672876515 18014398509481984
Q 42 96 1440792152143373 288230376151711744
Q 42 98 -1199119084392337 9007199254740992
Q 42 100 6372745141952739 36028797018963968
Q 42 102 -2081726533560129 18014398509481984
Q 42 104 -2800011292336913 288230376151711744
Q 42 106 2342124883272777 18014398509481984
Q 42 108 -6817709676568795 36028797018963968
Q 42 110 6041172768336501 36028797018963968
Q 42 112 -5901363333096659 72057594037927936
Q 42 114 -2276831435755935 72057594037927936
Q 42 116 2446961374186897 18014398509481984
Q 42 118 -7441446787447447 36028797018963968
Q 42 120 8501912821676897 36028797018963968
Q 42 122 -1033723195211805 4503599627370496
Q 42 124 7182260205247207 36028797018963968
Q 42 126 -1426655952624417 9007199254740992
Q 42 128 4209083685796627 36028797018963968
Q 42 130 -5820095463620345 72057594037927936
Q 42 132 7595962017360209 144115188075855872
Q 42 134 -4702972670502735 144115188075855872
Q 42 136 693474653750429 36028797018963968
Q 42 138 -6254811088813905 576460752303423488
Q 42 140 6758046361465703 1152921504606846976
Q 42 142 -7013312111347701 2305843009213693952
Q 42 144 7004207541697305 4611686018427387904
Q 42 146 -842879298540339 1152921504606846976
Q 42 148 3133424845079237 9223372036854775808
Q 42 150 -5629953446410269 36893488147419103232
Q 42 152 611837240590971 9223372036854775808
Q 42 154 -4122553195565165 147573952589676412928
Q 42 156 3366954379188227 295147905179352825856
Q 42 158 -2668787094475623 590295810358705651712
Q 42 160 8218648085575309 4722366482869645213696
Q 42 162 -768782858659433 1180591620717411303424
Q 42 164 4476589866651273 18889465931478580854784
Q 42 166 -3171276236159651 37778931862957161709568
Q 42 168 2187804295182005 75557863725914323419136
Q 42 170 -5882591747580723 604462909807314587353088
Q 42 172 7709895246862247 2417851639229258349412352
Q 42 174 -4927860371884449 4835703278458516698824704
Q 42 176 1536729075774111 4835703278458516698824704
Q 42 178 -7485199964546761 77371252455336267181195264
Q 42 180 8901747044295651 309485009821345068724781056
Q 42 182 -5171452924436377 618970019642690137449562112
Q 42 184 5872683855640033 2475880078570760549798248448
Q 42 186 -3260181167771589 4951760157141521099596496896
Q 42 188 1770130277579585 9903520314283042199192993792
Q 42 190 -3761256431814127 79228162514264337593543950336
Q 42 192 7821043487209509 633825300114114700748351602688
Q 42 194 -3980781353499235 1267650600228229401496703205376
Q 42 196 7912403900607137 10141204801825835211973625643008
Q 42 198 -985859403883089 5070602400912917605986812821504
Q 42 200 1819727680287009 40564819207303340847894502572032
Q 42 202 -29061355943041 2535301200456458802993406410752
Q 42 204 6147874276951923 41538374868278621028243970633760768
Q 42 206 2747520911240853 1298074214633706907132624082305024
Q 42 208 8395180060626171 5192296858534827628530496329220096
Q 42 210 6168231355783639 41538374868278621028243970633760768
Q 42 212 6512522910230157 2596148429267413814265248164610048
Q 42 214 -2903132179753953 1298074214633706907132624082305024
Q 42 216 -6466916850280749 5192296858534827628530496329220096
Q 42 218 4833217363413603 166153499473114484112975882535043072
Q 42 220 -8133417202671867 10384593717069655257060992658440192
Q 42 222 2422298375021429 649037107316853453566312041152512
Q 42 224 -459838006051623 324518553658426726783156020576256
Q 42 226 -263940152079825 2596148429267413814265248164610048
Q 42 228 -1352072016906899 649037107316853453566312041152512
Q 42 230 4359076998254083 5192296858534827628530496329220096
Q 42 232 8309259589832769 5192296858534827628530496329220096
Q 42 234 -5051304741969493 10384593717069655257060992658440192
Q 42 236 -2800878603114403 2596148429267413814265248164610048
Q 42 238 -4993337023518837 10384593717069655257060992658440192
Q 42 240 4630996766582445 2596148429267413814265248164610048
Q 42 242 -2544640278949493 41538374868278621028243970633760768
Q 42 244 -1834202951898353 1298074214633706907132624082305024
Q 42 246 6412588603497199 41538374868278621028243970633760768
Q 42 248 239946847398333 162259276829213363391578010288128
Q 42 250 -8585220721667627 10384593717069655257060992658440192
Q 42 252 -1328105101513379 1298074214633706907132624082305024
Q 42 254 1867587299624133 1298074214633706907132624082305024
Q 43 1 -4684706168490971 36028797018963968
Q 43 3 3403081007688597 36028797018963968
Q 43 5 434877679868693 4503599627370496
Q 43 7 -4743271415622947 36028797018963968
Q 43 9 -3427512829779839 72057594037927936
Q 43 11 1347684208358771 9007199254740992
Q 43 13 -5086167552267487 576460752303423488
Q 43 15 -2635899371552489 18014398509481984
Q 43 17 4710233936357511 72057594037927936
Q 43 19 4348082194353577 36028797018963968
Q 43 21 -2046833958967809 18014398509481984
Q 43 23 -5358483395166163 72057594037927936
Q 43 25 2605109076638091 18014398509481984
Q 43 27 3665992539612929 288230376151711744
Q 43 29 -1352660206621345 9007199254740992
Q 43 31 983239666191505 18014398509481984
Q 43 33 4505674157507521 36028797018963968
Q 43 35 -1024694561375881 9007199254740992
Q 43 37 -5019381445710039 72057594037927936
Q 43 39 5357617997908229 36028797018963968
Q 43 41 -4156614349236251 576460752303423488
Q 43 43 -5219198359127243 36028797018963968
Q 43 45 782697620819301 9007199254740992
Q 43 47 1720693258985087 18014398509481984
Q 43 49 -2574508243374413 18014398509481984
Q 43 51 -5151441998020055 576460752303423488
Q 43 53 5350611219331715 36028797018963968
Q 43 55 -6279859722481199 72057594037927936
Q 43 57 -6501318943487263 72057594037927936
Q 43 59 1346855067503995 9007199254740992
Q 43 61 -2400620493144005 144115188075855872
Q 43 63 -4943944240737903 36028797018963968
Q 43 65 8754340264666859 72057594037927936
Q 43 67 1487042318174335 36028797018963968
Q 43 69 -5591139754293785 36028797018963968
Q 43 71 6460960021978807 72057594037927936
Q 43 73 5548703681450975 72057594037927936
Q 43 75 -5730016471993001 36028797018963968
Q 43 77 2558782004321181 36028797018963968
Q 43 79 102193299893519 1125899906842624
Q 43 81 -5805199088091869 36028797018963968
Q 43 83 2679713713658893 36028797018963968
Q 43 85 5940550938856581 72057594037927936
Q 43 87 -370151937772033 2251799813685248
Q 43 89 7400530190675053 72057594037927936
Q 43 91 6495123381992705 144115188075855872
Q 43 93 -5645419897707391 36028797018963968
Q 43 95 1336953488834649 9007199254740992
Q 43 97 -4643160409630211 144115188075855872
Q 43 99 -59776033790531 562949953421312
Q 43 101 791017905301733 4503599627370496
Q 43 103 -1244043769988051 9007199254740992
Q 43 105 1594504862533217 72057594037927936
Q 43 107 7602533923425393 72057594037927936
Q 43 109 -6561115854242385 36028797018963968
Q 43 111 6432096924199201 36028797018963968
Q 43 113 -3755306248365909 36028797018963968
Q 43 115 -959956260123529 144115188075855872
Q 43 117 8324034217754657 72057594037927936
Q 43 119 -437956791852231 2251799813685248
Q 43 121 8371908580626391 36028797018963968
Q 43 123 -4185492360260911 18014398509481984
Q 43 125 7414857930646059 36028797018963968
Q 43 127 -2990941964213697 18014398509481984
Q 43 129 8933790172920885 72057594037927936
Q 43 131 -6240515087661133 72057594037927936
Q 43 133 513523351346951 9007199254740992
Q 43 135 -640716439736111 18014398509481984
Q 43 137 6086503118664827 288230376151711744
Q 43 139 -6901990430834085 576460752303423488
Q 43 141 1873856495351005 288230376151711744
Q 43 143 -7813691642549975 2305843009213693952
Q 43 145 7834751393534219 4611686018427387904
Q 43 147 -7569301720534981 9223372036854775808
Q 43 149 3528388187481229 9223372036854775808
Q 43 151 -6357094382542471 36893488147419103232
Q 43 153 2770139616170211 36893488147419103232
Q 43 155 -4676186857387183 147573952589676412928
Q 43 157 7652293583002009 590295810358705651712
Q 43 159 -1518783061052393 295147905179352825856
Q 43 161 4683458594785051 2361183241434822606848
Q 43 163 -7017444941268779 9444732965739290427392
Q 43 165 5112495109272975 18889465931478580854784
Q 43 167 -3624408432756039 37778931862957161709568
Q 43 169 5003588266338071 151115727451828646838272
Q 43 171 -1682361446187603 151115727451828646838272
Q 43 173 2205456231522055 604462909807314587353088
Q 43 175 -5639020067105751 4835703278458516698824704
Q 43 177 3516798324948339 9671406556917033397649408
Q 43 179 -4281653273917233 38685626227668133590597632
Q 43 181 2545173396044949 77371252455336267181195264
Q 43 183 -5911909578087347 618970019642690137449562112
Q 43 185 3354955611754983 1237940039285380274899124224
Q 43 187 -1861276812782183 2475880078570760549798248448
Q 43 189 8078683469421831 39614081257132168796771975168
Q 43 191 -2143999002536357 39614081257132168796771975168
Q 43 193 2227139564752143 158456325028528675187087900672
Q 43 195 -1133039158567737 316912650057057350374175801344
Q 43 197 9003636111102569 10141204801825835211973625643008
Q 43 199 -8869179869579535 40564819207303340847894502572032
Q 43 201 1947969716199453 40564819207303340847894502572032
Q 43 203 -6896120816997255 649037107316853453566312041152512
Q 43 205 7022245796428733 10384593717069655257060992658440192
Q 43 207 -4573233807600499 5192296858534827628530496329220096
Q 43 209 2692154632640667 649037107316853453566312041152512
Q 43 211 -906059406176721 1298074214633706907132624082305024
Q 43 213 2329638257866441 1298074214633706907132624082305024
Q 43 215 -361633287033697 324518553658426726783156020576256
Q 43 217 -4371696563686843 5192296858534827628530496329220096
Q 43 219 -2590286091717385 1298074214633706907132624082305024
Q 43 221 6850257132329419 2596148429267413814265248164610048
Q 43 223 594895251460577 5192296858534827628530496329220096
Q 43 225 8537095286774183 10384593717069655257060992658440192
Q 43 227 -5202262608415569 10384593717069655257060992658440192
Q 43 229 -6156227484261387 2596148429267413814265248164610048
Q 43 231 2523136298354699 1298074214633706907132624082305024
Q 43 233 -4530291390266675 83076749736557242056487941267521536
Q 43 235 1162585524000461 1298074214633706907132624082305024
Q 43 237 -2457811901987823 1298074214633706907132624082305024
Q 43 239 8546026500961939 41538374868278621028243970633760768
Q 43 241 5644526679125041 5192296858534827628530496329220096
Q 43 243 655298819796427 2596148429267413814265248164610048
Q 43 245 -6923481306106511 5192296858534827628530496329220096
Q 43 247 6816778654908519 41538374868278621028243970633760768
Q 43 249 6435370424688963 5192296858534827628530496329220096
Q 43 251 -7066201152146435 10384593717069655257060992658440192
Q 43 253 -2294224436747427 2596148429267413814265248164610048
Q 43 255 795784395712969 649037107316853453566312041152512
Q 44 0 8390060343751165 72057594037927936
Q 44 2 4799847519405479 144115188075855872
Q 44 4 -5388856549579815 36028797018963968
Q 44 6 1345363886214457 72057594037927936
Q 44 8 5181500294688257 36028797018963968
Q 44 10 -4858745744898721 72057594037927936
Q 44 12 -1089753124954655 9007199254740992
Q 44 14 7859301601250975 72057594037927936
Q 44 16 186920629250459 2251799813685248
Q 44 18 -4990132095943183 36028797018963968
Q 44 20 -4759740219014273 144115188075855872
Q 44 22 1357311587099297 9007199254740992
Q 44 24 -3426237168613249 144115188075855872
Q 44 26 -5098792972236815 36028797018963968
Q 44 28 2877366813397899 36028797018963968
Q 44 30 7854477243529253 72057594037927936
Q 44 32 -565358991952925 4503599627370496
Q 44 34 -3951312098281269 72057594037927936
Q 44 36 2700948027623501 18014398509481984
Q 44 38 -4031639678206117 288230376151711744
Q 44 40 -5163115687748871 36028797018963968
Q 44 42 758180016932723 9007199254740992
Q 44 44 7255132340445477 72057594037927936
Q 44 46 -2466308103662997 18014398509481984
Q 44 48 -3818254405019993 144115188075855872
Q 44 50 1367017382988979 9007199254740992
Q 44 52 -8882533342030589 144115188075855872
Q 44 54 -8265820523522309 72057594037927936
Q 44 56 4794034682230183 36028797018963968
Q 44 58 2083023141046905 72057594037927936
Q 44 60 -5489620326836441 36028797018963968
Q 44 62 5510546047010187 72057594037927936
Q 44 64 879063034129859 9007199254740992
Q 44 66 -5362994460291309 36028797018963968
Q 44 68 1203000008319011 72057594037927936
Q 44 70 2442467942306971 18014398509481984
Q 44 72 -4619850243245359 36028797018963968
Q 44 74 -3810213477490549 144115188075855872
Q 44 76 2729335742623665 18014398509481984
Q 44 78 -2009566324000243 18014398509481984
Q 44 80 -6694118835507625 144115188075855872
Q 44 82 2824227864586013 18014398509481984
Q 44 84 -8019627768573729 72057594037927936
Q 44 86 -5919864969549839 144115188075855872
Q 44 88 5598965561628755 36028797018963968
Q 44 90 -4727990550183473 36028797018963968
Q 44 92 -2999573044052449 576460752303423488
Q 44 94 2474716659899901 18014398509481984
Q 44 96 -2921859555065155 18014398509481984
Q 44 98 2394715432967369 36028797018963968
Q 44 100 5481504767823335 72057594037927936
Q 44 102 -6055148182835325 36028797018963968
Q 44 104 2796034199569345 18014398509481984
Q 44 106 -1871903297344113 36028797018963968
Q 44 108 -2859558121214535 36028797018963968
Q 44 110 6169108048249723 36028797018963968
Q 44 112 -3340635425459163 18014398509481984
Q 44 114 4461780360037637 36028797018963968
Q 44 116 -4965108642712213 288230376151711744
Q 44 118 -6834812139406627 72057594037927936
Q 44 120 3265939998903233 18014398509481984
Q 44 122 -4096648043768753 18014398509481984
Q 44 124 8430247212747143 36028797018963968
Q 44 126 -7617983710603579 36028797018963968
Q 44 128 6240014476331583 36028797018963968
Q 44 130 -4716901924240365 36028797018963968
Q 44 132 3328405538927345 36028797018963968
Q 44 134 -8839881912006177 144115188075855872
Q 44 136 5555438386634131 144115188075855872
Q 44 138 -6639022572691703 288230376151711744
Q 44 140 7570678082666459 576460752303423488
Q 44 142 -4130999028922277 576460752303423488
Q 44 144 8650054156277017 2305843009213693952
Q 44 146 -4353207851673273 2305843009213693952
Q 44 148 4219834803575309 4611686018427387904
Q 44 150 -3945722395991395 9223372036854775808
Q 44 152 3563708149014275 18446744073709551616
Q 44 154 -3112834802733569 36893488147419103232
Q 44 156 5264990239475009 147573952589676412928
Q 44 158 -4315190138156789 295147905179352825856
Q 44 160 428842165412713 73786976294838206464
Q 44 162 -5296037004466083 2361183241434822606848
Q 44 164 992893164838283 1180591620717411303424
Q 44 166 -5791468676936075 18889465931478580854784
Q 44 168 4108225558578611 37778931862957161709568
Q 44 170 -5673935340182183 151115727451828646838272
Q 44 172 7633028842878835 604462909807314587353088
Q 44 174 -5003735036806943 1208925819614629174706176
Q 44 176 6396688604450495 4835703278458516698824704
Q 44 178 -7977297972112095 19342813113834066795298816
Q 44 180 303417821190645 2417851639229258349412352
Q 44 182 -360575093426023 9671406556917033397649408
Q 44 184 837095690525161 77371252455336267181195264
Q 44 186 -474740436051999 154742504910672534362390528
Q 44 188 8421864062867913 9903520314283042199192993792
Q 44 190 -4565455589689783 19807040628566084398385987584
Q 44 192 605218820603087 9903520314283042199192993792
Q 44 194 -5024467337831559 316912650057057350374175801344
Q 44 196 5100884685607747 1267650600228229401496703205376
Q 44 198 -2545834244340973 2535301200456458802993406410752
Q 44 200 1232349708231481 5070602400912917605986812821504
Q 44 202 -2391721977092969 40564819207303340847894502572032
Q 44 204 7454401173139087 649037107316853453566312041152512
Q 44 206 -3507781225847833 5192296858534827628530496329220096
Q 44 208 5646458370283745 2596148429267413814265248164610048
Q 44 210 -6945683513713073 166153499473114484112975882535043072
Q 44 212 400074067960477 162259276829213363391578010288128
Q 44 214 -5594481158737939 2596148429267413814265248164610048
Q 44 216 -1503660886617313 1298074214633706907132624082305024
Q 44 218 -7302564414703205 166153499473114484112975882535043072
Q 44 220 -7050604127083533 10384593717069655257060992658440192
Q 44 222 8883482319364625 2596148429267413814265248164610048
Q 44 224 -1600445245022891 1298074214633706907132624082305024
Q 44 226 -3018860390582205 20769187434139310514121985316880384
Q 44 228 -1230150398418979 649037107316853453566312041152512
Q 44 230 3866600563734641 5192296858534827628530496329220096
Q 44 232 3928286031993697 2596148429267413814265248164610048
Q 44 234 -4861444636804719 10384593717069655257060992658440192
Q 44 236 -2588673256145497 2596148429267413814265248164610048
Q 44 238 -2393347999957913 5192296858534827628530496329220096
Q 44 240 8616292532943137 5192296858534827628530496329220096
Q 44 242 -1185163797231085 20769187434139310514121985316880384
Q 44 244 -3417969793542771 2596148429267413814265248164610048
Q 44 246 187591769786699 1298074214633706907132624082305024
Q 44 248 446403618651607 324518553658426726783156020576256
Q 44 250 -7985695520955171 10384593717069655257060992658440192
Q 44 252 -1236465461866769 1298074214633706907132624082305024
Q 44 254 6954086536195711 5192296858534827628530496329220096
Q 45 1 4717423881132507 36028797018963968
Q 45 3 -3110793544842903 36028797018963968
Q 45 5 -1922800737558769 18014398509481984
Q 45 7 1079869053427055 9007199254740992
Q 45 9 2541842912723281 36028797018963968
Q 45 11 -39832194869235 281474976710656
Q 45 13 -978172240292447 36028797018963968
Q 45 15 2702473426725239 18014398509481984
Q 45 17 -1462417918463271 72057594037927936
Q 45 19 -5170142004868657 36028797018963968
Q 45 21 4871138953418815 72057594037927936
Q 45 23 8696688689934725 72057594037927936
Q 45 25 -3942354862874217 36028797018963968
Q 45 27 -5889025286049189 72057594037927936
Q 45 29 5022187548235559 36028797018963968
Q 45 31 8370453423775931 288230376151711744
Q 45 33 -5430539633528869 36028797018963968
Q 45 35 4570311781764261 144115188075855872
Q 45 37 4954398127090053 36028797018963968
Q 45 39 -204994322058591 2251799813685248
Q 45 41 -6978254125740671 72057594037927936
Q 45 43 1223802706304321 9007199254740992
Q 45 45 1139873902952307 36028797018963968
Q 45 47 -2731287615406763 18014398509481984
Q 45 49 1680334902593691 36028797018963968
Q 45 51 1140630932874449 9007199254740992
Q 45 53 -8432866209147581 72057594037927936
Q 45 55 -8521392339347687 144115188075855872
Q 45 57 686468209602661 4503599627370496
Q 45 59 -2562437923101629 72057594037927936
Q 45 61 -4665884417197889 36028797018963968
Q 45 63 4401781090237585 36028797018963968
Q 45 65 3223931523943061 72057594037927936
Q 45 67 -2780875021356031 18014398509481984
Q 45 69 5076229020474209 72057594037927936
Q 45 71 7196674093751895 72057594037927936
Q 45 73 -5423171221917741 36028797018963968
Q 45 75 453526956677331 18014398509481984
Q 45 77 4642605564076321 36028797018963968
Q 45 79 -1261090633673635 9007199254740992
Q 45 81 5681540391266391 18446744073709551616
Q 45 83 2516888593959987 18014398509481984
Q 45 85 -4983212855824811 36028797018963968
Q 45 87 7270938229151701 4611686018427387904
Q 45 89 4923226821365157 36028797018963968
Q 45 91 -5430715594760615 36028797018963968
Q 45 93 2402405730268701 72057594037927936
Q 45 95 4031635637930781 36028797018963968
Q 45 97 -1512347745147729 9007199254740992
Q 45 99 3476464913420011 36028797018963968
Q 45 101 6390687380030799 144115188075855872
Q 45 103 -5586562176687925 36028797018963968
Q 45 105 751213732917661 4503599627370496
Q 45 107 -1424112708447751 18014398509481984
Q 45 109 -7563288046041471 144115188075855872
Q 45 111 2832326742029681 18014398509481984
Q 45 113 -3398593878290067 18014398509481984
Q 45 115 5066213191907051 36028797018963968
Q 45 117 -5731909228280413 144115188075855872
Q 45 119 -333942435135123 4503599627370496
Q 45 121 6024069022746625 36028797018963968
Q 45 123 -7971289190663397 36028797018963968
Q 45 125 8449532206536735 36028797018963968
Q 45 127 -3895722129926719 18014398509481984
Q 45 129 6479768034041893 36028797018963968
Q 45 131 -4957588589922417 36028797018963968
Q 45 133 7066275915362659 72057594037927936
Q 45 135 -2365589612443529 36028797018963968
Q 45 137 5989262170452951 144115188075855872
Q 45 139 -3600885992248953 144115188075855872
Q 45 141 4128311803358703 288230376151711744
Q 45 143 -2263247804038535 288230376151711744
Q 45 145 2379323519995611 576460752303423488
Q 45 147 -4806982542072349 2305843009213693952
Q 45 149 4674486134803279 4611686018427387904
Q 45 151 -4382967306578205 9223372036854775808
Q 45 153 1984095963035047 9223372036854775808
Q 45 155 -3473407785059205 36893488147419103232
Q 45 157 2942722681150803 73786976294838206464
Q 45 159 -4831116211221323 295147905179352825856
Q 45 161 60091626112605 9223372036854775808
Q 45 163 -2971582319768985 1180591620717411303424
Q 45 165 1115162636317271 1180591620717411303424
Q 45 167 -813614116381419 2361183241434822606848
Q 45 169 2309665079394977 18889465931478580854784
Q 45 171 -3190878023563591 75557863725914323419136
Q 45 173 8586469637824545 604462909807314587353088
Q 45 175 -5628712403937307 1208925819614629174706176
Q 45 177 3597294441738395 2417851639229258349412352
Q 45 179 -2242462429964185 4835703278458516698824704
Q 45 181 1364127101616385 9671406556917033397649408
Q 45 183 -6481010597178745 154742504910672534362390528
Q 45 185 3759127499837379 309485009821345068724781056
Q 45 187 -4260664442409357 1237940039285380274899124224
Q 45 189 2360017515579461 2475880078570760549798248448
Q 45 191 -1278167621386721 4951760157141521099596496896
Q 45 193 5416604285631671 79228162514264337593543950336
Q 45 195 -5615367553316469 316912650057057350374175801344
Q 45 197 1423684663886497 316912650057057350374175801344
Q 45 199 -5666206324329057 5070602400912917605986812821504
Q 45 201 1359379920247991 5070602400912917605986812821504
Q 45 203 -160609254711109 2535301200456458802993406410752
Q 45 205 4296653463002365 324518553658426726783156020576256
Q 45 207 -2397100950763755 649037107316853453566312041152512
Q 45 209 2848431264608875 649037107316853453566312041152512
Q 45 211 -2262327536021511 2596148429267413814265248164610048
Q 45 213 8611172294629343 5192296858534827628530496329220096
Q 45 215 -5307536778351203 5192296858534827628530496329220096
Q 45 217 -1971153553263191 2596148429267413814265248164610048
Q 45 219 -8895601855013203 5192296858534827628530496329220096
Q 45 221 2880465442792605 1298074214633706907132624082305024
Q 45 223 1584162017290097 10384593717069655257060992658440192
Q 45 225 6781281421610829 10384593717069655257060992658440192
Q 45 227 -1969877519049449 5192296858534827628530496329220096
Q 45 229 -1357175018209697 649037107316853453566312041152512
Q 45 231 8922770375329051 5192296858534827628530496329220096
Q 45 233 -5127936090646145 83076749736557242056487941267521536
Q 45 235 4118348310105453 5192296858534827628530496329220096
Q 45 237 -2159332377906783 1298074214633706907132624082305024
Q 45 239 1854032332679089 10384593717069655257060992658440192
Q 45 241 4944164455063701 5192296858534827628530496329220096
Q 45 243 1140454756266555 5192296858534827628530496329220096
Q 45 245 -6062050649680041 5192296858534827628530496329220096
Q 45 247 2975884988509031 20769187434139310514121985316880384
Q 45 249 5636761728664445 5192296858534827628530496329220096
Q 45 251 -48348999430821 81129638414606681695789005144064
Q 45 253 -8035728931837543 10384593717069655257060992658440192
Q 45 255 696911566775883 649037107316853453566312041152512
Q 46 0 -8275250550975177 72057594037927936
Q 46 2 -2852316661730213 72057594037927936
Q 46 4 166173915490883 1125899906842624
Q 46 6 -795773846481583 576460752303423488
Q 46 8 -1331346898676571 9007199254740992
Q 46 10 370687702976371 9007199254740992
Q 46 12 4928812095695925 36028797018963968
Q 46 14 -2834289082114423 36028797018963968
Q 46 16 -4140514986729109 36028797018963968
Q 46 18 8025162291728793 72057594037927936
Q 46 20 5946351090491165 72057594037927936
Q 46 22 -4900966352624799 36028797018963968
Q 46 24 -5874158690996995 144115188075855872
Q 46 26 1341458970837015 9007199254740992
Q 46 28 -565754231798887 72057594037927936
Q 46 30 -5270645644718683 36028797018963968
Q 46 32 4245331494100015 72057594037927936
Q 46 34 2251617121147203 18014398509481984
Q 46 36 -7622476291066289 72057594037927936
Q 46 38 -6040614037631301 72057594037927936
Q 46 40 5031763053400941 36028797018963968
Q 46 42 3630959974231469 144115188075855872
Q 46 44 -5427994233177219 36028797018963968
Q 46 46 1555522855179275 36028797018963968
Q 46 48 4693856564998279 36028797018963968
Q 46 50 -3860097309842365 36028797018963968
Q 46 52 -5444625091051775 72057594037927936
Q 46 54 663326857419007 4503599627370496
Q 46 56 -6746285976047381 1152921504606846976
Q 46 58 -5185437907356033 36028797018963968
Q 46 60 3311274717679459 36028797018963968
Q 46 62 3126819204434113 36028797018963968
Q 46 64 -5332149223705133 36028797018963968
Q 46 66 7275729261157351 576460752303423488
Q 46 68 5014815478477145 36028797018963968
Q 46 70 -8179751499499979 72057594037927936
Q 46 72 -7745928493770429 144115188075855872
Q 46 74 2801401216734129 18014398509481984
Q 46 76 -1302756886095323 18014398509481984
Q 46 78 -6823876162849437 72057594037927936
Q 46 80 697530569455073 4503599627370496
Q 46 82 -1630668243315239 36028797018963968
Q 46 84 -8107078790591993 72057594037927936
Q 46 86 2780589013201089 18014398509481984
Q 46 88 -1529017074675483 36028797018963968
Q 46 90 -3972777787809077 36028797018963968
Q 46 92 2899163061952257 18014398509481984
Q 46 94 -1235268663458987 18014398509481984
Q 46 96 -5921170699666895 72057594037927936
Q 46 98 5984262804184431 36028797018963968
Q 46 100 -8750223436751091 72057594037927936
Q 46 102 -3575965016400581 288230376151711744
Q 46 104 1239748542794593 9007199254740992
Q 46 106 -6235877544998927 36028797018963968
Q 46 108 7415564490161261 72057594037927936
Q 46 110 3693133583201039 144115188075855872
Q 46 112 -5071126087369307 36028797018963968
Q 46 114 6791020926925467 36028797018963968
Q 46 116 -2783910158119199 18014398509481984
Q 46 118 547215211052859 9007199254740992
Q 46 120 7738853410454267 144115188075855872
Q 46 122 -1373152790396915 9007199254740992
Q 46 124 3855748156632661 18014398509481984
Q 46 126 -8431378658739625 36028797018963968
Q 46 128 7935570523583413 36028797018963968
Q 46 130 -418766729770481 2251799813685248
Q 46 132 5187652914210083 36028797018963968
Q 46 134 -29165601725611 281474976710656
Q 46 136 2519943960280397 36028797018963968
Q 46 138 -6424337134295239 144115188075855872
Q 46 140 971376275560665 36028797018963968
Q 46 142 -1119408448869405 72057594037927936
Q 46 144 2465790085611945 288230376151711744
Q 46 146 -2602418088575975 576460752303423488
Q 46 148 5275696996858051 2305843009213693952
Q 46 150 -5145587360344203 4611686018427387904
Q 46 152 604650224568305 1152921504606846976
Q 46 154 -2194633859976977 9223372036854775808
Q 46 156 7698777189824515 73786976294838206464
Q 46 158 -3266611420853711 73786976294838206464
Q 46 160 5370244246094475 295147905179352825856
Q 46 162 -8559815816673595 1180591620717411303424
Q 46 164 3309983579614475 1180591620717411303424
Q 46 166 -4972154936852777 4722366482869645213696
Q 46 168 3629530541951345 9444732965739290427392
Q 46 170 -5153465500952683 37778931862957161709568
Q 46 172 7120933039340263 151115727451828646838272
Q 46 174 -4790603760764395 302231454903657293676544
Q 46 176 6280009967206321 1208925819614629174706176
Q 46 178 -2006242889127073 1208925819614629174706176
Q 46 180 625076288933519 1208925819614629174706176
Q 46 182 -3040396929661389 19342813113834066795298816
Q 46 184 28195256350207 604462909807314587353088
Q 46 186 -8367026996039479 618970019642690137449562112
Q 46 188 4737702796381633 1237940039285380274899124224
Q 46 190 -1310901064523723 1237940039285380274899124224
Q 46 192 5673921841193701 19807040628566084398385987584
Q 46 194 -6004529971290281 79228162514264337593543950336
Q 46 196 6216452014424831 316912650057057350374175801344
Q 46 198 -6300350446800805 1267650600228229401496703205376
Q 46 200 3123246939110553 2535301200456458802993406410752
Q 46 202 -3037086823240535 10141204801825835211973625643008
Q 46 204 2855442146526215 40564819207303340847894502572032
Q 46 206 -318095224629213 20282409603651670423947251286016
Q 46 208 2800579195432325 649037107316853453566312041152512
Q 46 210 -8304668072205435 10384593717069655257060992658440192
Q 46 212 1413189052091277 1298074214633706907132624082305024
Q 46 214 -8770295867769025 10384593717069655257060992658440192
Q 46 216 -3984536334761785 10384593717069655257060992658440192
Q 46 218 -6143292304990305 166153499473114484112975882535043072
Q 46 220 -2586254474800449 10384593717069655257060992658440192
Q 46 222 3257169996183141 2596148429267413814265248164610048
Q 46 224 -4818604686453427 10384593717069655257060992658440192
Q 46 226 -4683009214993301 83076749736557242056487941267521536
Q 46 228 -7160789660010329 10384593717069655257060992658440192
Q 46 230 5688603763421567 20769187434139310514121985316880384
Q 46 232 5789496643189587 10384593717069655257060992658440192
Q 46 234 -7360516689803115 41538374868278621028243970633760768
Q 46 236 -1849499190682963 5192296858534827628530496329220096
Q 46 238 -7070453658567499 41538374868278621028243970633760768
Q 46 240 6294670096662335 10384593717069655257060992658440192
Q 46 242 -7458231744600729 332306998946228968225951765070086144
Q 46 244 -4962771282367313 10384593717069655257060992658440192
Q 46 246 1077424230620023 20769187434139310514121985316880384
Q 46 248 5203370323025755 10384593717069655257060992658440192
Q 46 250 -5820097118964055 20769187434139310514121985316880384
Q 46 252 -449920521861345 1298074214633706907132624082305024
Q 46 254 5061996397411129 10384593717069655257060992658440192
Q 47 1 -4747710205962993 36028797018963968
Q 47 3 2814933312197755 36028797018963968
Q 47 5 8337455483802325 72057594037927936
Q 47 7 -1916308509330173 18014398509481984
Q 47 9 -1639981406370961 18014398509481984
Q 47 11 4607743228670975 36028797018963968
Q 47 13 2188022320432171 36028797018963968
Q 47 15 -642259054609469 4503599627370496
Q 47 17 -7368591472963099 288230376151711744
Q 47 19 5371970657503185 36028797018963968
Q 47 21 -7607995013790875 576460752303423488
Q 47 23 -5245088571776683 36028797018963968
Q 47 25 3855023937029169 72057594037927936
Q 47 27 586646301513821 4503599627370496
Q 47 29 -6642997369554211 72057594037927936
Q 47 31 -3669248181536581 36028797018963968
Q 47 33 4497462410258239 36028797018963968
Q 47 35 8679388385884417 144115188075855872
Q 47 37 -2625430230201043 18014398509481984
Q 47 39 -8656006932535737 1152921504606846976
Q 47 41 1338237693882759 9007199254740992
Q 47 43 -7338607995937715 144115188075855872
Q 47 45 -4600355953771709 36028797018963968
Q 47 47 7607489651149487 72057594037927936
Q 47 49 2901614592024093 36028797018963968
Q 47 51 -5155907215510001 36028797018963968
Q 47 53 -1579775436040007 144115188075855872
Q 47 55 1339060778498275 9007199254740992
Q 47 57 -4876532010461583 72057594037927936
Q 47 59 -8022915088782295 72057594037927936
Q 47 61 4744609613981857 36028797018963968
Q 47 63 4675384398361103 144115188075855872
Q 47 65 -1368532298876257 9007199254740992
Q 47 67 4777725812525595 72057594037927936
Q 47 69 964515604435739 9007199254740992
Q 47 71 -2552284510421373 18014398509481984
Q 47 73 -7746076746025359 2305843009213693952
Q 47 75 2598349384756513 18014398509481984
Q 47 77 -7977949099307565 72057594037927936
Q 47 79 -3839661539791087 72057594037927936
Q 47 81 1406592126338187 9007199254740992
Q 47 83 -6119869464828257 72057594037927936
Q 47 85 -2817132428701535 36028797018963968
Q 47 87 2870742823543557 18014398509481984
Q 47 89 -5693310410813831 72057594037927936
Q 47 91 -5665190367794349 72057594037927936
Q 47 93 5843723031878731 36028797018963968
Q 47 95 -3566632862633167 36028797018963968
Q 47 97 -7212956335546731 144115188075855872
Q 47 99 5679053015237053 36028797018963968
Q 47 101 -2536633582431575 18014398509481984
Q 47 103 1335734693691895 72057594037927936
Q 47 105 8420705776026549 72057594037927936
Q 47 107 -6283845839560761 36028797018963968
Q 47 109 4439032079669877 36028797018963968
Q 47 111 -2418545017825381 4611686018427387904
Q 47 113 -8822744630223799 72057594037927936
Q 47 115 1668962687411131 9007199254740992
Q 47 117 -5968524722038489 36028797018963968
Q 47 119 5764781145829251 72057594037927936
Q 47 121 2431850095286919 72057594037927936
Q 47 123 -309116584069201 2251799813685248
Q 47 125 463734191770391 2251799813685248
Q 47 127 -8378794869005745 36028797018963968
Q 47 129 4025583001364569 18014398509481984
Q 47 131 -53914023315437 281474976710656
Q 47 133 1351503603430579 9007199254740992
Q 47 135 -7854871489786195 72057594037927936
Q 47 137 2672066031278861 36028797018963968
Q 47 139 -6857805643210857 144115188075855872
Q 47 141 8342895130352301 288230376151711744
Q 47 143 -4830904852008575 288230376151711744
Q 47 145 5343431229203157 576460752303423488
Q 47 147 -5660447951755727 1152921504606846976
Q 47 149 5756002844531889 2305843009213693952
Q 47 151 -351857742219271 288230376151711744
Q 47 153 165783689204935 288230376151711744
Q 47 155 -4823771925412643 18446744073709551616
Q 47 157 4237890165534293 36893488147419103232
Q 47 159 -7203225944083525 147573952589676412928
Q 47 161 370513586932995 18446744073709551616
Q 47 163 -591157284540673 73786976294838206464
Q 47 165 7320638313572243 2361183241434822606848
Q 47 167 -1375388200922167 1180591620717411303424
Q 47 169 4017518204426453 9444732965739290427392
Q 47 171 -5705561075167823 37778931862957161709568
Q 47 173 7884194033230165 151115727451828646838272
Q 47 175 -5303546972560715 302231454903657293676544
Q 47 177 3475367413729461 604462909807314587353088
Q 47 179 -4439359350197817 2417851639229258349412352
Q 47 181 2764915256323117 4835703278458516698824704
Q 47 183 -6720163601113403 38685626227668133590597632
Q 47 185 7971094711332231 154742504910672534362390528
Q 47 187 -4616149021849105 309485009821345068724781056
Q 47 189 2611379133794007 618970019642690137449562112
Q 47 191 -2887251891764933 2475880078570760549798248448
Q 47 193 6241404574198865 19807040628566084398385987584
Q 47 195 -6597163745074953 79228162514264337593543950336
Q 47 197 6821334458423557 316912650057057350374175801344
Q 47 199 -6902677801847485 1267650600228229401496703205376
Q 47 201 854014778259011 633825300114114700748351602688
Q 47 203 -3311687871688295 10141204801825835211973625643008
Q 47 205 6261892500172927 81129638414606681695789005144064
Q 47 207 -5888516105741189 324518553658426726783156020576256
Q 47 209 409127069870783 81129638414606681695789005144064
Q 47 211 -2894841716594965 2596148429267413814265248164610048
Q 47 213 6579695352593113 10384593717069655257060992658440192
Q 47 215 -6418494030129653 20769187434139310514121985316880384
Q 47 217 -7212778469135527 41538374868278621028243970633760768
Q 47 219 -72489278209783 162259276829213363391578010288128
Q 47 221 3011114218704669 5192296858534827628530496329220096
Q 47 223 3707214600124717 166153499473114484112975882535043072
Q 47 225 7628256893449673 41538374868278621028243970633760768
Q 47 227 -2376824126179653 20769187434139310514121985316880384
Q 47 229 -5401617664244379 10384593717069655257060992658440192
Q 47 231 2236622047888623 5192296858534827628530496329220096
Q 47 233 -3349430540925095 332306998946228968225951765070086144
Q 47 235 8251002144341905 41538374868278621028243970633760768
Q 47 237 -8673147486191899 20769187434139310514121985316880384
Q 47 239 1838566627951215 41538374868278621028243970633760768
Q 47 241 2498104338124607 10384593717069655257060992658440192
Q 47 243 2288617922939049 41538374868278621028243970633760768
Q 47 245 -1529375210787485 5192296858534827628530496329220096
Q 47 247 374578260617893 10384593717069655257060992658440192
Q 47 249 5699565185206693 20769187434139310514121985316880384
Q 47 251 -6256979856806549 41538374868278621028243970633760768
Q 47 253 -63445041041779 324518553658426726783156020576256
Q 47 255 1408605201936059 5192296858534827628530496329220096
Q 48 0 -4082640195176507 36028797018963968
Q 48 2 -6579550031106161 144115188075855872
Q 48 4 326056061167221 2251799813685248
Q 48 6 8950298369305857 576460752303423488
Q 48 8 -668818672886193 4503599627370496
Q 48 10 8142426107226073 576460752303423488
Q 48 12 5252855607943995 36028797018963968
Q 48 14 -3169077260865751 72057594037927936
Q 48 16 -4922881476865603 36028797018963968
Q 48 18 2643561870411625 36028797018963968
Q 48 20 4337585127899425 36028797018963968
Q 48 22 -7276535616911559 72057594037927936
Q 48 24 -3473281298391551 36028797018963968
Q 48 26 4496146610630201 36028797018963968
Q 48 28 2317911064111569 36028797018963968
Q 48 30 -2558680624182851 18014398509481984
Q 48 32 -886921373610187 36028797018963968
Q 48 34 2688330850368679 18014398509481984
Q 48 36 -188963979768099 9007199254740992
Q 48 38 -5135124317044113 36028797018963968
Q 48 40 4948848380826237 72057594037927936
Q 48 42 8536144498105413 72057594037927936
Q 48 44 -2020443486364685 18014398509481984
Q 48 46 -1357424210924083 18014398509481984
Q 48 48 5133842416904335 36028797018963968
Q 48 50 2202754517224555 144115188075855872
Q 48 52 -336057610814635 2251799813685248
Q 48 54 966518102036099 18014398509481984
Q 48 56 8885391121239307 72057594037927936
Q 48 58 -8357669978073577 72057594037927936
Q 48 60 -8936954389291205 144115188075855872
Q 48 62 5412785669407233 36028797018963968
Q 48 64 -7106025551769865 288230376151711744
Q 48 66 -4877839479334543 36028797018963968
Q 48 68 1976894978504211 18014398509481984
Q 48 70 4572643121075269 72057594037927936
Q 48 72 -5515930415713905 36028797018963968
Q 48 74 6560639194698157 144115188075855872
Q 48 76 4300191108156341 36028797018963968
Q 48 78 -4957486206350237 36028797018963968
Q 48 80 -5154455865734459 576460752303423488
Q 48 82 653280669372869 4503599627370496
Q 48 84 -8416173902787267 72057594037927936
Q 48 86 -5752165814634747 144115188075855872
Q 48 88 5551826858699303 36028797018963968
Q 48 90 -3943988312506529 36028797018963968
Q 48 92 -6349131200343871 144115188075855872
Q 48 94 1399410665659835 9007199254740992
Q 48 96 -8907485472368739 72057594037927936
Q 48 98 -2484020698339625 144115188075855872
Q 48 100 5171880960620447 36028797018963968
Q 48 102 -2782807541688331 18014398509481984
Q 48 104 6846701522797585 144115188075855872
Q 48 106 6755513457486833 72057594037927936
Q 48 108 -6171661049321253 36028797018963968
Q 48 110 5036663733902961 36028797018963968
Q 48 112 -7327236744176701 288230376151711744
Q 48 114 -7413924747553335 72057594037927936
Q 48 116 3232971408018867 18014398509481984
Q 48 118 -6272517601004915 36028797018963968
Q 48 120 3509806000199079 36028797018963968
Q 48 122 4182351502474843 288230376151711744
Q 48 124 -8783301376672411 72057594037927936
Q 48 126 7101934744126777 36028797018963968
Q 48 128 -8295147892679755 36028797018963968
Q 48 130 4069723900664757 18014398509481984
Q 48 132 -7081769683775691 36028797018963968
Q 48 134 5611815936526129 36028797018963968
Q 48 136 -2057414295538867 18014398509481984
Q 48 138 5642079277163005 72057594037927936
Q 48 140 -7286857488992619 144115188075855872
Q 48 142 8913538979516283 288230376151711744
Q 48 144 -2592819658354131 144115188075855872
Q 48 146 5759069255710627 576460752303423488
Q 48 148 -6122103721351705 1152921504606846976
Q 48 150 1561063226437531 576460752303423488
Q 48 152 -6123130610123303 4611686018427387904
Q 48 154 5782866338702157 9223372036854775808
Q 48 156 -5268149676844649 18446744073709551616
Q 48 158 4635645772652979 36893488147419103232
Q 48 160 -3944828155967485 73786976294838206464
Q 48 162 6500059002897005 295147905179352825856
Q 48 164 -1297444907755611 147573952589676412928
Q 48 166 2009629261222657 590295810358705651712
Q 48 168 -6043640958475033 4722366482869645213696
Q 48 170 8828948706991041 18889465931478580854784
Q 48 172 -6269806289584031 37778931862957161709568
Q 48 174 4331610875630001 75557863725914323419136
Q 48 176 -1456569063713837 75557863725914323419136
Q 48 178 477065586278513 75557863725914323419136
Q 48 180 -4872750492184407 2417851639229258349412352
Q 48 182 379122354858699 604462909807314587353088
Q 48 184 -3683166189985999 19342813113834066795298816
Q 48 186 8730244212826753 154742504910672534362390528
Q 48 188 -5051040531734793 309485009821345068724781056
Q 48 190 2854444404643987 618970019642690137449562112
Q 48 192 -6304886725212843 4951760157141521099596496896
Q 48 194 1701601396233395 4951760157141521099596496896
Q 48 196 -3592574001145383 39614081257132168796771975168
Q 48 198 7418195363893137 316912650057057350374175801344
Q 48 200 -1874197821974645 316912650057057350374175801344
Q 48 202 3705061790415373 2535301200456458802993406410752
Q 48 204 -7218174700957269 20282409603651670423947251286016
Q 48 206 3496424182235491 40564819207303340847894502572032
Q 48 208 -1479996264655567 81129638414606681695789005144064
Q 48 210 2925826884513457 649037107316853453566312041152512
Q 48 212 6388028633079173 5192296858534827628530496329220096
Q 48 214 -4598195639603763 2596148429267413814265248164610048
Q 48 216 -314856021192753 324518553658426726783156020576256
Q 48 218 -1736749171863213 41538374868278621028243970633760768
Q 48 220 -6446319888492879 10384593717069655257060992658440192
Q 48 222 7978839497680405 2596148429267413814265248164610048
Q 48 224 -3003151597308037 2596148429267413814265248164610048
Q 48 226 -8979389463052977 83076749736557242056487941267521536
Q 48 228 -8841243126594221 5192296858534827628530496329220096
Q 48 230 1746946524565805 2596148429267413814265248164610048
Q 48 232 1771608928760171 1298074214633706907132624082305024
Q 48 234 -4459823201156975 10384593717069655257060992658440192
Q 48 236 -8987895107320339 10384593717069655257060992658440192
Q 48 238 -2139015160610741 5192296858534827628530496329220096
Q 48 240 7686514909459063 5192296858534827628530496329220096
Q 48 242 -287338529729069 5192296858534827628530496329220096
Q 48 244 -3020197877468327 2596148429267413814265248164610048
Q 48 246 2627078352001869 20769187434139310514121985316880384
Q 48 248 6335756954065609 5192296858534827628530496329220096
Q 48 250 -7082647302591273 10384593717069655257060992658440192
Q 48 252 -2190950050002667 2596148429267413814265248164610048
Q 48 254 3081253904554121 2596148429267413814265248164610048
Q 49 1 -2387844957425019 18014398509481984
Q 49 3 78628835672743 1125899906842624
Q 49 5 2224045280852829 18014398509481984
Q 49 7 -3292802603318053 36028797018963968
Q 49 9 -7827392734799835 72057594037927936
Q 49 11 7892036346304987 72057594037927936
Q 49 13 3251850790121771 36028797018963968
Q 49 15 -2254154734266703 18014398509481984
Q 49 17 -4904267570644881 72057594037927936
Q 49 19 4959768502249965 36028797018963968
Q 49 21 6023335636583191 144115188075855872
Q 49 23 -2629848517068641 18014398509481984
Q 49 25 -6618010673331865 576460752303423488
Q 49 27 2674958931355777 18014398509481984
Q 49 29 -6442654479267361 288230376151711744
Q 49 31 -5157516917624457 36028797018963968
Q 49 33 8405824750486685 144115188075855872
Q 49 35 1150587075300041 9007199254740992
Q 49 37 -6761937947249423 72057594037927936
Q 49 39 -3613284761393469 36028797018963968
Q 49 41 2246834336169521 18014398509481984
Q 49 43 4313843007458085 72057594037927936
Q 49 45 -5229404499409535 36028797018963968
Q 49 47 -8970575761901625 1152921504606846976
Q 49 49 5335261179079325 36028797018963968
Q 49 51 -7347289678637847 144115188075855872
Q 49 53 -4569329385221201 36028797018963968
Q 49 55 7676363090457813 72057594037927936
Q 49 57 2804620552018429 36028797018963968
Q 49 59 -2595538843466229 18014398509481984
Q 49 61 -1433362098801525 288230376151711744
Q 49 63 5286052424863831 36028797018963968
Q 49 65 -688579122348357 9007199254740992
Q 49 67 -1843262448674609 18014398509481984
Q 49 69 2496641142410359 18014398509481984
Q 49 71 8274433962172383 576460752303423488
Q 49 73 -166754019525949 1125899906842624
Q 49 75 6350034297238025 72057594037927936
Q 49 77 761171016430311 9007199254740992
Q 49 79 -1366393071647597 9007199254740992
Q 49 81 2477432302730409 72057594037927936
Q 49 83 8909819709139317 72057594037927936
Q 49 85 -2510245479016789 18014398509481984
Q 49 87 -5976435613316073 9223372036854775808
Q 49 89 5041913097802983 36028797018963968
Q 49 91 -2390020581197783 18014398509481984
Q 49 93 -2519925344407717 288230376151711744
Q 49 95 5103191659640657 36028797018963968
Q 49 97 -5113193341174993 36028797018963968
Q 49 99 4263875973634089 288230376151711744
Q 49 101 2252350347798967 18014398509481984
Q 49 103 -5856993224874931 36028797018963968
Q 49 105 2657675307876751 36028797018963968
Q 49 107 4991805466443933 72057594037927936
Q 49 109 -2960252403407621 18014398509481984
Q 49 111 2750377668901735 18014398509481984
Q 49 113 -7009331333891327 144115188075855872
Q 49 115 -372203607743237 4503599627370496
Q 49 117 6176102041885545 36028797018963968
Q 49 119 -6485805865762913 36028797018963968
Q 49 121 4069299743863571 36028797018963968
Q 49 123 -2215357964735153 576460752303423488
Q 49 125 -7674247147655059 72057594037927936
Q 49 127 6763878120225559 36028797018963968
Q 49 129 -2046014170605437 9007199254740992
Q 49 131 8201983281442993 36028797018963968
Q 49 133 -3621361275183917 18014398509481984
Q 49 135 1451104846930465 9007199254740992
Q 49 137 -8588956139479847 72057594037927936
Q 49 139 5932019138463197 72057594037927936
Q 49 141 -7708765093244315 144115188075855872
Q 49 143 4739530501574487 144115188075855872
Q 49 145 -5539301087822603 288230376151711744
Q 49 147 6175399478662721 576460752303423488
Q 49 149 -6586241625695281 1152921504606846976
Q 49 151 421034629526715 144115188075855872
Q 49 153 -827718328564749 576460752303423488
Q 49 155 3133254556849723 4611686018427387904
Q 49 157 -357406663817867 1152921504606846976
Q 49 159 5039056943612363 36893488147419103232
Q 49 161 -8586099963212337 147573952589676412928
Q 49 163 885030954319253 36893488147419103232
Q 49 165 -5656875030897065 590295810358705651712
Q 49 167 8766192441219007 2361183241434822606848
Q 49 169 -6592630377258323 4722366482869645213696
Q 49 171 4816013113616307 9444732965739290427392
Q 49 173 -6839750952128259 37778931862957161709568
Q 49 175 4724401481444545 75557863725914323419136
Q 49 177 -6352397104891687 302231454903657293676544
Q 49 179 8318322674310395 1208925819614629174706176
Q 49 181 -5306992479526399 2417851639229258349412352
Q 49 183 3300874573775713 4835703278458516698824704
Q 49 185 -8010285942756943 38685626227668133590597632
Q 49 187 2371126077109545 38685626227668133590597632
Q 49 189 -5481729978420133 309485009821345068724781056
Q 49 191 193395400446425 38685626227668133590597632
Q 49 193 -1706597064521483 1237940039285380274899124224
Q 49 195 1839933415959499 4951760157141521099596496896
Q 49 197 -7758519196975787 79228162514264337593543950336
Q 49 199 7998914339273991 316912650057057350374175801344
Q 49 201 -2018635178751205 316912650057057350374175801344
Q 49 203 7975352895209119 5070602400912917605986812821504
Q 49 205 -7743912486445221 20282409603651670423947251286016
Q 49 207 7269433869880841 81129638414606681695789005144064
Q 49 209 -5469089267174319 324518553658426726783156020576256
Q 49 211 5208329595468135 1298074214633706907132624082305024
Q 49 213 7302434955937847 10384593717069655257060992658440192
Q 49 215 -268551525096003 324518553658426726783156020576256
Q 49 217 -4466021653871367 5192296858534827628530496329220096
Q 49 219 -4962968523958431 2596148429267413814265248164610048
Q 49 221 6639056340825395 2596148429267413814265248164610048
Q 49 223 3201612387802699 41538374868278621028243970633760768
Q 49 225 4155345581699101 5192296858534827628530496329220096
Q 49 227 -4849159860126179 10384593717069655257060992658440192
Q 49 229 -2996243043626123 1298074214633706907132624082305024
Q 49 231 4939691959169813 2596148429267413814265248164610048
Q 49 233 -5912397020168485 83076749736557242056487941267521536
Q 49 235 2283737837700015 2596148429267413814265248164610048
Q 49 237 -4788231950529061 2596148429267413814265248164610048
Q 49 239 4176272436637087 20769187434139310514121985316880384
Q 49 241 2742230445651309 2596148429267413814265248164610048
Q 49 243 2487089658648731 10384593717069655257060992658440192
Q 49 245 -6707582316480645 5192296858534827628530496329220096
Q 49 247 3182820558615 20282409603651670423947251286016
Q 49 249 6250124780329497 5192296858534827628530496329220096
Q 49 251 -3430541339103869 5192296858534827628530496329220096
Q 49 253 -8901032467231173 10384593717069655257060992658440192
Q 49 255 3088360491168867 2596148429267413814265248164610048
Q 50 0 8059672480164173 72057594037927936
Q 50 2 7426039016561399 144115188075855872
Q 50 4 -2544251093373163 18014398509481984
Q 50 6 -143610600700157 4503599627370496
Q 50 8 2630825046439109 18014398509481984
Q 50 10 7376010582220025 576460752303423488
Q 50 12 -5327478870846341 36028797018963968
Q 50 14 4203645785958569 576460752303423488
Q 50 16 1323086075959853 9007199254740992
Q 50 18 -2072886945710107 72057594037927936
Q 50 20 -5134795104206777 36028797018963968
Q 50 22 7440048533986141 144115188075855872
Q 50 24 2410664241752383 18014398509481984
Q 50 26 -1359231288314087 18014398509481984
Q 50 28 -8620431417769079 72057594037927936
Q 50 30 1788198865850621 18014398509481984
Q 50 32 7113317960031995 72057594037927936
Q 50 34 -4370649070343417 36028797018963968
Q 50 36 -2522502105348937 36028797018963968
Q 50 38 156355034279053 1125899906842624
Q 50 40 596438106241139 18014398509481984
Q 50 42 -5339260562950593 36028797018963968
Q 50 44 797462409224075 72057594037927936
Q 50 46 325845722371499 2251799813685248
Q 50 48 -2138255077327271 36028797018963968
Q 50 50 -2229774618655305 18014398509481984
Q 50 52 1899551795928971 18014398509481984
Q 50 54 1483251784392815 18014398509481984
Q 50 56 -5028431932992033 36028797018963968
Q 50 58 -1542373122663391 72057594037927936
Q 50 60 1345718618607521 9007199254740992
Q 50 62 -1830703796565537 36028797018963968
Q 50 64 -8905955529594911 72057594037927936
Q 50 66 8411408891615071 72057594037927936
Q 50 68 2099721135384567 36028797018963968
Q 50 70 -5437280983951313 36028797018963968
Q 50 72 4962253033652601 144115188075855872
Q 50 74 2319852545399319 18014398509481984
Q 50 76 -8719875439157315 72057594037927936
Q 50 78 -6307146334635913 144115188075855872
Q 50 80 1379134885600109 9007199254740992
Q 50 82 -5290133441507351 72057594037927936
Q 50 84 -6812073175589517 72057594037927936
Q 50 86 1369129080114691 9007199254740992
Q 50 88 -2667755324976317 72057594037927936
Q 50 90 -4275372470511893 36028797018963968
Q 50 92 333555194747853 2251799813685248
Q 50 94 -916828057679719 36028797018963968
Q 50 96 -1102657092204277 9007199254740992
Q 50 98 5541313707764079 36028797018963968
Q 50 100 -3230919876551833 72057594037927936
Q 50 102 -930059821073147 9007199254740992
Q 50 104 5960257431083751 36028797018963968
Q 50 106 -6974744139239119 72057594037927936
Q 50 108 -1595894815492117 36028797018963968
Q 50 110 1388305559109301 9007199254740992
Q 50 112 -729479958236163 4503599627370496
Q 50 114 2516999685471941 36028797018963968
Q 50 116 2240883819778195 36028797018963968
Q 50 118 -1455279643520441 9007199254740992
Q 50 120 1653942189336437 9007199254740992
Q 50 122 -4560794368434777 36028797018963968
Q 50 124 6103900025338279 288230376151711744
Q 50 126 3288693422030215 36028797018963968
Q 50 128 -3205602334387821 18014398509481984
Q 50 130 4024646027021395 18014398509481984
Q 50 132 -4120312470189035 18014398509481984
Q 50 134 7384263239610489 36028797018963968
Q 50 136 -2991698168597961 18014398509481984
Q 50 138 8931235093452171 72057594037927936
Q 50 140 -3106188950888079 36028797018963968
Q 50 142 2030228522276729 36028797018963968
Q 50 144 -5017818310572669 144115188075855872
Q 50 146 5889337959122025 288230376151711744
Q 50 148 -6589255544413711 576460752303423488
Q 50 150 7049168243661773 1152921504606846976
Q 50 152 -7228824940911917 2305843009213693952
Q 50 154 7121276306020529 4611686018427387904
Q 50 156 -3375841605571889 4611686018427387904
Q 50 158 6170669639588065 18446744073709551616
Q 50 160 -340265666593041 2305843009213693952
Q 50 162 4642815745702347 73786976294838206464
Q 50 164 -7662808917641901 295147905179352825856
Q 50 166 3062782341118675 295147905179352825856
Q 50 168 -4747817013723191 1180591620717411303424
Q 50 170 3571125557153135 2361183241434822606848
Q 50 172 -5217389890847659 9444732965739290427392
Q 50 174 7408429995464117 37778931862957161709568
Q 50 176 -5115506376753655 75557863725914323419136
Q 50 178 6875041058722209 302231454903657293676544
Q 50 180 -1124664404572565 151115727451828646838272
Q 50 182 717005252537661 302231454903657293676544
Q 50 184 -7129513295817903 9671406556917033397649408
Q 50 186 8642494952767055 38685626227668133590597632
Q 50 188 -5111188769947141 77371252455336267181195264
Q 50 190 5901459667608473 309485009821345068724781056
Q 50 192 -415894798484379 77371252455336267181195264
Q 50 194 1832594299200181 1237940039285380274899124224
Q 50 196 -3946099812259115 9903520314283042199192993792
Q 50 198 4153335906824621 39614081257132168796771975168
Q 50 200 -4276311768311103 158456325028528675187087900672
Q 50 202 2152855268224871 316912650057057350374175801344
Q 50 204 -1064548076221025 633825300114114700748351602688
Q 50 206 8313111667335229 20282409603651670423947251286016
Q 50 208 -1867754798910553 20282409603651670423947251286016
Q 50 210 901011574372605 40564819207303340847894502572032
Q 50 212 2393832807333009 2596148429267413814265248164610048
Q 50 214 -2695518910081313 649037107316853453566312041152512
Q 50 216 -7223445344438323 2596148429267413814265248164610048
Q 50 218 -4659163142837979 41538374868278621028243970633760768
Q 50 220 -4263466093961993 2596148429267413814265248164610048
Q 50 222 5298533978181815 649037107316853453566312041152512
Q 50 224 -7977373046585119 2596148429267413814265248164610048
Q 50 226 -1327943268549641 5192296858534827628530496329220096
Q 50 228 -5793907797829447 1298074214633706907132624082305024
Q 50 230 2272141355672513 1298074214633706907132624082305024
Q 50 232 4636545772965363 1298074214633706907132624082305024
Q 50 234 -1475645451796991 1298074214633706907132624082305024
Q 50 236 -5980102463641885 2596148429267413814265248164610048
Q 50 238 -5742328383438791 5192296858534827628530496329220096
Q 50 240 2542419375637813 649037107316853453566312041152512
Q 50 242 -3193619040058187 20769187434139310514121985316880384
Q 50 244 -1996961732446749 649037107316853453566312041152512
Q 50 246 215811714300475 649037107316853453566312041152512
Q 50 248 4194682797978217 1298074214633706907132624082305024
Q 50 250 -293094030754911 162259276829213363391578010288128
Q 50 252 -362524429265383 162259276829213363391578010288128
Q 50 254 8157684107088571 2596148429267413814265248164610048
Q 51 1 600183936902925 4503599627370496
Q 51 3 -4429877800834415 72057594037927936
Q 51 5 -4683555345572571 36028797018963968
Q 51 7 5420153716030055 72057594037927936
Q 51 9 8863548690774201 72057594037927936
Q 51 11 -6289802262176451 72057594037927936
Q 51 13 -1030196905775035 9007199254740992
Q 51 15 3574050292724933 36028797018963968
Q 51 17 7464819601410523 72057594037927936
Q 51 19 -8008986252061245 72057594037927936
Q 51 21 -3243422320435095 36028797018963968
Q 51 23 8854455640741181 72057594037927936
Q 51 25 5256222724555233 72057594037927936
Q 51 27 -1204579567770221 9007199254740992
Q 51 29 -1861142162786489 36028797018963968
Q 51 31 5135869661657989 36028797018963968
Q 51 33 7384987926908743 288230376151711744
Q 51 35 -2658282986928151 18014398509481984
Q 51 37 759492494307259 144115188075855872
Q 51 39 5274152726037469 36028797018963968
Q 51 41 -5807403624878499 144115188075855872
Q 51 43 -2451678385236959 18014398509481984
Q 51 45 5575293161282457 72057594037927936
Q 51 47 8188872051463999 72057594037927936
Q 51 49 -8103905505410915 72057594037927936
Q 51 51 -2764768346544803 36028797018963968
Q 51 53 5015084394683407 36028797018963968
Q 51 55 3650164568536835 144115188075855872
Q 51 57 -2686014753510805 18014398509481984
Q 51 59 5239712995729853 144115188075855872
Q 51 61 4799482024845485 36028797018963968
Q 51 63 -220244094326179 2251799813685248
Q 51 65 -6171749971196467 72057594037927936
Q 51 67 5104129161213869 36028797018963968
Q 51 69 2691459396319363 288230376151711744
Q 51 71 -165455856541987 1125899906842624
Q 51 73 175620748642821 2251799813685248
Q 51 75 7086589493049637 72057594037927936
Q 51 77 -1280972667595671 9007199254740992
Q 51 79 -1291887465029361 1152921504606846976
Q 51 81 5152768208452945 36028797018963968
Q 51 83 -1904988908486659 18014398509481984
Q 51 85 -2180096861156471 36028797018963968
Q 51 87 1396163332683157 9007199254740992
Q 51 89 -2559200830017951 36028797018963968
Q 51 91 -3322259499223775 36028797018963968
Q 51 93 5616427109796165 36028797018963968
Q 51 95 -8215606350313419 144115188075855872
Q 51 97 -7145523765575259 72057594037927936
Q 51 99 5746771696342007 36028797018963968
Q 51 101 -324200921377719 4503599627370496
Q 51 103 -5719078403797219 72057594037927936
Q 51 105 5894122513505231 36028797018963968
Q 51 107 -8379772458896735 72057594037927936
Q 51 109 -2818000437589079 144115188075855872
Q 51 111 5093063225265391 36028797018963968
Q 51 113 -6049946257136271 36028797018963968
Q 51 115 6405285570455357 72057594037927936
Q 51 117 3023594405827431 72057594037927936
Q 51 119 -5415313149581783 36028797018963968
Q 51 121 6670740971849143 36028797018963968
Q 51 123 -4985696889584633 36028797018963968
Q 51 125 5388973214828445 144115188075855872
Q 51 127 5503948087977031 72057594037927936
Q 51 129 -6049255949301467 36028797018963968
Q 51 131 3947342894169515 18014398509481984
Q 51 133 -8257445781455455 36028797018963968
Q 51 135 3753522317534583 18014398509481984
Q 51 137 -3074257190633213 18014398509481984
Q 51 139 4627610599862097 36028797018963968
Q 51 141 -3240864367907787 36028797018963968
Q 51 143 532551812374995 9007199254740992
Q 51 145 -1322442773617643 36028797018963968
Q 51 147 1558303645021811 72057594037927936
Q 51 149 -874680387384023 72057594037927936
Q 51 151 3753555909873751 576460752303423488
Q 51 153 -7716856811218183 2305843009213693952
Q 51 155 7617255576588389 4611686018427387904
Q 51 157 -7233868462551917 9223372036854775808
Q 51 159 6620254991450703 18446744073709551616
Q 51 161 -182723263762621 1152921504606846976
Q 51 163 623808362393643 9223372036854775808
Q 51 165 -515088872819439 18446744073709551616
Q 51 167 6590577378032897 590295810358705651712
Q 51 169 -5109171955185209 1180591620717411303424
Q 51 171 7685874946385343 4722366482869645213696
Q 51 173 -701699654126969 1180591620717411303424
Q 51 175 31126987742231 147573952589676412928
Q 51 177 -2749857139276817 37778931862957161709568
Q 51 179 7387018701081833 302231454903657293676544
Q 51 181 -1207548962909037 151115727451828646838272
Q 51 183 769202871182161 302231454903657293676544
Q 51 185 -477581135692867 604462909807314587353088
Q 51 187 144580558836759 604462909807314587353088
Q 51 189 -5466048801276157 77371252455336267181195264
Q 51 191 3151676053421887 154742504910672534362390528
Q 51 193 -3549016848644119 618970019642690137449562112
Q 51 195 7808113851999687 4951760157141521099596496896
Q 51 197 -2098504789264821 4951760157141521099596496896
Q 51 199 8821388854590719 79228162514264337593543950336
Q 51 201 -2267391254442747 79228162514264337593543950336
Q 51 203 1140073856747863 158456325028528675187087900672
Q 51 205 -4496473505763235 2535301200456458802993406410752
Q 51 207 4310392193193711 10141204801825835211973625643008
Q 51 209 -7366343354122947 81129638414606681695789005144064
Q 51 211 6918011163235595 324518553658426726783156020576256
Q 51 213 -4725555160562837 5192296858534827628530496329220096
Q 51 215 -3513588671957755 2596148429267413814265248164610048
Q 51 217 -5434227705363453 2596148429267413814265248164610048
Q 51 219 -1465717710427749 324518553658426726783156020576256
Q 51 221 7872285552041409 1298074214633706907132624082305024
Q 51 223 6722881659910005 41538374868278621028243970633760768
Q 51 225 4796454377826075 2596148429267413814265248164610048
Q 51 227 -5375105904362973 5192296858534827628530496329220096
Q 51 229 -7114410108224211 1298074214633706907132624082305024
Q 51 231 5950682772622673 1298074214633706907132624082305024
Q 51 233 -4965912856105375 20769187434139310514121985316880384
Q 51 235 5487552956917085 2596148429267413814265248164610048
Q 51 237 -5680177739511227 1298074214633706907132624082305024
Q 51 239 5003320758414667 10384593717069655257060992658440192
Q 51 241 6395899288366199 2596148429267413814265248164610048
Q 51 243 5995032943489773 10384593717069655257060992658440192
Q 51 245 -1974011043257669 649037107316853453566312041152512
Q 51 247 482603378367823 1298074214633706907132624082305024
Q 51 249 7334512933799635 2596148429267413814265248164610048
Q 51 251 -1006867247593455 649037107316853453566312041152512
Q 51 253 -1307033475611541 649037107316853453566312041152512
Q 51 255 7254457071903323 2596148429267413814265248164610048
Q 52 0 -3979003127885429 36028797018963968
Q 52 2 -4122678912518971 72057594037927936
Q 52 4 4933945376852315 36028797018963968
Q 52 6 6853654816040471 144115188075855872
Q 52 8 -5064859785689961 36028797018963968
Q 52 10 -2795636040889719 72057594037927936
Q 52 12 1289819442302641 9007199254740992
Q 52 14 4199584398357319 144115188075855872
Q 52 16 -1309191716414721 9007199254740992
Q 52 18 -5140423171841793 288230376151711744
Q 52 20 661484185514395 4503599627370496
Q 52 22 2492948235454689 576460752303423488
Q 52 24 -2653992012594227 18014398509481984
Q 52 26 6818621314319657 576460752303423488
Q 52 28 2628624310048725 18014398509481984
Q 52 30 -8903480839890967 288230376151711744
Q 52 32 -1274751226950385 9007199254740992
Q 52 34 1902753617377795 36028797018963968
Q 52 36 4779014081839233 36028797018963968
Q 52 38 -1387228340507195 18014398509481984
Q 52 40 -528942504352825 4503599627370496
Q 52 42 114885796352141 1125899906842624
Q 52 44 3387147768545957 36028797018963968
Q 52 46 -4513262416744221 36028797018963968
Q 52 48 -8760102746652403 144115188075855872
Q 52 50 5135783052621447 36028797018963968
Q 52 52 5029361390892211 288230376151711744
Q 52 54 -5339887471408323 36028797018963968
Q 52 56 4875520747384335 144115188075855872
Q 52 58 1222787524238463 9007199254740992
Q 52 60 -6264309503697533 72057594037927936
Q 52 62 -7182905694996767 72057594037927936
Q 52 64 2355398406954991 18014398509481984
Q 52 66 2802418633499543 72057594037927936
Q 52 68 -5398998679531605 36028797018963968
Q 52 70 698086614440445 18014398509481984
Q 52 72 2318404221173289 18014398509481984
Q 52 74 -8120227355929641 72057594037927936
Q 52 76 -1092428985797357 18014398509481984
Q 52 78 5445563006789663 36028797018963968
Q 52 80 -5748051550015523 144115188075855872
Q 52 82 -2222058244323527 18014398509481984
Q 52 84 2339495307738329 18014398509481984
Q 52 86 1749091818053943 72057594037927936
Q 52 88 -2688045581598419 18014398509481984
Q 52 90 7197676196923955 72057594037927936
Q 52 92 4505433948410197 72057594037927936
Q 52 94 -1409096998631877 9007199254740992
Q 52 96 6112175417350633 72057594037927936
Q 52 98 2641187336643979 36028797018963968
Q 52 100 -718457934144725 4503599627370496
Q 52 102 6889731470156175 72057594037927936
Q 52 104 7840529662430841 144115188075855872
Q 52 106 -5681127167387589 36028797018963968
Q 52 108 2380516896472133 18014398509481984
Q 52 110 -4999001824334673 1152921504606846976
Q 52 112 -2281330158591543 18014398509481984
Q 52 114 6153675885427491 36028797018963968
Q 52 116 -7610992792288551 72057594037927936
Q 52 118 -6423317775452467 288230376151711744
Q 52 120 4972182832704667 36028797018963968
Q 52 122 -1664908722657747 9007199254740992
Q 52 124 5346644703727041 36028797018963968
Q 52 126 -3777772602745565 72057594037927936
Q 52 128 -8927066060454857 144115188075855872
Q 52 130 2841507476120797 18014398509481984
Q 52 132 -7724050430832287 36028797018963968
Q 52 134 8254677064360029 36028797018963968
Q 52 136 -7611925193693205 36028797018963968
Q 52 138 6299720153321879 36028797018963968
Q 52 140 -1194986835926501 9007199254740992
Q 52 142 421174856125753 4503599627370496
Q 52 144 -8906193914460661 144115188075855872
Q 52 146 5553597418980621 144115188075855872
Q 52 148 -3284221736141163 144115188075855872
Q 52 150 3698391210977563 288230376151711744
Q 52 152 -1989068976802577 288230376151711744
Q 52 154 8196376653902731 2305843009213693952
Q 52 156 -2026280417757331 1152921504606846976
Q 52 158 963552639649827 1152921504606846976
Q 52 160 -7062742158375711 18446744073709551616
Q 52 162 780439688614593 4611686018427387904
Q 52 164 -2666107549827321 36893488147419103232
Q 52 166 8809537418453987 295147905179352825856
Q 52 168 -880806537773847 73786976294838206464
Q 52 170 341422702000941 73786976294838206464
Q 52 172 -513540760971065 295147905179352825856
Q 52 174 2999735810797655 4722366482869645213696
Q 52 176 -4256222534042077 18889465931478580854784
Q 52 178 2935841794470609 37778931862957161709568
Q 52 180 -3940494169191469 151115727451828646838272
Q 52 182 1287219220417921 151115727451828646838272
Q 52 184 -3276691240977085 1208925819614629174706176
Q 52 186 1016136916459285 1208925819614629174706176
Q 52 188 -4916224414192491 19342813113834066795298816
Q 52 190 2900486922127075 38685626227668133590597632
Q 52 192 -1670151537772833 77371252455336267181195264
Q 52 194 7512118008328849 1237940039285380274899124224
Q 52 196 -8251236169215303 4951760157141521099596496896
Q 52 198 4428016683123543 9903520314283042199192993792
Q 52 200 -4646186998124395 39614081257132168796771975168
Q 52 202 4766741916779697 158456325028528675187087900672
Q 52 204 -1197333381599957 158456325028528675187087900672
Q 52 206 4720446892988271 2535301200456458802993406410752
Q 52 208 -2237070793505573 5070602400912917605986812821504
Q 52 210 8532561871142423 81129638414606681695789005144064
Q 52 212 -5341617878781705 324518553658426726783156020576256
Q 52 214 -3193191899678573 2596148429267413814265248164610048
Q 52 216 -6247850321073349 1298074214633706907132624082305024
Q 52 218 210021646694315 649037107316853453566312041152512
Q 52 220 -3278526055639419 1298074214633706907132624082305024
Q 52 222 7146376812300263 649037107316853453566312041152512
Q 52 224 -5305177233844717 1298074214633706907132624082305024
Q 52 226 -4694906999551045 10384593717069655257060992658440192
Q 52 228 -3842664466575749 649037107316853453566312041152512
Q 52 230 2968000448737461 1298074214633706907132624082305024
Q 52 232 6290843154702035 1298074214633706907132624082305024
Q 52 234 -8193969092659661 5192296858534827628530496329220096
Q 52 236 -7919880424509333 2596148429267413814265248164610048
Q 52 238 -7669955277508839 5192296858534827628530496329220096
Q 52 240 6794581456119523 1298074214633706907132624082305024
Q 52 242 -262397195411411 1298074214633706907132624082305024
Q 52 244 -5337087829743791 1298074214633706907132624082305024
Q 52 246 2319711200882011 5192296858534827628530496329220096
Q 52 248 2799136065764619 649037107316853453566312041152512
Q 52 250 -391117160499753 162259276829213363391578010288128
Q 52 252 -3873182472156903 1298074214633706907132624082305024
Q 52 254 1361618730559583 324518553658426726783156020576256
Q 53 1 -1206287303194003 9007199254740992
Q 53 3 3823840377247939 72057594037927936
Q 53 5 4875146469937389 36028797018963968
Q 53 7 -2094361727409525 36028797018963968
Q 53 9 -2412997127241339 18014398509481984
Q 53 11 8954713896914045 144115188075855872
Q 53 13 2379036731846999 18014398509481984
Q 53 15 -2409739808804181 36028797018963968
Q 53 17 -2330415310836331 18014398509481984
Q 53 19 657364973341199 9007199254740992
Q 53 21 2259570713524017 18014398509481984
Q 53 23 -1455168891567295 18014398509481984
Q 53 25 -8626193052817077 72057594037927936
Q 53 27 3258072309786631 36028797018963968
Q 53 29 8033154750034277 72057594037927936
Q 53 31 -7338900444834155 72057594037927936
Q 53 33 -7192977266156323 72057594037927936
Q 53 35 4127955713873197 36028797018963968
Q 53 37 1506827921207375 18014398509481984
Q 53 39 -4597471783459283 36028797018963968
Q 53 41 -2226915673865559 36028797018963968
Q 53 43 1253662264421103 9007199254740992
Q 53 45 4810217320760357 144115188075855872
Q 53 47 -5281737474881991 36028797018963968
Q 53 49 1094632021722895 576460752303423488
Q 53 51 5263992000914913 36028797018963968
Q 53 53 -1543405479381793 36028797018963968
Q 53 55 -1199792028436891 9007199254740992
Q 53 57 193339922892417 2251799813685248
Q 53 59 1865102071526515 18014398509481984
Q 53 61 -8939474435703645 72057594037927936
Q 53 63 -7891813484578703 144115188075855872
Q 53 65 5294724458334929 36028797018963968
Q 53 67 -755075354357945 72057594037927936
Q 53 69 -5117100657129165 36028797018963968
Q 53 71 5850881951424499 72057594037927936
Q 53 73 1789000464547501 18014398509481984
Q 53 75 -4911625935634665 36028797018963968
Q 53 77 -705182743731545 36028797018963968
Q 53 79 2672837849853067 18014398509481984
Q 53 81 -344113195438711 4503599627370496
Q 53 83 -3476212304439843 36028797018963968
Q 53 85 5228277295563083 36028797018963968
Q 53 87 -6775536526516697 576460752303423488
Q 53 89 -4897774001233443 36028797018963968
Q 53 91 2209729180267861 18014398509481984
Q 53 93 4528273756888041 144115188075855872
Q 53 95 -5425955169197909 36028797018963968
Q 53 97 7794176747753921 72057594037927936
Q 53 99 3326891160786375 72057594037927936
Q 53 101 -5568632657500435 36028797018963968
Q 53 103 2078065969602197 18014398509481984
Q 53 105 8438551357191067 288230376151711744
Q 53 107 -5345824266730663 36028797018963968
Q 53 109 2601124258315803 18014398509481984
Q 53 111 -30279995819501 1125899906842624
Q 53 113 -7966493019998303 72057594037927936
Q 53 115 1539837038519425 9007199254740992
Q 53 117 -8649615405616787 72057594037927936
Q 53 119 -1988646948924495 576460752303423488
Q 53 121 4504142789148973 36028797018963968
Q 53 123 -6591610018313249 36028797018963968
Q 53 125 705906793243193 4503599627370496
Q 53 127 -1193329998778979 18014398509481984
Q 53 129 -3464137876859719 72057594037927936
Q 53 131 2658527152108779 18014398509481984
Q 53 133 -7541110667269119 36028797018963968
Q 53 135 2010412578501 8796093022208
Q 53 137 -7699930606078681 36028797018963968
Q 53 139 6437119862823957 36028797018963968
Q 53 141 -4922238185777853 36028797018963968
Q 53 143 6982465807124755 72057594037927936
Q 53 145 -579679267857323 9007199254740992
Q 53 147 2903796762989715 72057594037927936
Q 53 149 -6892613657309837 288230376151711744
Q 53 151 7784149353313133 576460752303423488
Q 53 153 -8392892351250491 1152921504606846976
Q 53 155 8663110676127867 2305843009213693952
Q 53 157 -8580284739999153 4611686018427387904
Q 53 159 8170650275491071 9223372036854775808
Q 53 161 -7493551542387145 18446744073709551616
Q 53 163 6629086395764095 36893488147419103232
Q 53 165 -5664212683223599 73786976294838206464
Q 53 167 2340125970638601 73786976294838206464
Q 53 169 -7487648302997669 590295810358705651712
Q 53 171 5804135290349087 1180591620717411303424
Q 53 173 -8727658459112969 4722366482869645213696
Q 53 175 398112992177419 590295810358705651712
Q 53 177 -2258165192890373 9444732965739290427392
Q 53 179 1556517120711783 18889465931478580854784
Q 53 181 -1043704332567409 37778931862957161709568
Q 53 183 5449842947089221 604462909807314587353088
Q 53 185 -866131874763135 302231454903657293676544
Q 53 187 8585052199621541 9671406556917033397649408
Q 53 189 -5185403148036555 19342813113834066795298816
Q 53 191 6110294345145677 77371252455336267181195264
Q 53 193 -3513338846081063 154742504910672534362390528
Q 53 195 3944607336527975 618970019642690137449562112
Q 53 197 -1081445234420441 618970019642690137449562112
Q 53 199 4635141163484023 9903520314283042199192993792
Q 53 201 -1213830870928375 9903520314283042199192993792
Q 53 203 4972940614049947 158456325028528675187087900672
Q 53 205 -2492500457678455 316912650057057350374175801344
Q 53 207 4879097769655299 2535301200456458802993406410752
Q 53 209 -4558520024578927 10141204801825835211973625643008
Q 53 211 4293252959312163 40564819207303340847894502572032
Q 53 213 -6257354846413091 324518553658426726783156020576256
Q 53 215 3113853979468681 1298074214633706907132624082305024
Q 53 217 -1166002266070013 324518553658426726783156020576256
Q 53 219 -7197695336038647 1298074214633706907132624082305024
Q 53 221 152818153553885 20282409603651670423947251286016
Q 53 223 6443218695097939 20769187434139310514121985316880384
Q 53 225 5874595144881207 2596148429267413814265248164610048
Q 53 227 -3210232539297251 2596148429267413814265248164610048
Q 53 229 -4512940601557285 649037107316853453566312041152512
Q 53 231 7512375347723213 1298074214633706907132624082305024
Q 53 233 -6589761618980799 20769187434139310514121985316880384
Q 53 235 3483824215812475 1298074214633706907132624082305024
Q 53 237 -3560627669856279 649037107316853453566312041152512
Q 53 239 6293360421936127 10384593717069655257060992658440192
Q 53 241 8094102845878995 2596148429267413814265248164610048
Q 53 243 470072030499685 649037107316853453566312041152512
Q 53 245 -4980545670503749 1298074214633706907132624082305024
Q 53 247 4859762448844273 10384593717069655257060992658440192
Q 53 249 4636092923782905 1298074214633706907132624082305024
Q 53 251 -2545254118427451 1298074214633706907132624082305024
Q 53 253 -3303158871901033 1298074214633706907132624082305024
Q 53 255 2291985755668961 649037107316853453566312041152512
Q 54 0 3929954357199207 36028797018963968
Q 54 2 2259651371104145 36028797018963968
Q 54 4 -4754716877959605 36028797018963968
Q 54 6 -8992500606202273 144115188075855872
Q 54 8 2383833918874771 18014398509481984
Q 54 10 2274911587329449 36028797018963968
Q 54 12 -2382035918427795 18014398509481984
Q 54 14 -2277143694543063 36028797018963968
Q 54 16 149236242945279 1125899906842624
Q 54 18 4459840118014167 72057594037927936
Q 54 20 -4813373369316415 36028797018963968
Q 54 22 -8455933303066973 144115188075855872
Q 54 24 2441289808931389 18014398509481984
Q 54 26 1910136697882591 36028797018963968
Q 54 28 -2490948647850411 18014398509481984
Q 54 30 -6390234806912655 144115188075855872
Q 54 32 5101060413381185 36028797018963968
Q 54 34 1153733885011907 36028797018963968
Q 54 36 -5216975640879135 36028797018963968
Q 54 38 -4450630071181397 288230376151711744
Q 54 40 5289099578734763 36028797018963968
Q 54 42 -6780106586842113 1152921504606846976
Q 54 44 -5254883169795995 36028797018963968
Q 54 46 4614056963040111 144115188075855872
Q 54 48 5027265741509053 36028797018963968
Q 54 50 -8964727197359887 144115188075855872
Q 54 52 -8996166790865205 72057594037927936
Q 54 54 3395945997616673 36028797018963968
Q 54 56 7107350185359087 72057594037927936
Q 54 58 -8926232017265277 72057594037927936
Q 54 60 -8443347812751641 144115188075855872
Q 54 62 5195754522464073 36028797018963968
Q 54 64 2876156372386351 576460752303423488
Q 54 66 -2633574496553917 18014398509481984
Q 54 68 2049565590616493 36028797018963968
Q 54 70 8688719959389275 72057594037927936
Q 54 72 -8252684295016565 72057594037927936
Q 54 74 -4507662123517255 72057594037927936
Q 54 76 5334468032238477 36028797018963968
Q 54 78 -6133299098344373 288230376151711744
Q 54 80 -2438306997454911 18014398509481984
Q 54 82 1917062654311553 18014398509481984
Q 54 84 2339923721268065 36028797018963968
Q 54 86 -5460395928397701 36028797018963968
Q 54 88 6567263890917883 144115188075855872
Q 54 90 8411452435116839 72057594037927936
Q 54 92 -78224874116615 562949953421312
Q 54 94 -8911811427176165 18446744073709551616
Q 54 96 627701312474567 4503599627370496
Q 54 98 -4563261127370575 36028797018963968
Q 54 100 -681093624107653 36028797018963968
Q 54 102 5238220264052389 36028797018963968
Q 54 104 -4722573293646293 36028797018963968
Q 54 106 -2735758514583077 576460752303423488
Q 54 108 4913256337734957 36028797018963968
Q 54 110 -5519447457492079 36028797018963968
Q 54 112 860496939352159 18014398509481984
Q 54 114 843525230413931 9007199254740992
Q 54 116 -5937743378747 35184372088832
Q 54 118 4762326712960709 36028797018963968
Q 54 120 -8262256224861189 576460752303423488
Q 54 122 -8044711879006899 72057594037927936
Q 54 124 404737112902389 2251799813685248
Q 54 126 -5891882038492427 36028797018963968
Q 54 128 5680517240529925 72057594037927936
Q 54 130 2512216458771327 72057594037927936
Q 54 132 -619437952056371 4503599627370496
Q 54 134 229670204871569 1125899906842624
Q 54 136 -8199741935473789 36028797018963968
Q 54 138 3886107952158945 18014398509481984
Q 54 140 -3280479097504027 18014398509481984
Q 54 142 5054205498245331 36028797018963968
Q 54 144 -7211767648534459 72057594037927936
Q 54 146 601556126201965 9007199254740992
Q 54 148 -3025078960970065 72057594037927936
Q 54 150 7203416569065093 288230376151711744
Q 54 152 -8156513875371385 576460752303423488
Q 54 154 8813272634233655 1152921504606846976
Q 54 156 -4556423591625013 1152921504606846976
Q 54 158 282443743027293 144115188075855872
Q 54 160 -8615895542605391 9223372036854775808
Q 54 162 1977031024526529 4611686018427387904
Q 54 164 -6999582829604963 36893488147419103232
Q 54 166 1495656415849673 18446744073709551616
Q 54 168 -2471924806826429 73786976294838206464
Q 54 170 7908657484237873 590295810358705651712
Q 54 172 -3064434762647605 590295810358705651712
Q 54 174 4606023569936091 2361183241434822606848
Q 54 176 -419967344990231 590295810358705651712
Q 54 178 4760860341568401 18889465931478580854784
Q 54 180 -3278824156995127 37778931862957161709568
Q 54 182 4392925526719631 151115727451828646838272
Q 54 184 -5728402115181585 604462909807314587353088
Q 54 186 454664196911645 151115727451828646838272
Q 54 188 -4500842039765293 4835703278458516698824704
Q 54 190 339349261916661 1208925819614629174706176
Q 54 192 -3194345494716865 38685626227668133590597632
Q 54 194 7335489823814703 309485009821345068724781056
Q 54 196 -8222596509166347 1237940039285380274899124224
Q 54 198 9001798422154455 4951760157141521099596496896
Q 54 200 -1203593522915611 2475880078570760549798248448
Q 54 202 314578384351879 2475880078570760549798248448
Q 54 204 -2573042434982835 79228162514264337593543950336
Q 54 206 5148331940279319 633825300114114700748351602688
Q 54 208 -5024526441327527 2535301200456458802993406410752
Q 54 210 4820859243513887 10141204801825835211973625643008
Q 54 212 -2138877501793617 20282409603651670423947251286016
Q 54 214 6594089477858387 324518553658426726783156020576256
Q 54 216 -2629507303635911 324518553658426726783156020576256
Q 54 218 5350689336615247 5192296858534827628530496329220096
Q 54 220 -4892018017099667 2596148429267413814265248164610048
Q 54 222 5282700996327793 649037107316853453566312041152512
Q 54 224 -3947175586060409 1298074214633706907132624082305024
Q 54 226 -5322806888745125 20769187434139310514121985316880384
Q 54 228 -5930820433185675 1298074214633706907132624082305024
Q 54 230 4736914875724579 2596148429267413814265248164610048
Q 54 232 4554411359064441 1298074214633706907132624082305024
Q 54 234 -5552370438245267 5192296858534827628530496329220096
Q 54 236 -6125619001535225 2596148429267413814265248164610048
Q 54 238 -1380743600672369 1298074214633706907132624082305024
Q 54 240 5056089518675729 1298074214633706907132624082305024
Q 54 242 -5448406957160315 41538374868278621028243970633760768
Q 54 244 -4011325101353315 1298074214633706907132624082305024
Q 54 246 3516368404298133 10384593717069655257060992658440192
Q 54 248 1048188321666463 324518553658426726783156020576256
Q 54 250 -146515093875789 81129638414606681695789005144064
Q 54 252 -181417718791865 81129638414606681695789005144064
Q 54 254 8162571777454485 2596148429267413814265248164610048
Q 55 1 4846804782649379 36028797018963968
Q 55 3 -1607572001682743 36028797018963968
Q 55 5 -5023033732236399 36028797018963968
Q 55 7 2910813414108607 72057594037927936
Q 55 9 5091115732606233 36028797018963968
Q 55 11 -5052885448660871 144115188075855872
Q 55 13 -2569841889394201 18014398509481984
Q 55 15 8802838815145951 288230376151711744
Q 55 17 2585217468768879 18014398509481984
Q 55 19 -7955160237737099 288230376151711744
Q 55 21 -5184524028148207 36028797018963968
Q 55 23 7727851391388359 288230376151711744
Q 55 25 5181720182036327 36028797018963968
Q 55 27 -8266341764290155 288230376151711744
Q 55 29 -2578860562548319 18014398509481984
Q 55 31 2425429077942541 72057594037927936
Q 55 33 2550501199525069 18014398509481984
Q 55 35 -379506259146107 9007199254740992
Q 55 37 -4989395298972223 36028797018963968
Q 55 39 7831561692633813 144115188075855872
Q 55 41 2393399556446081 18014398509481984
Q 55 43 -1265418363682997 18014398509481984
Q 55 45 -8881984151719895 72057594037927936
Q 55 47 6433435282041695 72057594037927936
Q 55 49 3884487863132835 36028797018963968
Q 55 51 -1982057154359829 18014398509481984
Q 55 53 -1520907217252823 18014398509481984
Q 55 55 2337306022135547 18014398509481984
Q 55 57 7392573353276815 144115188075855872
Q 55 59 -2594158791925241 18014398509481984
Q 55 61 -4555767592995517 576460752303423488
Q 55 63 5281028351405697 36028797018963968
Q 55 65 -6265399866333491 144115188075855872
Q 55 67 -1172904035177889 9007199254740992
Q 55 69 432076860825337 4503599627370496
Q 55 71 6408530443751789 72057594037927936
Q 55 73 -1231436462642657 9007199254740992
Q 55 75 -6424409877500911 288230376151711744
Q 55 77 5341158822247373 36028797018963968
Q 55 79 -4246462172292387 72057594037927936
Q 55 81 -8222490279125981 72057594037927936
Q 55 83 4637122323135433 36028797018963968
Q 55 85 8982406083137079 288230376151711744
Q 55 87 -5398679562992671 36028797018963968
Q 55 89 5451356306942971 72057594037927936
Q 55 91 6718380866751237 72057594037927936
Q 55 93 -5360799150832943 36028797018963968
Q 55 95 8355366082097069 288230376151711744
Q 55 97 4463391884168251 36028797018963968
Q 55 99 -2525923098490553 18014398509481984
Q 55 101 8684774686261147 1152921504606846976
Q 55 103 4786574961261045 36028797018963968
Q 55 105 -5146223094107261 36028797018963968
Q 55 107 1339252575087209 72057594037927936
Q 55 109 550967642682233 4503599627370496
Q 55 111 -5721918880898343 36028797018963968
Q 55 113 4807599703617665 72057594037927936
Q 55 115 1376099854669037 18014398509481984
Q 55 117 -2964997305459663 18014398509481984
Q 55 119 2560899574506027 18014398509481984
Q 55 121 -8909012106451583 288230376151711744
Q 55 123 -7073279709005211 72057594037927936
Q 55 125 6321054771637183 36028797018963968
Q 55 127 -1521350656213133 9007199254740992
Q 55 129 6500373789313987 72057594037927936
Q 55 131 806389091757933 36028797018963968
Q 55 133 -1150508456246753 9007199254740992
Q 55 135 7152448399750269 36028797018963968
Q 55 137 -4076164702642779 18014398509481984
Q 55 139 1957507237999997 9007199254740992
Q 55 141 -6671596333191791 36028797018963968
Q 55 143 1293918422319003 9007199254740992
Q 55 145 -928235875216115 9007199254740992
Q 55 147 2488630567317309 36028797018963968
Q 55 149 -1569950822070891 36028797018963968
Q 55 151 7498669034694045 288230376151711744
Q 55 153 -4255487913254663 288230376151711744
Q 55 155 4606928359630057 576460752303423488
Q 55 157 -4770748762795173 1152921504606846976
Q 55 159 2368609329357253 1152921504606846976
Q 55 161 -282487629147693 288230376151711744
Q 55 163 1037750121499259 2305843009213693952
Q 55 165 -7350832050122015 36893488147419103232
Q 55 167 1570926827269993 18446744073709551616
Q 55 169 -5192331549655347 147573952589676412928
Q 55 171 8304119824634417 590295810358705651712
Q 55 173 -6432679691425147 1180591620717411303424
Q 55 175 4831601171351879 2361183241434822606848
Q 55 177 -3521773666656847 4722366482869645213696
Q 55 179 4986254710631657 18889465931478580854784
Q 55 181 -6861455931919907 75557863725914323419136
Q 55 183 4591459679585471 151115727451828646838272
Q 55 185 -2990075123041497 302231454903657293676544
Q 55 187 7584498098518981 2417851639229258349412352
Q 55 189 -585754920494399 604462909807314587353088
Q 55 191 1411159592272853 4835703278458516698824704
Q 55 193 -414458928659623 4835703278458516698824704
Q 55 195 7601589706710411 309485009821345068724781056
Q 55 197 -4253117568133631 618970019642690137449562112
Q 55 199 4647839325848615 2475880078570760549798248448
Q 55 201 -4962368894319637 9903520314283042199192993792
Q 55 203 2589078524233993 19807040628566084398385987584
Q 55 205 -165106055943365 4951760157141521099596496896
Q 55 207 1317695337671601 158456325028528675187087900672
Q 55 209 -1281179669656837 633825300114114700748351602688
Q 55 211 1224949218434913 2535301200456458802993406410752
Q 55 213 -4444817691951665 40564819207303340847894502572032
Q 55 215 7677173798038827 324518553658426726783156020576256
Q 55 217 -4820048417332455 649037107316853453566312041152512
Q 55 219 -7168783577566527 2596148429267413814265248164610048
Q 55 221 408034802902243 81129638414606681695789005144064
Q 55 223 4793694105497865 20769187434139310514121985316880384
Q 55 225 515332730945873 324518553658426726783156020576256
Q 55 227 -72775214308495 81129638414606681695789005144064
Q 55 229 -389506453819223 81129638414606681695789005144064
Q 55 231 1297251996858199 324518553658426726783156020576256
Q 55 233 -8117705624083777 41538374868278621028243970633760768
Q 55 235 2414778553149095 1298074214633706907132624082305024
Q 55 237 -4948636632905651 1298074214633706907132624082305024
Q 55 239 2145246134609255 5192296858534827628530496329220096
Q 55 241 5654475014210199 2596148429267413814265248164610048
Q 55 243 5177726188777169 10384593717069655257060992658440192
Q 55 245 -3463777027750367 1298074214633706907132624082305024
Q 55 247 6733472803652819 20769187434139310514121985316880384
Q 55 249 3229257079089713 1298074214633706907132624082305024
Q 55 251 -1773432944481741 1298074214633706907132624082305024
Q 55 253 -4600392107535349 2596148429267413814265248164610048
Q 55 255 6385215361962617 2596148429267413814265248164610048
Q 56 0 7765046864644399 72057594037927936
Q 56 2 4903371509403949 72057594037927936
Q 56 4 -4552243067406609 36028797018963968
Q 56 6 -5497215101587315 72057594037927936
Q 56 8 8757418685376575 72057594037927936
Q 56 10 6137045577667353 72057594037927936
Q 56 12 -4165711332000883 36028797018963968
Q 56 14 -3351268746279367 36028797018963968
Q 56 16 3956152104324639 36028797018963968
Q 56 18 3578758364713671 36028797018963968
Q 56 20 -7550659152367033 72057594037927936
Q 56 22 -7484436035190121 72057594037927936
Q 56 24 1822723923242265 18014398509481984
Q 56 26 7671285669943125 72057594037927936
Q 56 28 -224140943265453 2251799813685248
Q 56 30 -3852249136505661 36028797018963968
Q 56 32 7227731706401031 72057594037927936
Q 56 34 1890642733413771 18014398509481984
Q 56 36 -934695582242263 9007199254740992
Q 56 38 -7210044410292433 72057594037927936
Q 56 40 495351620212613 4503599627370496
Q 56 42 6592810900739067 72057594037927936
Q 56 44 -8548504156154777 72057594037927936
Q 56 46 -2818421970860229 36028797018963968
Q 56 48 4640732247287995 36028797018963968
Q 56 50 8507990824702387 144115188075855872
Q 56 52 -1249939925635261 9007199254740992
Q 56 54 -590121085942397 18014398509481984
Q 56 56 1312131520958579 9007199254740992
Q 56 58 -1354518141798849 1152921504606846976
Q 56 60 -5237719303652497 36028797018963968
Q 56 62 6029618887572407 144115188075855872
Q 56 64 4779026387242181 36028797018963968
Q 56 66 -6166103257643987 72057594037927936
Q 56 68 -7363619818913017 72057594037927936
Q 56 70 8985541923833447 72057594037927936
Q 56 72 3673469661851391 72057594037927936
Q 56 74 -2649805422817087 18014398509481984
Q 56 76 1294035032307609 72057594037927936
Q 56 78 622106206291341 4503599627370496
Q 56 80 -6568089048052059 72057594037927936
Q 56 82 -1566180812929101 18014398509481984
Q 56 84 5145457484391313 36028797018963968
Q 56 86 -3109218180782109 1152921504606846976
Q 56 88 -635144837350531 4503599627370496
Q 56 90 7275838932125791 72057594037927936
Q 56 92 4831779387293741 72057594037927936
Q 56 94 -2748155086283887 18014398509481984
Q 56 96 4035215400047915 72057594037927936
Q 56 98 3791781376277843 36028797018963968
Q 56 100 -2684445127623389 18014398509481984
Q 56 102 4668231433106171 144115188075855872
Q 56 104 8487181690262873 72057594037927936
Q 56 106 -5434504759296345 36028797018963968
Q 56 108 2901572946269461 72057594037927936
Q 56 110 7703930161014243 72057594037927936
Q 56 112 -727661268338643 4503599627370496
Q 56 114 6025167979597849 72057594037927936
Q 56 116 4264086517159777 72057594037927936
Q 56 118 -178812880293241 1125899906842624
Q 56 120 676060584880157 4503599627370496
Q 56 122 -6655451204292405 144115188075855872
Q 56 124 -6110877861035965 72057594037927936
Q 56 126 6135826239600767 36028797018963968
Q 56 128 -3116505653732335 18014398509481984
Q 56 130 1808809621413807 18014398509481984
Q 56 132 3078044822791447 288230376151711744
Q 56 134 -8519712233446717 72057594037927936
Q 56 136 434580165474591 2251799813685248
Q 56 138 -8094745702500621 36028797018963968
Q 56 140 246083626624871 1125899906842624
Q 56 142 -1692372444822351 9007199254740992
Q 56 144 5286558141559529 36028797018963968
Q 56 146 -7624150008748619 72057594037927936
Q 56 148 5131088171137069 72057594037927936
Q 56 150 -3247582905466615 72057594037927936
Q 56 152 243010412845403 9007199254740992
Q 56 154 -8844797347866555 576460752303423488
Q 56 156 4795629326128373 576460752303423488
Q 56 158 -1243144254445973 288230376151711744
Q 56 160 2471187872557987 1152921504606846976
Q 56 162 -147459464479689 144115188075855872
Q 56 164 4335450633916471 9223372036854775808
Q 56 166 -7678829540078169 36893488147419103232
Q 56 168 6563870358910689 73786976294838206464
Q 56 170 -1355653372526919 36893488147419103232
Q 56 172 541808470013391 36893488147419103232
Q 56 174 -3355752586441435 590295810358705651712
Q 56 176 5037444038316323 2361183241434822606848
Q 56 178 -7337394239009663 9444732965739290427392
Q 56 180 5189201214774699 18889465931478580854784
Q 56 182 -7132900497187111 75557863725914323419136
Q 56 184 148979383158713 4722366482869645213696
Q 56 186 -6201085753373047 604462909807314587353088
Q 56 188 3926814482624071 1208925819614629174706176
Q 56 190 -1211260601450609 1208925819614629174706176
Q 56 192 2913456329383533 9671406556917033397649408
Q 56 194 -6834069714396201 77371252455336267181195264
Q 56 196 3910162475870809 154742504910672534362390528
Q 56 198 -8735114375492243 1237940039285380274899124224
Q 56 200 4763924829384415 2475880078570760549798248448
Q 56 202 -2538160615226455 4951760157141521099596496896
Q 56 204 5286370399807109 39614081257132168796771975168
Q 56 206 -5382069328808481 158456325028528675187087900672
Q 56 208 2679527371541225 316912650057057350374175801344
Q 56 210 -5220314709353389 2535301200456458802993406410752
Q 56 212 4978572107023141 10141204801825835211973625643008
Q 56 214 -4651195806981443 40564819207303340847894502572032
Q 56 216 8461617421924973 324518553658426726783156020576256
Q 56 218 -7599162902610477 1298074214633706907132624082305024
Q 56 220 6353856712735207 5192296858534827628530496329220096
Q 56 222 -2715325803930139 332306998946228968225951765070086144
Q 56 224 -1795084885938541 41538374868278621028243970633760768
Q 56 226 -3405199299721515 166153499473114484112975882535043072
Q 56 228 -2965646044902835 20769187434139310514121985316880384
Q 56 230 578092287646335 10384593717069655257060992658440192
Q 56 232 2406716382783165 20769187434139310514121985316880384
Q 56 234 -6115029241637971 166153499473114484112975882535043072
Q 56 236 -6113673355035341 83076749736557242056487941267521536
Q 56 238 -2968159899702847 83076749736557242056487941267521536
Q 56 240 2623975437985157 20769187434139310514121985316880384
Q 56 242 -6206544017045203 1329227995784915872903807060280344576
Q 56 244 -4124648332725583 41538374868278621028243970633760768
Q 56 246 899203448710069 83076749736557242056487941267521536
Q 56 248 8649524257511635 83076749736557242056487941267521536
Q 56 250 -4834858350650957 83076749736557242056487941267521536
Q 56 252 -748236158353283 10384593717069655257060992658440192
Q 56 254 1052178522582941 10384593717069655257060992658440192
Q 57 1 2433254362013865 18014398509481984
Q 57 3 -5209486308110697 144115188075855872
Q 57 5 -160235029241593 1125899906842624
Q 57 7 6421950449842481 288230376151711744
Q 57 9 5224738183919029 36028797018963968
Q 57 11 -8157157482478739 1152921504606846976
Q 57 13 -5254456415047809 36028797018963968
Q 57 15 -4226529415325031 576460752303423488
Q 57 17 5231136516060783 36028797018963968
Q 57 19 5778854409769807 288230376151711744
Q 57 21 -2586843582152691 18014398509481984
Q 57 23 -4391401047759389 144115188075855872
Q 57 25 5104100977254609 36028797018963968
Q 57 27 2748034986917697 72057594037927936
Q 57 29 -315276858218863 2251799813685248
Q 57 31 -6148012961120637 144115188075855872
Q 57 33 2506792045675013 18014398509481984
Q 57 35 6293286894281771 144115188075855872
Q 57 37 -5023942830804745 36028797018963968
Q 57 39 -5870009420592891 144115188075855872
Q 57 41 2538744167195621 18014398509481984
Q 57 43 4801789886251371 144115188075855872
Q 57 45 -2580534018007935 18014398509481984
Q 57 47 -5997200093431479 288230376151711744
Q 57 49 2620262283514353 18014398509481984
Q 57 51 5950308246012417 2305843009213693952
Q 57 53 -82095154808501 562949953421312
Q 57 55 781713294061827 36028797018963968
Q 57 57 2553475969918949 18014398509481984
Q 57 59 -3717062814486483 72057594037927936
Q 57 61 -1167907531757309 9007199254740992
Q 57 63 1532919998635743 18014398509481984
Q 57 65 7605433290990013 72057594037927936
Q 57 67 -2120855492809289 18014398509481984
Q 57 69 -4756652139125197 72057594037927936
Q 57 71 5105536361588905 36028797018963968
Q 57 73 6080743833788575 576460752303423488
Q 57 75 -658164637996773 4503599627370496
Q 57 77 1990320513740533 36028797018963968
Q 57 79 8616842396352145 72057594037927936
Q 57 81 -8393989472286363 72057594037927936
Q 57 83 -1011851365829449 18014398509481984
Q 57 85 10479342951057 70368744177664
Q 57 87 -5021806051670159 144115188075855872
Q 57 89 -4554709460143409 36028797018963968
Q 57 91 8715863267588697 72057594037927936
Q 57 93 5714117083217675 144115188075855872
Q 57 95 -5435552013816987 36028797018963968
Q 57 97 2877243107254889 36028797018963968
Q 57 99 6090588376165703 72057594037927936
Q 57 101 -5527095620149287 36028797018963968
Q 57 103 7945035819429961 144115188075855872
Q 57 105 454686226260695 4503599627370496
Q 57 107 -699849545194363 4503599627370496
Q 57 109 1080696667229397 18014398509481984
Q 57 111 1633181287786553 18014398509481984
Q 57 113 -5830613461885173 36028797018963968
Q 57 115 3545734761124911 36028797018963968
Q 57 117 6102511231986877 144115188075855872
Q 57 119 -683642804234175 4503599627370496
Q 57 121 5628716245563979 36028797018963968
Q 57 123 -4330479802029275 72057594037927936
Q 57 125 -323231188409549 4503599627370496
Q 57 127 740997142567137 4503599627370496
Q 57 129 -3170025348259109 18014398509481984
Q 57 131 3944263143043885 36028797018963968
Q 57 133 -7719704623634045 36893488147419103232
Q 57 135 -3931732932739133 36028797018963968
Q 57 137 1688716979356149 9007199254740992
Q 57 139 -4014622916226871 18014398509481984
Q 57 141 7907490217082945 36028797018963968
Q 57 143 -3427583276374933 18014398509481984
Q 57 145 1346713363906721 9007199254740992
Q 57 147 -7806016409784077 72057594037927936
Q 57 149 5273245610764861 72057594037927936
Q 57 151 -6695012087347835 144115188075855872
Q 57 153 2008633363480635 72057594037927936
Q 57 155 -2288857943879447 144115188075855872
Q 57 157 4971154155311457 576460752303423488
Q 57 159 -2580035997943511 576460752303423488
Q 57 161 5132572058657909 2305843009213693952
Q 57 163 -2451295874851185 2305843009213693952
Q 57 165 4505398077923397 9223372036854775808
Q 57 167 -7979814302578893 36893488147419103232
Q 57 169 6819755999402393 73786976294838206464
Q 57 171 -5631819122667147 147573952589676412928
Q 57 173 8998371845965685 590295810358705651712
Q 57 175 -3480799671802955 590295810358705651712
Q 57 177 326293398386127 147573952589676412928
Q 57 179 -1899203224256739 2361183241434822606848
Q 57 181 2683356207757541 9444732965739290427392
Q 57 183 -3683940335769497 37778931862957161709568
Q 57 185 4917845201886969 151115727451828646838272
Q 57 187 -6387713239237177 604462909807314587353088
Q 57 189 8077676202512183 2417851639229258349412352
Q 57 191 -2487619481045605 2417851639229258349412352
Q 57 193 5973369498124859 19342813113834066795298816
Q 57 195 -6993444082542553 77371252455336267181195264
Q 57 197 998494323025835 38685626227668133590597632
Q 57 199 -2226325087988021 309485009821345068724781056
Q 57 201 2423569863665039 1237940039285380274899124224
Q 57 203 -1288616790929715 2475880078570760549798248448
Q 57 205 1339122209116489 9903520314283042199192993792
Q 57 207 -5441797334586041 158456325028528675187087900672
Q 57 209 5407282443197445 633825300114114700748351602688
Q 57 211 -5255447957633467 2535301200456458802993406410752
Q 57 213 312744214721695 633825300114114700748351602688
Q 57 215 -4667939686532269 40564819207303340847894502572032
Q 57 217 8415680477963639 324518553658426726783156020576256
Q 57 219 -8383277268208091 1298074214633706907132624082305024
Q 57 221 5421368091973481 2596148429267413814265248164610048
Q 57 223 -5710149669488683 20769187434139310514121985316880384
Q 57 225 3268438318449957 10384593717069655257060992658440192
Q 57 227 -6210398784986655 41538374868278621028243970633760768
Q 57 229 -7356446363839349 10384593717069655257060992658440192
Q 57 231 6197106699420033 10384593717069655257060992658440192
Q 57 233 -5270396913051463 166153499473114484112975882535043072
Q 57 235 5738250338361527 20769187434139310514121985316880384
Q 57 237 -5844356482218491 10384593717069655257060992658440192
Q 57 239 2555880038845283 41538374868278621028243970633760768
Q 57 241 415835530546599 1298074214633706907132624082305024
Q 57 243 6130732709497605 83076749736557242056487941267521536
Q 57 245 -4071232509316641 10384593717069655257060992658440192
Q 57 247 1975478515204179 41538374868278621028243970633760768
Q 57 249 7602444972106803 20769187434139310514121985316880384
Q 57 251 -8347586064258595 41538374868278621028243970633760768
Q 57 253 -5411253235238065 20769187434139310514121985316880384
Q 57 255 234729736211203 649037107316853453566312041152512
Q 58 0 -7673121506211973 72057594037927936
Q 58 2 -2637652535052787 36028797018963968
Q 58 4 8655790197563137 72057594037927936
Q 58 6 3210871172500055 36028797018963968
Q 58 8 -7815205104422923 72057594037927936
Q 58 10 -117439969320747 1125899906842624
Q 58 12 3394768928501519 36028797018963968
Q 58 14 2107856001454097 18014398509481984
Q 58 16 -712275780043313 9007199254740992
Q 58 18 -2285097706244287 18014398509481984
Q 58 20 578154246052695 9007199254740992
Q 58 22 4825067695468729 36028797018963968
Q 58 24 -1822621046175279 36028797018963968
Q 58 26 -4993735648001149 36028797018963968
Q 58 28 2823570384989633 72057594037927936
Q 58 30 2547372223151371 18014398509481984
Q 58 32 -8862364821009291 288230376151711744
Q 58 34 -2573560695291289 18014398509481984
Q 58 36 7470673255871151 288230376151711744
Q 58 38 2582789218709681 18014398509481984
Q 58 40 -909614134550605 36028797018963968
Q 58 42 -5155584041584991 36028797018963968
Q 58 44 4208569357102045 144115188075855872
Q 58 46 5108278401240721 36028797018963968
Q 58 48 -2749932037875511 72057594037927936
Q 58 50 -4995336722447563 36028797018963968
Q 58 52 942141398528757 18014398509481984
Q 58 54 4764470240506009 36028797018963968
Q 58 56 -5140055886434701 72057594037927936
Q 58 58 -2168789662509613 18014398509481984
Q 58 60 3390288205859703 36028797018963968
Q 58 62 903958127613663 9007199254740992
Q 58 64 -8498002369222363 72057594037927936
Q 58 66 -624722795419731 9007199254740992
Q 58 68 4971362649811231 36028797018963968
Q 58 70 1855300118498831 72057594037927936
Q 58 72 -2645176323558289 18014398509481984
Q 58 74 8341816985541291 288230376151711744
Q 58 76 2435676812901423 18014398509481984
Q 58 78 -1573667841985467 18014398509481984
Q 58 80 -3414044616860881 36028797018963968
Q 58 82 4836707708723575 36028797018963968
Q 58 84 6904426493607489 288230376151711744
Q 58 86 -665091729855173 4503599627370496
Q 58 88 2302873437215741 36028797018963968
Q 58 90 1934949544743497 18014398509481984
Q 58 92 -4879497761780135 36028797018963968
Q 58 94 -7080080551556303 576460752303423488
Q 58 96 5206871204303711 36028797018963968
Q 58 98 -1804228000509329 18014398509481984
Q 58 100 -564691401175529 9007199254740992
Q 58 102 5543766539785957 36028797018963968
Q 58 104 -1358094313913823 18014398509481984
Q 58 106 -5987656977548287 72057594037927936
Q 58 108 2826557307155647 18014398509481984
Q 58 110 -2794907140895147 36028797018963968
Q 58 112 -5337493933833357 72057594037927936
Q 58 114 1440897604691051 9007199254740992
Q 58 116 -8008513723324129 72057594037927936
Q 58 118 -3770118276014063 144115188075855872
Q 58 120 5183348200667107 36028797018963968
Q 58 122 -5789510405141149 36028797018963968
Q 58 124 1308662708320609 18014398509481984
Q 58 126 8534743775109429 144115188075855872
Q 58 128 -5704724991050029 36028797018963968
Q 58 130 1602966018359441 9007199254740992
Q 58 132 -8464460478725153 72057594037927936
Q 58 134 5916102968708813 576460752303423488
Q 58 136 904999640448137 9007199254740992
Q 58 138 -3279930017868065 18014398509481984
Q 58 140 994747135480303 4503599627370496
Q 58 142 -1982450618287415 9007199254740992
Q 58 144 3464603124769059 18014398509481984
Q 58 146 -1369155349039539 9007199254740992
Q 58 148 7971069361076729 72057594037927936
Q 58 150 -5403145123148995 72057594037927936
Q 58 152 6878243815467069 144115188075855872
Q 58 154 -8271570174019029 288230376151711744
Q 58 156 295017149882963 18014398509481984
Q 58 158 -2566022203378639 288230376151711744
Q 58 160 2665769697002791 576460752303423488
Q 58 162 -2652980928177293 1152921504606846976
Q 58 164 5069569940515763 4611686018427387904
Q 58 166 -291186802687535 576460752303423488
Q 58 168 4125168469641991 18446744073709551616
Q 58 170 -1762074465079047 18446744073709551616
Q 58 172 5817337454593875 147573952589676412928
Q 58 174 -2322040386263795 147573952589676412928
Q 58 176 3589805218696219 590295810358705651712
Q 58 178 -5378818412873211 2361183241434822606848
Q 58 180 3909056305293903 4722366482869645213696
Q 58 182 -5516196537909441 18889465931478580854784
Q 58 184 7562884377255999 75557863725914323419136
Q 58 186 -2520338825705481 75557863725914323419136
Q 58 188 6537132314090105 604462909807314587353088
Q 58 190 -257909498484419 75557863725914323419136
Q 58 192 1268637225167971 1208925819614629174706176
Q 58 194 -6081648426881911 19342813113834066795298816
Q 58 196 3553442395119547 38685626227668133590597632
Q 58 198 -8101770227092161 309485009821345068724781056
Q 58 200 4507025662910235 618970019642690137449562112
Q 58 202 -4896189672802465 2475880078570760549798248448
Q 58 204 1298870754511283 2475880078570760549798248448
Q 58 206 -673390795736389 4951760157141521099596496896
Q 58 208 2730777838931051 79228162514264337593543950336
Q 58 210 -5413080085116621 633825300114114700748351602688
Q 58 212 2633571450662239 1267650600228229401496703205376
Q 58 214 -2522255670775573 5070602400912917605986812821504
Q 58 216 1126096422846537 10141204801825835211973625643008
Q 58 218 -8390071130577031 324518553658426726783156020576256
Q 58 220 4628248294909295 1298074214633706907132624082305024
Q 58 222 1407316511685759 162259276829213363391578010288128
Q 58 224 -1112423429815899 324518553658426726783156020576256
Q 58 226 -4678478155407813 10384593717069655257060992658440192
Q 58 228 -6863788598108463 1298074214633706907132624082305024
Q 58 230 2577351270574249 1298074214633706907132624082305024
Q 58 232 2853093841884135 649037107316853453566312041152512
Q 58 234 -3798219009964689 2596148429267413814265248164610048
Q 58 236 -6953528430867685 2596148429267413814265248164610048
Q 58 238 -7064661407767259 5192296858534827628530496329220096
Q 58 240 6132662382342053 1298074214633706907132624082305024
Q 58 242 -7756424433216791 41538374868278621028243970633760768
Q 58 244 -2393895538153153 649037107316853453566312041152512
Q 58 246 8278286305433075 20769187434139310514121985316880384
Q 58 248 2513354208237457 649037107316853453566312041152512
Q 58 250 -2810619502391757 1298074214633706907132624082305024
Q 58 252 -3477270898063997 1298074214633706907132624082305024
Q 58 254 4890343496903401 1298074214633706907132624082305024
Q 59 1 -4884321454811943 36028797018963968
Q 59 3 3987088764783065 144115188075855872
Q 59 5 5189036255186815 36028797018963968
Q 59 7 -4660706923854763 1152921504606846976
Q 59 9 -2613581606239457 18014398509481984
Q 59 11 -6002856137510441 288230376151711744
Q 59 13 5103771449388153 36028797018963968
Q 59 15 3188495445023249 72057594037927936
Q 59 17 -1212439745072041 9007199254740992
Q 59 19 -2341851540806077 36028797018963968
Q 59 21 2253042148764423 18014398509481984
Q 59 23 2968834662934431 36028797018963968
Q 59 25 -8239307150737743 72057594037927936
Q 59 27 -6931924268227243 72057594037927936
Q 59 29 7476184441513693 72057594037927936
Q 59 31 7671139759696257 72057594037927936
Q 59 33 -6811209344004223 72057594037927936
Q 59 35 -31929204501517 281474976710656
Q 59 37 3160328931334849 36028797018963968
Q 59 39 8461483147952799 72057594037927936
Q 59 41 -3032966037636211 36028797018963968
Q 59 43 -8546216360112887 72057594037927936
Q 59 45 6091836258640499 72057594037927936
Q 59 47 8419611287312645 72057594037927936
Q 59 49 -802927928621001 9007199254740992
Q 59 51 -8042260887636729 72057594037927936
Q 59 53 7058325505025211 72057594037927936
Q 59 55 3668505954068247 36028797018963968
Q 59 57 -7951363947148563 72057594037927936
Q 59 59 -773709419174529 9007199254740992
Q 59 61 4494668790889495 36028797018963968
Q 59 63 69763162739743 1125899906842624
Q 59 65 -4978830281147749 36028797018963968
Q 59 67 -4097039204103073 144115188075855872
Q 59 69 5254632379569979 36028797018963968
Q 59 71 -8552133286846579 576460752303423488
Q 59 73 -2540508324168909 18014398509481984
Q 59 75 4664703088543765 72057594037927936
Q 59 77 261641810037541 2251799813685248
Q 59 79 -4066413355344955 36028797018963968
Q 59 81 -4748401380417179 72057594037927936
Q 59 83 1300213088233439 9007199254740992
Q 59 85 -1129817751252103 144115188075855872
Q 59 87 -315439596866433 2251799813685248
Q 59 89 3205723244569363 36028797018963968
Q 59 91 769199087157071 9007199254740992
Q 59 93 -5208103871288543 36028797018963968
Q 59 95 8085037986158409 576460752303423488
Q 59 97 4841456521657425 36028797018963968
Q 59 99 -4205114595484393 36028797018963968
Q 59 101 -2924554763901105 72057594037927936
Q 59 103 2719484554542055 18014398509481984
Q 59 105 -6700077630574571 72057594037927936
Q 59 107 -4669769867899011 72057594037927936
Q 59 109 5612967915976969 36028797018963968
Q 59 111 -6697378019588815 72057594037927936
Q 59 113 -4148303646949361 72057594037927936
Q 59 115 5633942500686587 36028797018963968
Q 59 117 -2195608578358353 18014398509481984
Q 59 119 -6241140541217193 576460752303423488
Q 59 121 1218880335918467 9007199254740992
Q 59 123 -2949116831045229 18014398509481984
Q 59 125 6041704290835847 72057594037927936
Q 59 127 6814306185037421 144115188075855872
Q 59 129 -2736292720432575 18014398509481984
Q 59 131 6453674487827027 36028797018963968
Q 59 133 -8967835487709441 72057594037927936
Q 59 135 5612794256341219 288230376151711744
Q 59 137 6653173907393511 72057594037927936
Q 59 139 -3185322433462845 18014398509481984
Q 59 141 7882955464679315 36028797018963968
Q 59 143 -7942916409402001 36028797018963968
Q 59 145 6992220345786081 36028797018963968
Q 59 147 -5555978893813439 36028797018963968
Q 59 149 4059502162163341 36028797018963968
Q 59 151 -5520291746049767 72057594037927936
Q 59 153 3521950250408589 72057594037927936
Q 59 155 -8485930796114225 288230376151711744
Q 59 157 1212256972318361 72057594037927936
Q 59 159 -1319246153893211 144115188075855872
Q 59 161 342840550984631 72057594037927936
Q 59 163 -2730439597596683 1152921504606846976
Q 59 165 5217927895996513 4611686018427387904
Q 59 167 -4794560423523309 9223372036854775808
Q 59 169 8487320966528253 36893488147419103232
Q 59 171 -452923716090701 4611686018427387904
Q 59 173 5976874040143879 147573952589676412928
Q 59 175 -2383647516277741 147573952589676412928
Q 59 177 7362652628869627 1180591620717411303424
Q 59 179 -5509661941328171 2361183241434822606848
Q 59 181 3999100295285455 4722366482869645213696
Q 59 183 -5635517464704945 18889465931478580854784
Q 59 185 482191995918423 4722366482869645213696
Q 59 187 -5134021386127385 151115727451828646838272
Q 59 189 6647108645671711 604462909807314587353088
Q 59 191 -4188635826111561 1208925819614629174706176
Q 59 193 5141476114857637 4835703278458516698824704
Q 59 195 -6150128829403649 19342813113834066795298816
Q 59 197 7172722723476095 77371252455336267181195264
Q 59 199 -2040034995414507 77371252455336267181195264
Q 59 201 4529946478136513 618970019642690137449562112
Q 59 203 -2455221006140687 1237940039285380274899124224
Q 59 205 1299768761695683 2475880078570760549798248448
Q 59 207 -5378940337041489 39614081257132168796771975168
Q 59 209 2720739571846329 79228162514264337593543950336
Q 59 211 -5380908640881731 633825300114114700748351602688
Q 59 213 5217166628320449 2535301200456458802993406410752
Q 59 215 -619688404377763 1267650600228229401496703205376
Q 59 217 4478645787162189 40564819207303340847894502572032
Q 59 219 -157777717525489 5070602400912917605986812821504
Q 59 221 4220555453739203 324518553658426726783156020576256
Q 59 223 -682965466635807 649037107316853453566312041152512
Q 59 225 6393270701077741 2596148429267413814265248164610048
Q 59 227 -1548827083349589 1298074214633706907132624082305024
Q 59 229 -4343759543892749 649037107316853453566312041152512
Q 59 231 3655704717645951 649037107316853453566312041152512
Q 59 233 -8668446049468749 20769187434139310514121985316880384
Q 59 235 6815406668768979 2596148429267413814265248164610048
Q 59 237 -859139968475639 162259276829213363391578010288128
Q 59 239 805901337104531 1298074214633706907132624082305024
Q 59 241 7619279046344593 2596148429267413814265248164610048
Q 59 243 7288325869714701 10384593717069655257060992658440192
Q 59 245 -4733220412905355 1298074214633706907132624082305024
Q 59 247 4655257251616967 10384593717069655257060992658440192
Q 59 249 4393134173610765 1298074214633706907132624082305024
Q 59 251 -1205866231283185 649037107316853453566312041152512
Q 59 253 -6262680267947191 2596148429267413814265248164610048
Q 59 255 4345217490153125 1298074214633706907132624082305024
Q 60 0 1895965513771763 18014398509481984
Q 60 2 5635469428152433 72057594037927936
Q 60 4 -1020749119302633 9007199254740992
Q 60 6 -3631329298124001 36028797018963968
Q 60 8 3364795969369739 36028797018963968
Q 60 10 2163214896733289 18014398509481984
Q 60 12 -2487153038008149 36028797018963968
Q 60 14 -2413586662151107 18014398509481984
Q 60 16 6168935523332651 144115188075855872
Q 60 18 320111034401343 2251799813685248
Q 60 20 -1202912388161995 72057594037927936
Q 60 22 -5228369982089591 36028797018963968
Q 60 24 -8834417084642827 1152921504606846976
Q 60 26 1296234103721265 9007199254740992
Q 60 28 4185336548089969 144115188075855872
Q 60 30 -5041122677185907 36028797018963968
Q 60 32 -6725131237719633 144115188075855872
Q 60 34 2425291831652179 18014398509481984
Q 60 36 270843867274891 4503599627370496
Q 60 38 -291531542187137 2251799813685248
Q 60 40 -2497816676014921 36028797018963968
Q 60 42 4526687392207451 36028797018963968
Q 60 44 5345468760052319 72057594037927936
Q 60 46 -2234956765151331 18014398509481984
Q 60 48 -1343274498858973 18014398509481984
Q 60 50 564081839738231 4503599627370496
Q 60 52 2525574336341217 36028797018963968
Q 60 54 -4654775378468109 36028797018963968
Q 60 56 -4328332601601805 72057594037927936
Q 60 58 4870856034830343 36028797018963968
Q 60 60 3131865875246999 72057594037927936
Q 60 62 -5100460477586017 36028797018963968
Q 60 64 -5541879096937023 288230376151711744
Q 60 66 1309166486937237 9007199254740992
Q 60 68 -3791288298100979 288230376151711744
Q 60 70 -1279577503653481 9007199254740992
Q 60 72 7578421790074869 144115188075855872
Q 60 74 4538262219873599 36028797018963968
Q 60 76 -6834930186419505 72057594037927936
Q 60 78 -6576642252548257 72057594037927936
Q 60 80 4722110760361549 36028797018963968
Q 60 82 5058767066738721 144115188075855872
Q 60 84 -5305319926299973 36028797018963968
Q 60 86 5435928517021835 144115188075855872
Q 60 88 4586789081155051 36028797018963968
Q 60 90 -7889388849394417 72057594037927936
Q 60 92 -2221845085622601 36028797018963968
Q 60 94 5358068260982055 36028797018963968
Q 60 96 -2773849915718511 72057594037927936
Q 60 98 -4370973840950619 36028797018963968
Q 60 100 2334143794718891 18014398509481984
Q 60 102 5445051129908955 288230376151711744
Q 60 104 -5233972765662823 36028797018963968
Q 60 106 242878810359181 2251799813685248
Q 60 108 3358732197212597 72057594037927936
Q 60 110 -2747201663405019 18014398509481984
Q 60 112 955825579923675 9007199254740992
Q 60 114 1494839557896825 36028797018963968
Q 60 116 -5454924298695441 36028797018963968
Q 60 118 2355613243134635 18014398509481984
Q 60 120 -4046580595202867 1152921504606846976
Q 60 122 -4555372946244481 36028797018963968
Q 60 124 5962325824076811 36028797018963968
Q 60 126 -3377468371506635 36028797018963968
Q 60 128 -5196317836741397 144115188075855872
Q 60 130 654669056052579 4503599627370496
Q 60 132 -6470488331126311 36028797018963968
Q 60 134 4701901747844321 36028797018963968
Q 60 136 -8025066734328205 288230376151711744
Q 60 138 -6106129135772403 72057594037927936
Q 60 140 3094668829797171 18014398509481984
Q 60 142 -7806047486485751 36028797018963968
Q 60 144 7948086057450181 36028797018963968
Q 60 146 -7044834039075223 36028797018963968
Q 60 148 5625086406156065 36028797018963968
Q 60 150 -8249617479406107 72057594037927936
Q 60 152 1406070048777449 18014398509481984
Q 60 154 -7191160436442641 144115188075855872
Q 60 156 4338148992610229 144115188075855872
Q 60 158 -4963057635455899 288230376151711744
Q 60 160 168900505390313 18014398509481984
Q 60 162 -5620452620463783 1152921504606846976
Q 60 164 2797930466842173 1152921504606846976
Q 60 166 -668271392956815 576460752303423488
Q 60 168 4910668812073615 9223372036854775808
Q 60 170 -8688116025179395 36893488147419103232
Q 60 172 1853220932945077 18446744073709551616
Q 60 174 -1527123696263503 36893488147419103232
Q 60 176 608410584708027 36893488147419103232
Q 60 178 -7508365381632939 1180591620717411303424
Q 60 180 2805747969239281 1180591620717411303424
Q 60 182 -8134649145972787 9444732965739290427392
Q 60 184 2861521051947807 9444732965739290427392
Q 60 186 -7822340018404827 75557863725914323419136
Q 60 188 5196582134438885 151115727451828646838272
Q 60 190 -6716124997440623 604462909807314587353088
Q 60 192 8448494062737129 2417851639229258349412352
Q 60 194 -5175141910145517 4835703278458516698824704
Q 60 196 1544491091893495 4835703278458516698824704
Q 60 198 -7190233047692557 77371252455336267181195264
Q 60 200 4081281745328915 154742504910672534362390528
Q 60 202 -4521341624971855 618970019642690137449562112
Q 60 204 4890049351449363 2475880078570760549798248448
Q 60 206 -5165512909572051 9903520314283042199192993792
Q 60 208 5331820172690515 39614081257132168796771975168
Q 60 210 -2689423788246655 79228162514264337593543950336
Q 60 212 5312167627914595 633825300114114700748351602688
Q 60 214 -5140771301366483 2535301200456458802993406410752
Q 60 216 2395652538561479 5070602400912917605986812821504
Q 60 218 -8915086667056917 81129638414606681695789005144064
Q 60 220 3516135166475957 162259276829213363391578010288128
Q 60 222 2553821723392625 324518553658426726783156020576256
Q 60 224 -5181829795293841 1298074214633706907132624082305024
Q 60 226 -5083122953280441 10384593717069655257060992658440192
Q 60 228 -2340621697860909 324518553658426726783156020576256
Q 60 230 7371539008507249 2596148429267413814265248164610048
Q 60 232 3699519485352651 649037107316853453566312041152512
Q 60 234 -4784558861574653 2596148429267413814265248164610048
Q 60 236 -4691148735295815 1298074214633706907132624082305024
Q 60 238 -2321482267115965 1298074214633706907132624082305024
Q 60 240 2027315970729701 324518553658426726783156020576256
Q 60 242 -5176758506623499 20769187434139310514121985316880384
Q 60 244 -6337684411161051 1298074214633706907132624082305024
Q 60 246 2729820343877767 5192296858534827628530496329220096
Q 60 248 3332245167911361 649037107316853453566312041152512
Q 60 250 -3725146017420975 1298074214633706907132624082305024
Q 60 252 -4607661941672515 1298074214633706907132624082305024
Q 60 254 1620159455946541 324518553658426726783156020576256
Q 61 1 4900294169271285 36028797018963968
Q 61 3 -691206842175593 36028797018963968
Q 61 5 -2604062056198333 18014398509481984
Q 61 7 -4055231338890239 288230376151711744
Q 61 9 2550621993702323 18014398509481984
Q 61 11 6872351278544805 144115188075855872
Q 61 13 -4700834178609727 36028797018963968
Q 61 15 -2805720963103913 36028797018963968
Q 61 17 4067588583398037 36028797018963968
Q 61 19 7402681909484743 72057594037927936
Q 61 21 -6559454833823325 72057594037927936
Q 61 23 -8748566724667183 72057594037927936
Q 61 25 1210732664517359 18014398509481984
Q 61 27 4826434722611273 36028797018963968
Q 61 29 -785734070513001 18014398509481984
Q 61 31 -5085654693238325 36028797018963968
Q 61 33 397436977992989 18014398509481984
Q 61 35 5196896389517969 36028797018963968
Q 61 37 -2238607945590975 576460752303423488
Q 61 39 -1303148133384041 9007199254740992
Q 61 41 -5777746154882447 576460752303423488
Q 61 43 5183794279952251 36028797018963968
Q 61 45 1375188977639235 72057594037927936
Q 61 47 -1288191409796635 9007199254740992
Q 61 49 -6598506080701077 288230376151711744
Q 61 51 5146829484257125 36028797018963968
Q 61 53 6066001434354485 288230376151711744
Q 61 55 -5172581835157931 36028797018963968
Q 61 57 -7521887997664781 576460752303423488
Q 61 59 5209415620545795 36028797018963968
Q 61 61 -7625973644414281 4611686018427387904
Q 61 63 -2600969460144247 18014398509481984
Q 61 65 3377402951553135 144115188075855872
Q 61 67 5052800212052211 36028797018963968
Q 61 69 -3742625009850161 72057594037927936
Q 61 71 -2310609261845735 18014398509481984
Q 61 73 6134874651748337 72057594037927936
Q 61 75 7476682716106459 72057594037927936
Q 61 77 -8509638490644251 72057594037927936
Q 61 79 -4513508882598083 72057594037927936
Q 61 81 5111516678164195 36028797018963968
Q 61 83 2428824754555437 576460752303423488
Q 61 85 -5179047206523359 36028797018963968
Q 61 87 2326885041206097 36028797018963968
Q 61 89 3984907958060637 36028797018963968
Q 61 91 -2256488996734493 18014398509481984
Q 61 93 -1345772237329607 36028797018963968
Q 61 95 5349766366785745 36028797018963968
Q 61 97 -4365689928584657 72057594037927936
Q 61 99 -956437705757851 9007199254740992
Q 61 101 2502320019116757 18014398509481984
Q 61 103 -1067800382280447 576460752303423488
Q 61 105 -2475000784680639 18014398509481984
Q 61 107 8653146076464793 72057594037927936
Q 61 109 4169486588998829 144115188075855872
Q 61 111 -664156616329427 4503599627370496
Q 61 113 8443649074830987 72057594037927936
Q 61 115 470217856892381 18014398509481984
Q 61 117 -5238968831355905 36028797018963968
Q 61 119 4969973041982117 36028797018963968
Q 61 121 -4828291111872823 288230376151711744
Q 61 123 -1057848019427067 9007199254740992
Q 61 125 748634800380495 4503599627370496
Q 61 127 -1844753692693885 18014398509481984
Q 61 129 -7382480242920613 288230376151711744
Q 61 131 2502051591323551 18014398509481984
Q 61 133 -808377667400559 4503599627370496
Q 61 135 2444421636515827 18014398509481984
Q 61 137 -5098865673604843 144115188075855872
Q 61 139 -5601332605791059 72057594037927936
Q 61 141 752223455785467 4503599627370496
Q 61 143 -7728956766177697 36028797018963968
Q 61 145 3973248536258827 18014398509481984
Q 61 147 -3543834918340333 18014398509481984
Q 61 149 710517111427935 4503599627370496
Q 61 151 -2090698516642519 18014398509481984
Q 61 153 5714790549643127 72057594037927936
Q 61 155 -7319340216699885 144115188075855872
Q 61 157 8841555337329261 288230376151711744
Q 61 159 -2530789681758787 144115188075855872
Q 61 161 1378637164401323 144115188075855872
Q 61 163 -716925197350689 144115188075855872
Q 61 165 2854832981673949 1152921504606846976
Q 61 167 -5453041878223907 4611686018427387904
Q 61 169 5006111020831285 9223372036854775808
Q 61 171 -8850541888056873 36893488147419103232
Q 61 173 943091698224499 9223372036854775808
Q 61 175 -6210661296216969 147573952589676412928
Q 61 177 2471424099708279 147573952589676412928
Q 61 179 -7614959535665613 1180591620717411303424
Q 61 181 2841525558397085 1180591620717411303424
Q 61 183 -8225744963486047 9444732965739290427392
Q 61 185 5777673809809681 18889465931478580854784
Q 61 187 -7883364641912313 75557863725914323419136
Q 61 189 163362926765569 4722366482869645213696
Q 61 191 -6743410820128459 604462909807314587353088
Q 61 193 4233036147883063 1208925819614629174706176
Q 61 195 -1293824889070775 1208925819614629174706176
Q 61 197 6165095749765963 19342813113834066795298816
Q 61 199 -3579818093598539 38685626227668133590597632
Q 61 201 8109648416844443 309485009821345068724781056
Q 61 203 -8963458154550859 1237940039285380274899124224
Q 61 205 1208960762556595 618970019642690137449562112
Q 61 207 -2548057654113811 4951760157141521099596496896
Q 61 209 327974239863421 2475880078570760549798248448
Q 61 211 -5280870350789645 158456325028528675187087900672
Q 61 213 5199987568386765 633825300114114700748351602688
Q 61 215 -5010709396121857 2535301200456458802993406410752
Q 61 217 2341242049519859 5070602400912917605986812821504
Q 61 219 -1155147348572137 10141204801825835211973625643008
Q 61 221 5379805711339201 162259276829213363391578010288128
Q 61 223 -6635532309411953 1298074214633706907132624082305024
Q 61 225 619692290589927 162259276829213363391578010288128
Q 61 227 -4165601398548461 2596148429267413814265248164610048
Q 61 229 -2709084922517875 324518553658426726783156020576256
Q 61 231 4537764314992147 649037107316853453566312041152512
Q 61 233 -2937183717393955 5192296858534827628530496329220096
Q 61 235 8626856045096891 2596148429267413814265248164610048
Q 61 237 -2138141360997727 324518553658426726783156020576256
Q 61 239 8414348637329781 10384593717069655257060992658440192
Q 61 241 4686786823903131 1298074214633706907132624082305024
Q 61 243 4598440344224403 5192296858534827628530496329220096
Q 61 245 -2935949331281935 649037107316853453566312041152512
Q 61 247 5818305692523745 10384593717069655257060992658440192
Q 61 249 1358955565444723 324518553658426726783156020576256
Q 61 251 -5971303278370009 2596148429267413814265248164610048
Q 61 253 -7756299029225235 2596148429267413814265248164610048
Q 61 255 2690553443700117 649037107316853453566312041152512
Q 62 0 -7497022194879611 72057594037927936
Q 62 2 -5984182277753123 72057594037927936
Q 62 4 7637659433760233 72057594037927936
Q 62 6 4006781821706561 36028797018963968
Q 62 8 -1380711967892177 18014398509481984
Q 62 10 -4760018604441791 36028797018963968
Q 62 12 5930704537316971 144115188075855872
Q 62 14 5157003308669461 36028797018963968
Q 62 16 -8585999943333953 2305843009213693952
Q 62 18 -5192511317343779 36028797018963968
Q 62 20 -290237441846635 9007199254740992
Q 62 22 2456126588351259 18014398509481984
Q 62 24 1154169965094901 18014398509481984
Q 62 26 -8789514071742103 72057594037927936
Q 62 28 -6500239569522657 72057594037927936
Q 62 30 7467896539080513 72057594037927936
Q 62 32 7931806845022485 72057594037927936
Q 62 34 -377951664799763 4503599627370496
Q 62 36 -8934621361509845 72057594037927936
Q 62 38 4692422955697127 72057594037927936
Q 62 40 4788098253380727 36028797018963968
Q 62 42 -3534451897817901 72057594037927936
Q 62 44 -4972590266678555 36028797018963968
Q 62 46 5338748332884779 144115188075855872
Q 62 48 5064483383155497 36028797018963968
Q 62 50 -8658520664568889 288230376151711744
Q 62 52 -79641396646667 562949953421312
Q 62 54 8272448902594699 288230376151711744
Q 62 56 158898733628633 1125899906842624
Q 62 58 -4829855577305477 144115188075855872
Q 62 60 -1253962599541859 9007199254740992
Q 62 62 1613148840564883 36028797018963968
Q 62 64 2422866317259171 18014398509481984
Q 62 66 -8989085173754679 144115188075855872
Q 62 68 -8985618287457573 72057594037927936
Q 62 70 6148317073978641 72057594037927936
Q 62 72 960399235151565 9007199254740992
Q 62 74 -7995620618879243 72057594037927936
Q 62 76 -5525782334121381 72057594037927936
Q 62 78 4826745092013893 36028797018963968
Q 62 80 291291434604305 9007199254740992
Q 62 82 -5249490138514359 36028797018963968
Q 62 84 3642079897924933 144115188075855872
Q 62 86 4859064619465985 36028797018963968
Q 62 88 -790066982793613 9007199254740992
Q 62 90 -6570538446936279 72057594037927936
Q 62 92 1228481744682411 9007199254740992
Q 62 94 7718670260482043 576460752303423488
Q 62 96 -2603569890777429 18014398509481984
Q 62 98 5762632681092859 72057594037927936
Q 62 100 6466988204163075 72057594037927936
Q 62 102 -5224891454249983 36028797018963968
Q 62 104 3062078248168637 144115188075855872
Q 62 106 4607293317332117 36028797018963968
Q 62 108 -4676992108672739 36028797018963968
Q 62 110 -6968808180902855 576460752303423488
Q 62 112 2542285414005897 18014398509481984
Q 62 114 -4549203238601001 36028797018963968
Q 62 116 -3345208642661061 288230376151711744
Q 62 118 4997449707303173 36028797018963968
Q 62 120 -5173816127706359 36028797018963968
Q 62 122 8313312621206739 288230376151711744
Q 62 124 3910858816601527 36028797018963968
Q 62 126 -2992731976275399 18014398509481984
Q 62 128 989945086983021 9007199254740992
Q 62 130 2306290477271929 144115188075855872
Q 62 132 -4777222039511909 36028797018963968
Q 62 134 6447644535177137 36028797018963968
Q 62 136 -2523703626817885 18014398509481984
Q 62 138 6067721223547597 144115188075855872
Q 62 140 5140665614537853 72057594037927936
Q 62 142 -183049584005357 1125899906842624
Q 62 144 3826607430870861 18014398509481984
Q 62 146 -7939251105066857 36028797018963968
Q 62 148 3560666513123405 18014398509481984
Q 62 150 -179167050006069 1125899906842624
Q 62 152 8458497013452383 72057594037927936
Q 62 154 -723947943953599 9007199254740992
Q 62 156 928486630229765 18014398509481984
Q 62 158 -4490395376316819 144115188075855872
Q 62 160 2571974142635439 144115188075855872
Q 62 162 -5605368602570943 576460752303423488
Q 62 164 5829357209921525 1152921504606846976
Q 62 166 -5801290442081261 2305843009213693952
Q 62 168 1384384005290339 1152921504606846976
Q 62 170 -2539971356493601 4611686018427387904
Q 62 172 8972922436827145 36893488147419103232
Q 62 174 -1910230648346449 18446744073709551616
Q 62 176 6282257014883869 147573952589676412928
Q 62 178 -4993147580975767 295147905179352825856
Q 62 180 1920312265678203 295147905179352825856
Q 62 182 -2861770274589857 1180591620717411303424
Q 62 184 8270519310258229 9444732965739290427392
Q 62 186 -5798871076911985 18889465931478580854784
Q 62 188 7897622200932821 75557863725914323419136
Q 62 190 -5226928043970595 151115727451828646838272
Q 62 192 3364474947292633 302231454903657293676544
Q 62 194 -8430294981696523 2417851639229258349412352
Q 62 196 5142328973693873 4835703278458516698824704
Q 62 198 -6112234871718531 19342813113834066795298816
Q 62 200 3541040279823103 38685626227668133590597632
Q 62 202 -2000771151405773 77371252455336267181195264
Q 62 204 2206139554776039 309485009821345068724781056
Q 62 206 -4749310081735493 2475880078570760549798248448
Q 62 208 4992498178330325 9903520314283042199192993792
Q 62 210 -1281834240869173 9903520314283042199192993792
Q 62 212 1286838046714449 39614081257132168796771975168
Q 62 214 -5053368433614869 633825300114114700748351602688
Q 62 216 4844146356561439 2535301200456458802993406410752
Q 62 218 -4553761038400983 10141204801825835211973625643008
Q 62 220 4129917413014553 40564819207303340847894502572032
Q 62 222 -703286307694909 40564819207303340847894502572032
Q 62 224 3665294521432435 1298074214633706907132624082305024
Q 62 226 -3091507816660473 2596148429267413814265248164610048
Q 62 228 -3852795810018179 1298074214633706907132624082305024
Q 62 230 6177200555960815 5192296858534827628530496329220096
Q 62 232 1616243762660913 649037107316853453566312041152512
Q 62 234 -1048388913854057 1298074214633706907132624082305024
Q 62 236 -8198327512804203 5192296858534827628530496329220096
Q 62 238 -8087091544146537 10384593717069655257060992658440192
Q 62 240 1776101560284357 649037107316853453566312041152512
Q 62 242 -2265093507546121 20769187434139310514121985316880384
Q 62 244 -1389331475254319 649037107316853453566312041152512
Q 62 246 2395099366697027 10384593717069655257060992658440192
Q 62 248 1460648792860903 649037107316853453566312041152512
Q 62 250 -408188605667051 324518553658426726783156020576256
Q 62 252 -8080690274501805 5192296858534827628530496329220096
Q 62 254 710261734971655 324518553658426726783156020576256
Q 63 1 -614308691371901 4503599627370496
Q 63 3 6177464406604189 576460752303423488
Q 63 5 2592719175318461 18014398509481984
Q 63 7 2292515205258279 72057594037927936
Q 63 9 -4852223334480729 36028797018963968
Q 63 11 -5232023827395235 72057594037927936
Q 63 13 8139226538068913 72057594037927936
Q 63 15 1912067163220943 18014398509481984
Q 63 17 -5911580864730315 72057594037927936
Q 63 19 -2334313114305317 18014398509481984
Q 63 21 6625305783538001 144115188075855872
Q 63 23 5117123730630253 36028797018963968
Q 63 25 -5077338056981327 576460752303423488
Q 63 27 -2598709098102261 18014398509481984
Q 63 29 -7505691843683945 288230376151711744
Q 63 31 2490788288441643 18014398509481984
Q 63 33 2024993733113365 36028797018963968
Q 63 35 -570767215562407 4503599627370496
Q 63 37 -5798701987904399 72057594037927936
Q 63 39 4053257793833221 36028797018963968
Q 63 41 3554262923921751 36028797018963968
Q 63 43 -7073051529086891 72057594037927936
Q 63 45 -8017002641312233 72057594037927936
Q 63 47 6185997974305665 72057594037927936
Q 63 49 8586677183174703 72057594037927936
Q 63 51 -5561805550093511 72057594037927936
Q 63 53 -2219707362840195 18014398509481984
Q 63 55 5281866261925051 72057594037927936
Q 63 57 8930364910171685 72057594037927936
Q 63 59 -5396559834472113 72057594037927936
Q 63 61 -4367449183800219 36028797018963968
Q 63 63 5924328261863251 72057594037927936
Q 63 65 8228944246075203 72057594037927936
Q 63 67 -6839407404232583 72057594037927936
Q 63 69 -7286554921922603 72057594037927936
Q 63 71 8043056456347259 72057594037927936
Q 63 73 5731222499106727 72057594037927936
Q 63 75 -2329385324204419 18014398509481984
Q 63 77 -6763326115045961 144115188075855872
Q 63 79 5136882615149563 36028797018963968
Q 63 81 4931139602658277 2305843009213693952
Q 63 83 -2581789110398043 18014398509481984
Q 63 85 7526977361000395 144115188075855872
Q 63 87 8772309264801779 72057594037927936
Q 63 89 -3845606967469049 36028797018963968
Q 63 91 -2528204478017171 36028797018963968
Q 63 93 5158595044266173 36028797018963968
Q 63 95 -5466882843063421 576460752303423488
Q 63 97 -4955599028879731 36028797018963968
Q 63 99 1738608316727783 18014398509481984
Q 63 101 654621244173881 9007199254740992
Q 63 103 -2671211207121451 18014398509481984
Q 63 105 5624245634689055 144115188075855872
Q 63 107 8448887134948285 72057594037927936
Q 63 109 -4944942825888617 36028797018963968
Q 63 111 2121730603724357 576460752303423488
Q 63 113 4822242524142485 36028797018963968
Q 63 115 -2405839105122389 18014398509481984
Q 63 117 8568456184833067 4611686018427387904
Q 63 119 2370271221739901 18014398509481984
Q 63 121 -5329443584067619 36028797018963968
Q 63 123 1432571925730361 36028797018963968
Q 63 125 899974521904177 9007199254740992
Q 63 127 -5958010859145277 36028797018963968
Q 63 129 8382789203377751 72057594037927936
Q 63 131 8367719651849083 1152921504606846976
Q 63 133 -4560438630454945 36028797018963968
Q 63 135 6416347393792707 36028797018963968
Q 63 137 -5180194143217141 36028797018963968
Q 63 139 432629667528373 9007199254740992
Q 63 141 2362747734919303 36028797018963968
Q 63 143 -5710080844521483 36028797018963968
Q 63 145 947521967230415 4503599627370496
Q 63 147 -7927353188632779 36028797018963968
Q 63 149 7146399101189285 36028797018963968
Q 63 151 -5772940843876927 36028797018963968
Q 63 153 8536756148442247 72057594037927936
Q 63 155 -5854495730818079 72057594037927936
Q 63 157 939550757176773 18014398509481984
Q 63 159 -4546648858949491 144115188075855872
Q 63 161 5209662376480183 288230376151711744
Q 63 163 -709580712086643 72057594037927936
Q 63 165 5901600738775255 1152921504606846976
Q 63 167 -5869978889032165 2305843009213693952
Q 63 169 1399728882840387 1152921504606846976
Q 63 171 -641436336173185 1152921504606846976
Q 63 173 565881816231341 2305843009213693952
Q 63 175 -7700535348633121 73786976294838206464
Q 63 177 6322603656079965 147573952589676412928
Q 63 179 -5017720587988521 295147905179352825856
Q 63 181 7706667897049551 1180591620717411303424
Q 63 183 -358291873284703 147573952589676412928
Q 63 185 8268758656398659 9444732965739290427392
Q 63 187 -2893325626438249 9444732965739290427392
Q 63 189 7865388406225651 75557863725914323419136
Q 63 191 -1298722566448159 37778931862957161709568
Q 63 193 6673466347581119 604462909807314587353088
Q 63 195 -4171205507173953 1208925819614629174706176
Q 63 197 5077213910825291 4835703278458516698824704
Q 63 199 -3010414522497407 9671406556917033397649408
Q 63 201 6959582972914551 77371252455336267181195264
Q 63 203 -3922769125036075 154742504910672534362390528
Q 63 205 2157345507862955 309485009821345068724781056
Q 63 207 -4632539472295825 2475880078570760549798248448
Q 63 209 2428622271238469 4951760157141521099596496896
Q 63 211 -1243851922874269 9903520314283042199192993792
Q 63 213 2490638984071007 79228162514264337593543950336
Q 63 215 -4876116646243459 633825300114114700748351602688
Q 63 217 4664430399967313 2535301200456458802993406410752
Q 63 219 -8798824831907643 20282409603651670423947251286016
Q 63 221 2078329145904391 20282409603651670423947251286016
Q 63 223 -3597554624473775 162259276829213363391578010288128
Q 63 225 7742831101481379 1298074214633706907132624082305024
Q 63 227 -4213131119704253 2596148429267413814265248164610048
Q 63 229 -973517381088015 324518553658426726783156020576256
Q 63 231 6942036817642989 2596148429267413814265248164610048
Q 63 233 -2215407490320379 10384593717069655257060992658440192
Q 63 235 6599215588983977 5192296858534827628530496329220096
Q 63 237 -1650970354319959 649037107316853453566312041152512
Q 63 239 3068166504569863 10384593717069655257060992658440192
Q 63 241 1827638367476949 1298074214633706907132624082305024
Q 63 243 6969165453788671 20769187434139310514121985316880384
Q 63 245 -2268603114943931 1298074214633706907132624082305024
Q 63 247 4436172446254101 20769187434139310514121985316880384
Q 63 249 263731357545581 162259276829213363391578010288128
Q 63 251 -4633378030353161 5192296858534827628530496329220096
Q 63 253 -6009421511352291 5192296858534827628530496329220096
Q 63 255 4170855068382295 2596148429267413814265248164610048
Q 64 0 -231636755727963 2251799813685248
Q 64 2 -6321717498457215 72057594037927936
Q 64 4 3536642270355855 36028797018963968
Q 64 6 8668801980689163 72057594037927936
Q 64 8 -8436678919891929 144115188075855872
Q 64 10 -1262248775074885 9007199254740992
Q 64 12 847216402022605 72057594037927936
Q 64 14 1297980628526155 9007199254740992
Q 64 16 5089745416642621 144115188075855872
Q 64 18 -1196121926140033 9007199254740992
Q 64 20 -5555252117937449 72057594037927936
Q 64 22 7864250881619943 72057594037927936
Q 64 24 1976204488988493 18014398509481984
Q 64 26 -2788242772810581 36028797018963968
Q 64 28 -1182930041155501 9007199254740992
Q 64 30 6070936549980215 144115188075855872
Q 64 32 2560839936200803 18014398509481984
Q 64 34 -2132430263183479 288230376151711744
Q 64 36 -2591684351551473 18014398509481984
Q 64 38 -6858132981478755 288230376151711744
Q 64 40 78287712447107 562949953421312
Q 64 42 7158788328887447 144115188075855872
Q 64 44 -2353537092479717 18014398509481984
Q 64 46 -2505931538846669 36028797018963968
Q 64 48 1092842987084643 9007199254740992
Q 64 50 1504338469972523 18014398509481984
Q 64 52 -4084911144983385 36028797018963968
Q 64 54 -6627190834407045 72057594037927936
Q 64 56 7816940119654227 72057594037927936
Q 64 58 429380727984665 4503599627370496
Q 64 60 -121272816879965 1125899906842624
Q 64 62 -843526064477189 9007199254740992
Q 64 64 1004178561283663 9007199254740992
Q 64 66 6220530469043791 72057594037927936
Q 64 68 -8604998677049931 72057594037927936
Q 64 70 -5197652464297041 72057594037927936
Q 64 72 4683669720659487 36028797018963968
Q 64 74 7111909926183327 144115188075855872
Q 64 76 -2523774881724829 18014398509481984
Q 64 78 -1185151916041537 72057594037927936
Q 64 80 2602546089295147 18014398509481984
Q 64 82 -7653249013019131 288230376151711744
Q 64 84 -1222295348929267 9007199254740992
Q 64 86 2734508944196549 36028797018963968
Q 64 88 7602661076988919 72057594037927936
Q 64 90 -136869180809899 1125899906842624
Q 64 92 -6995485194096229 144115188075855872
Q 64 94 1315844283414007 9007199254740992
Q 64 96 -4428417183622947 144115188075855872
Q 64 98 -4620365241873533 36028797018963968
Q 64 100 7941688856319839 72057594037927936
Q 64 102 2001178833631531 36028797018963968
Q 64 104 -671510014091629 4503599627370496
Q 64 106 7931041143714907 144115188075855872
Q 64 108 7635997417713137 72057594037927936
Q 64 110 -5139472747386957 36028797018963968
Q 64 112 5251201557096001 288230376151711744
Q 64 114 4538742982098265 36028797018963968
Q 64 116 -627035201263295 4503599627370496
Q 64 118 8185592661094237 576460752303423488
Q 64 120 8954333114865975 72057594037927936
Q 64 122 -340224497203051 2251799813685248
Q 64 124 7135907972754603 144115188075855872
Q 64 126 1651781143348183 18014398509481984
Q 64 128 -2956358681159103 18014398509481984
Q 64 130 4387597934345799 36028797018963968
Q 64 132 -2798753328128487 4611686018427387904
Q 64 134 -2178437588387491 18014398509481984
Q 64 136 6376715449574595 36028797018963968
Q 64 138 -2644841737306539 18014398509481984
Q 64 140 7665325248432057 144115188075855872
Q 64 142 8713495061123799 144115188075855872
Q 64 144 -2788191928908267 18014398509481984
Q 64 146 7511013265123541 36028797018963968
Q 64 148 -3955850963811207 18014398509481984
Q 64 150 7163403160848093 36028797018963968
Q 64 152 -5803155856434911 36028797018963968
Q 64 154 2149414561909615 18014398509481984
Q 64 156 -2951717270549421 36028797018963968
Q 64 158 3792298476342317 72057594037927936
Q 64 160 -2294643680827795 72057594037927936
Q 64 162 5258363993602347 288230376151711744
Q 64 164 -2863968243548323 288230376151711744
Q 64 166 743954833896549 144115188075855872
Q 64 168 -5915231084758115 2305843009213693952
Q 64 170 1409178966706915 1152921504606846976
Q 64 172 -5160360103413333 9223372036854775808
Q 64 174 1136686650430901 4611686018427387904
Q 64 176 -3861578606149485 36893488147419103232
Q 64 178 6331467765726901 147573952589676412928
Q 64 180 -1254121063446923 73786976294838206464
Q 64 182 3845635866409343 590295810358705651712
Q 64 184 -713829472052489 295147905179352825856
Q 64 186 4110497952156367 4722366482869645213696
Q 64 188 -358848722269485 1180591620717411303424
Q 64 190 7787715766973861 75557863725914323419136
Q 64 192 -641549702559951 18889465931478580854784
Q 64 194 6578390070256835 604462909807314587353088
Q 64 196 -8204575028453699 2417851639229258349412352
Q 64 198 4981500777713561 4835703278458516698824704
Q 64 200 -5893004254001335 19342813113834066795298816
Q 64 202 3397475890598975 38685626227668133590597632
Q 64 204 -1910148141903191 77371252455336267181195264
Q 64 206 2095583970666571 309485009821345068724781056
Q 64 208 -8976242600334219 4951760157141521099596496896
Q 64 210 586657618535447 1237940039285380274899124224
Q 64 212 -4794246140445307 39614081257132168796771975168
Q 64 214 1196472555464089 39614081257132168796771975168
Q 64 216 -584189393346945 79228162514264337593543950336
Q 64 218 8919779012927699 5070602400912917605986812821504
Q 64 220 -1045749794287201 2535301200456458802993406410752
Q 64 222 8234457670623917 81129638414606681695789005144064
Q 64 224 -3882328459252039 162259276829213363391578010288128
Q 64 226 2856880714913669 649037107316853453566312041152512
Q 64 228 -6633414528669367 1298074214633706907132624082305024
Q 64 230 2289583991809359 1298074214633706907132624082305024
Q 64 232 8364164755275351 2596148429267413814265248164610048
Q 64 234 -1391597208267735 1298074214633706907132624082305024
Q 64 236 -2637799651457855 1298074214633706907132624082305024
Q 64 238 -1344460876203119 1298074214633706907132624082305024
Q 64 240 2328783091709295 649037107316853453566312041152512
Q 64 242 -1621725546419797 10384593717069655257060992658440192
Q 64 244 -3614747370619205 1298074214633706907132624082305024
Q 64 246 1546475972078295 5192296858534827628530496329220096
Q 64 248 3810025265656651 1298074214633706907132624082305024
Q 64 250 -8517164913170873 5192296858534827628530496329220096
Q 64 252 -5265842230224725 2596148429267413814265248164610048
Q 64 254 7406732247415935 2596148429267413814265248164610048
Q 65 1 -2463441102471869 18014398509481984
Q 65 3 5237004358527991 2305843009213693952
Q 65 5 5121736544743575 36028797018963968
Q 65 7 7056483492246131 144115188075855872
Q 65 9 -8975124140527067 72057594037927936
Q 65 11 -6829644758926177 72057594037927936
Q 65 13 1621743308363185 18014398509481984
Q 65 15 4588478182354693 36028797018963968
Q 65 17 -6436424197488445 144115188075855872
Q 65 19 -2576514555479451 18014398509481984
Q 65 21 -2553737699646645 576460752303423488
Q 65 23 5100026565079247 36028797018963968
Q 65 25 7300347020114305 144115188075855872
Q 65 27 -2260964375797231 18014398509481984
Q 65 29 -6421813006250389 72057594037927936
Q 65 31 223400640102445 2251799813685248
Q 65 33 4222682151614057 36028797018963968
Q 65 35 -4867911875225247 72057594037927936
Q 65 37 -4846741567920811 36028797018963968
Q 65 39 5048107417551063 144115188075855872
Q 65 41 5132604208714917 36028797018963968
Q 65 43 -5847701143693051 1152921504606846976
Q 65 45 -5167993141402507 36028797018963968
Q 65 47 -5795639019074625 288230376151711744
Q 65 49 5054327321397041 36028797018963968
Q 65 51 2839729494206901 72057594037927936
Q 65 53 -4887666239665899 36028797018963968
Q 65 55 -7564583231425181 144115188075855872
Q 65 57 4746548713149973 36028797018963968
Q 65 59 8552824179578673 144115188075855872
Q 65 61 -2342644876002321 18014398509481984
Q 65 63 -4318326004247089 72057594037927936
Q 65 65 4729612618349441 36028797018963968
Q 65 67 7760560407528827 144115188075855872
Q 65 69 -4871068875640311 36028797018963968
Q 65 71 -5806407943749303 144115188075855872
Q 65 73 5057595982517859 36028797018963968
Q 65 75 5241002668599637 288230376151711744
Q 65 77 -2590148578553719 18014398509481984
Q 65 79 7576151489194953 576460752303423488
Q 65 81 5062277650146229 36028797018963968
Q 65 83 -3796692872376273 72057594037927936
Q 65 85 -8930675171787447 72057594037927936
Q 65 87 6906835947949083 72057594037927936
Q 65 89 6286409043223765 72057594037927936
Q 65 91 -4768056075311461 36028797018963968
Q 65 93 -7811192567016299 288230376151711744
Q 65 95 2623951715894451 18014398509481984
Q 65 97 -7203940825010861 144115188075855872
Q 65 99 -8450495162984611 72057594037927936
Q 65 101 8733385123319437 72057594037927936
Q 65 103 699062693008213 18014398509481984
Q 65 105 -5329204378730331 36028797018963968
Q 65 107 1246696776880645 18014398509481984
Q 65 109 6804511688656967 72057594037927936
Q 65 111 -658798732233911 4503599627370496
Q 65 113 4529956762792025 144115188075855872
Q 65 115 8490034574610733 72057594037927936
Q 65 117 -5170420329145983 36028797018963968
Q 65 119 1828205822255435 72057594037927936
Q 65 121 8429981243049663 72057594037927936
Q 65 123 -5522825483885333 36028797018963968
Q 65 125 4188686089534195 72057594037927936
Q 65 127 3025932310322135 36028797018963968
Q 65 129 -731874791777691 4503599627370496
Q 65 131 4551648094665305 36028797018963968
Q 65 133 -8747730825693205 1152921504606846976
Q 65 135 -8338198746311923 72057594037927936
Q 65 137 3165959822022329 18014398509481984
Q 65 139 -1344547113570265 9007199254740992
Q 65 141 2075275209771247 36028797018963968
Q 65 143 8069945805424331 144115188075855872
Q 65 145 -5457391670512257 36028797018963968
Q 65 147 7446721186410599 36028797018963968
Q 65 149 -7893082244812641 36028797018963968
Q 65 151 7172831263712063 36028797018963968
Q 65 153 -2912110913741917 18014398509481984
Q 65 155 8641338109131883 72057594037927936
Q 65 157 -2969186831671827 36028797018963968
Q 65 159 954038752115091 18014398509481984
Q 65 161 -144317547336231 4503599627370496
Q 65 163 2644919964310701 144115188075855872
Q 65 165 -5758985652144449 576460752303423488
Q 65 167 2989602518582341 576460752303423488
Q 65 169 -2968402399894203 1152921504606846976
Q 65 171 5650748601206825 4611686018427387904
Q 65 173 -1291609100459881 2305843009213693952
Q 65 175 4545504045043531 18446744073709551616
Q 65 177 -7708873502896729 73786976294838206464
Q 65 179 1577264372531819 36893488147419103232
Q 65 181 -2494864850473563 147573952589676412928
Q 65 183 7635725146308351 1180591620717411303424
Q 65 185 -5658111076807345 2361183241434822606848
Q 65 187 8128483044753357 9444732965739290427392
Q 65 189 -2832372088104471 9444732965739290427392
Q 65 191 7666390994519111 75557863725914323419136
Q 65 193 -5040845242433259 151115727451828646838272
Q 65 195 1611450886434533 151115727451828646838272
Q 65 197 -8019769029958825 2417851639229258349412352
Q 65 199 2428621804330631 2417851639229258349412352
Q 65 201 -1432872206000899 4835703278458516698824704
Q 65 203 823960874657463 9671406556917033397649408
Q 65 205 -7392587619916383 309485009821345068724781056
Q 65 207 8088618125395037 1237940039285380274899124224
Q 65 209 -8638234887407177 4951760157141521099596496896
Q 65 211 4504122232678805 9903520314283042199192993792
Q 65 213 -4588288872768829 39614081257132168796771975168
Q 65 215 1141914338247577 39614081257132168796771975168
Q 65 217 -4446996394641493 633825300114114700748351602688
Q 65 219 131903182737035 79228162514264337593543950336
Q 65 221 -7765279277378263 20282409603651670423947251286016
Q 65 223 7199960577345099 81129638414606681695789005144064
Q 65 225 -1467780752900495 81129638414606681695789005144064
Q 65 227 2299309995228405 649037107316853453566312041152512
Q 65 229 -1014195982378079 162259276829213363391578010288128
Q 65 231 3007687587701527 649037107316853453566312041152512
Q 65 233 -4273506717493205 10384593717069655257060992658440192
Q 65 235 5432974497783095 2596148429267413814265248164610048
Q 65 237 -1337310556121483 324518553658426726783156020576256
Q 65 239 5050134518823201 10384593717069655257060992658440192
Q 65 241 2964995395694993 1298074214633706907132624082305024
Q 65 243 5705740408609401 10384593717069655257060992658440192
Q 65 245 -7357334477614987 2596148429267413814265248164610048
Q 65 247 3605693305448645 10384593717069655257060992658440192
Q 65 249 3417387026244747 1298074214633706907132624082305024
Q 65 251 -3752553621357733 2596148429267413814265248164610048
Q 65 253 -19024393961855 10141204801825835211973625643008
Q 65 255 6759723993174981 2596148429267413814265248164610048
Q 66 0 7329715678442845 72057594037927936
Q 66 2 831038595630827 9007199254740992
Q 66 4 -6475303771433611 72057594037927936
Q 66 6 -288232439562043 2251799813685248
Q 66 8 5680541321796999 144115188075855872
Q 66 10 5187271790180841 36028797018963968
Q 66 12 5174059996901979 288230376151711744
Q 66 14 -1233522883781379 9007199254740992
Q 66 16 -5154749400992385 72057594037927936
Q 66 18 7882344956429231 72057594037927936
Q 66 20 4071965943150937 36028797018963968
Q 66 22 -4856643749730209 72057594037927936
Q 66 24 -619311268124589 4503599627370496
Q 66 26 2697106068772343 144115188075855872
Q 66 28 324169680259515 2251799813685248
Q 66 30 8428089423023311 288230376151711744
Q 66 32 -4848282479896867 36028797018963968
Q 66 34 -5102285118292523 72057594037927936
Q 66 36 8188787820345991 72057594037927936
Q 66 38 3703398789471645 36028797018963968
Q 66 40 -3107675115539979 36028797018963968
Q 66 42 -1120632758487201 9007199254740992
Q 66 44 8232922430877909 144115188075855872
Q 66 46 4928717680094151 36028797018963968
Q 66 48 -8635958369067637 288230376151711744
Q 66 50 -1280660828396393 9007199254740992
Q 66 52 8344937124425091 1152921504606846976
Q 66 54 2579495105062293 18014398509481984
Q 66 56 173623027807245 18014398509481984
Q 66 58 -1281449298751097 9007199254740992
Q 66 60 -5758507393485245 288230376151711744
Q 66 62 2545312244132361 18014398509481984
Q 66 64 3374199766640893 144115188075855872
Q 66 66 -2545779129649537 18014398509481984
Q 66 68 -704676046690269 36028797018963968
Q 66 70 5129815518683563 36028797018963968
Q 66 72 2269766311106251 288230376151711744
Q 66 74 -5161223919078057 36028797018963968
Q 66 76 7025582631910053 576460752303423488
Q 66 78 2543241044274763 18014398509481984
Q 66 80 -365672670759909 9007199254740992
Q 66 82 -4745637099323143 36028797018963968
Q 66 84 5446537041658041 72057594037927936
Q 66 86 7862644094515027 72057594037927936
Q 66 88 -8066537653203021 72057594037927936
Q 66 90 -4892421998299507 72057594037927936
Q 66 92 5021576008505669 36028797018963968
Q 66 94 7477017772833961 1152921504606846976
Q 66 96 -5133271593144005 36028797018963968
Q 66 98 604040098624825 9007199254740992
Q 66 100 3791820337905839 36028797018963968
Q 66 102 -4672293457669075 36028797018963968
Q 66 104 -1644255807779633 72057594037927936
Q 66 106 5228873932170261 36028797018963968
Q 66 108 -734610001478123 9007199254740992
Q 66 110 -5978451726836553 72057594037927936
Q 66 112 5347725459518969 36028797018963968
Q 66 114 -6237917466165597 144115188075855872
Q 66 116 -7900915802846729 72057594037927936
Q 66 118 1320384718124891 9007199254740992
Q 66 120 -636972997222111 18014398509481984
Q 66 122 -7920967773424795 72057594037927936
Q 66 124 2786684036493191 18014398509481984
Q 66 126 -1182583600017777 18014398509481984
Q 66 128 -2770228319150343 36028797018963968
Q 66 130 2894829241818213 18014398509481984
Q 66 132 -2343353004903737 18014398509481984
Q 66 134 7891441669356477 576460752303423488
Q 66 136 3999179421333173 36028797018963968
Q 66 138 -1571178719442927 9007199254740992
Q 66 140 5447820526871065 36028797018963968
Q 66 142 -8833089915678469 144115188075855872
Q 66 144 -58756411897845 1125899906842624
Q 66 146 669224652614559 4503599627370496
Q 66 148 -3694057514536527 18014398509481984
Q 66 150 7872160439541989 36028797018963968
Q 66 152 -896889210016237 4503599627370496
Q 66 154 2918181075568735 18014398509481984
Q 66 156 -8667970797108909 72057594037927936
Q 66 158 5959348599056845 72057594037927936
Q 66 160 -478719488982227 9007199254740992
Q 66 162 2316610746131081 72057594037927936
Q 66 164 -5304020007082975 288230376151711744
Q 66 166 5769724951110807 576460752303423488
Q 66 168 -1496065100288605 288230376151711744
Q 66 170 5934714448235103 2305843009213693952
Q 66 172 -2820549648699793 2305843009213693952
Q 66 174 5149882107991249 9223372036854775808
Q 66 176 -4523559936512887 18446744073709551616
Q 66 178 3829129227085327 36893488147419103232
Q 66 180 -1564002480341413 36893488147419103232
Q 66 182 308631793130899 18446744073709551616
Q 66 184 -7541274840036597 1180591620717411303424
Q 66 186 43564223794015 18446744073709551616
Q 66 188 -7993146649769737 9444732965739290427392
Q 66 190 2778859342599305 9444732965739290427392
Q 66 192 -7503874388072715 75557863725914323419136
Q 66 194 4922079293603559 151115727451828646838272
Q 66 196 -1569593115975577 151115727451828646838272
Q 66 198 1947925839278799 604462909807314587353088
Q 66 200 -588366971075961 604462909807314587353088
Q 66 202 2769761359995407 9671406556917033397649408
Q 66 204 -1588466510329539 19342813113834066795298816
Q 66 206 888312565492901 38685626227668133590597632
Q 66 208 -7754132978666017 1237940039285380274899124224
Q 66 210 8257907119727521 4951760157141521099596496896
Q 66 212 -4293498199188963 9903520314283042199192993792
Q 66 214 8722117425469991 79228162514264337593543950336
Q 66 216 -8660294562372111 316912650057057350374175801344
Q 66 218 8402775400198357 1267650600228229401496703205376
Q 66 220 -7992926552384331 5070602400912917605986812821504
Q 66 222 1928383652951681 5070602400912917605986812821504
Q 66 224 -7208192588482549 81129638414606681695789005144064
Q 66 226 740353710119741 40564819207303340847894502572032
Q 66 228 -4000973062204953 324518553658426726783156020576256
Q 66 230 5300345202515585 1298074214633706907132624082305024
Q 66 232 8086211253212595 1298074214633706907132624082305024
Q 66 234 -5326459746213529 2596148429267413814265248164610048
Q 66 236 -5379241917386175 1298074214633706907132624082305024
Q 66 238 -2602829398687743 1298074214633706907132624082305024
Q 66 240 4602312077753345 649037107316853453566312041152512
Q 66 242 -5533900109828473 20769187434139310514121985316880384
Q 66 244 -1805160245071557 324518553658426726783156020576256
Q 66 246 6297922768554765 10384593717069655257060992658440192
Q 66 248 3791059016917737 649037107316853453566312041152512
Q 66 250 -4237782655699829 1298074214633706907132624082305024
Q 66 252 -5246250127958533 1298074214633706907132624082305024
Q 66 254 1844477742119817 324518553658426726783156020576256
Q 67 1 4937559246160537 36028797018963968
Q 67 3 1769540219023459 288230376151711744
Q 67 5 -5017875322068573 36028797018963968
Q 67 7 -2352587495570985 36028797018963968
Q 67 9 8033517723038425 72057594037927936
Q 67 11 2044409413609591 18014398509481984
Q 67 13 -2263647463488815 36028797018963968
Q 67 15 -1263512912186065 9007199254740992
Q 67 17 553196388488853 144115188075855872
Q 67 19 5112342730673489 36028797018963968
Q 67 21 7781114871803105 144115188075855872
Q 67 23 -1083861732270675 9007199254740992
Q 67 25 -7279907088735985 72057594037927936
Q 67 27 1474048143984621 18014398509481984
Q 67 29 591640964952267 4503599627370496
Q 67 31 -311720424923543 9007199254740992
Q 67 33 -2583183767332795 18014398509481984
Q 67 35 -3846044112870925 288230376151711744
Q 67 37 5012321340920719 36028797018963968
Q 67 39 4030232359385359 72057594037927936
Q 67 41 -2213245438596213 18014398509481984
Q 67 43 -3230636312624159 36028797018963968
Q 67 45 3594247200841707 36028797018963968
Q 67 47 8185530828964253 72057594037927936
Q 67 49 -5377282107756993 72057594037927936
Q 67 51 -4635634448939035 36028797018963968
Q 67 53 3692561861938791 72057594037927936
Q 67 55 2466213496919059 18014398509481984
Q 67 57 -4643720809931047 144115188075855872
Q 67 59 -5067543043549351 36028797018963968
Q 67 61 5518214734315181 288230376151711744
Q 67 63 5115012387044483 36028797018963968
Q 67 65 -1863034205312607 144115188075855872
Q 67 67 -5123416978263169 36028797018963968
Q 67 69 8155985691359081 576460752303423488
Q 67 71 5105092346249857 36028797018963968
Q 67 73 -6698809102336901 288230376151711744
Q 67 75 -5027093437751791 36028797018963968
Q 67 77 2910959441043111 72057594037927936
Q 67 79 300225630561135 2251799813685248
Q 67 81 -1171951694585307 18014398509481984
Q 67 83 -8589309367751695 72057594037927936
Q 67 85 1709085175840539 18014398509481984
Q 67 87 6648243360064335 72057594037927936
Q 67 89 -4477013650165191 36028797018963968
Q 67 91 -6958339810865477 144115188075855872
Q 67 93 2577837452444293 18014398509481984
Q 67 95 -3700113117794197 288230376151711744
Q 67 97 -617581156573631 4503599627370496
Q 67 99 5900423153613437 72057594037927936
Q 67 101 3338944156394129 36028797018963968
Q 67 103 -1224297561878065 9007199254740992
Q 67 105 -4521069403036183 576460752303423488
Q 67 107 5085357604030485 36028797018963968
Q 67 109 -6640866375211559 72057594037927936
Q 67 111 -5177436396986573 72057594037927936
Q 67 113 2690658452738085 18014398509481984
Q 67 115 -7750008707882029 144115188075855872
Q 67 117 -1831477069100553 18014398509481984
Q 67 119 1339214258255803 9007199254740992
Q 67 121 -6366225536974751 144115188075855872
Q 67 123 -929750002166357 9007199254740992
Q 67 125 2800490633772423 18014398509481984
Q 67 127 -649573196318295 9007199254740992
Q 67 129 -1269461617183879 18014398509481984
Q 67 131 178777689035869 1125899906842624
Q 67 133 -4795750606178473 36028797018963968
Q 67 135 5454815154039159 288230376151711744
Q 67 137 7697477099170253 72057594037927936
Q 67 139 -3118722735123081 18014398509481984
Q 67 141 2750231392429641 18014398509481984
Q 67 143 -1158112599085211 18014398509481984
Q 67 145 -3533041464564855 72057594037927936
Q 67 147 5266104898022063 36028797018963968
Q 67 149 -1833958875115279 9007199254740992
Q 67 151 3924740655668807 18014398509481984
Q 67 153 -3585309983882043 18014398509481984
Q 67 155 1459946976433837 9007199254740992
Q 67 157 -8677765150100055 72057594037927936
Q 67 159 2983226324115753 36028797018963968
Q 67 161 -1916571670579933 36028797018963968
Q 67 163 4634514534700949 144115188075855872
Q 67 165 -1325243583920749 72057594037927936
Q 67 167 5760269972296597 576460752303423488
Q 67 169 -2983493889513947 576460752303423488
Q 67 171 1477306457528065 576460752303423488
Q 67 173 -5608120831293255 4611686018427387904
Q 67 175 5111128673874449 9223372036854775808
Q 67 177 -8962808752643469 36893488147419103232
Q 67 179 1893088628662451 18446744073709551616
Q 67 181 -6173369628754535 147573952589676412928
Q 67 183 2431306256457629 147573952589676412928
Q 67 185 -3704855098748369 590295810358705651712
Q 67 187 5466505787679393 2361183241434822606848
Q 67 189 -3908764059599765 4722366482869645213696
Q 67 191 5422513371599997 18889465931478580854784
Q 67 193 -7303223769123513 75557863725914323419136
Q 67 195 4778339830268425 151115727451828646838272
Q 67 197 -379953940571859 37778931862957161709568
Q 67 199 7524701669081189 2417851639229258349412352
Q 67 201 -4533432604452085 4835703278458516698824704
Q 67 203 1330189655898553 4835703278458516698824704
Q 67 205 -6086015630462773 77371252455336267181195264
Q 67 207 6787768264271535 309485009821345068724781056
Q 67 209 -1846307376850839 309485009821345068724781056
Q 67 211 7842333334593123 4951760157141521099596496896
Q 67 213 -8131132653663739 19807040628566084398385987584
Q 67 215 8235034259029581 79228162514264337593543950336
Q 67 217 -8151569971208169 316912650057057350374175801344
Q 67 219 492217543844257 79228162514264337593543950336
Q 67 221 -7406451466649449 5070602400912917605986812821504
Q 67 223 1726637765370835 5070602400912917605986812821504
Q 67 225 -5989373745194181 81129638414606681695789005144064
Q 67 227 1250225054525065 81129638414606681695789005144064
Q 67 229 -8740603626271241 649037107316853453566312041152512
Q 67 231 2899769131796485 324518553658426726783156020576256
Q 67 233 -8877504865598203 10384593717069655257060992658440192
Q 67 235 633236331109761 162259276829213363391578010288128
Q 67 237 -4918667490193705 649037107316853453566312041152512
Q 67 239 2367349933911893 2596148429267413814265248164610048
Q 67 241 678729995393631 162259276829213363391578010288128
Q 67 243 5302208744754395 5192296858534827628530496329220096
Q 67 245 -6762367962859427 1298074214633706907132624082305024
Q 67 247 6628388540325381 10384593717069655257060992658440192
Q 67 249 3139436828307611 649037107316853453566312041152512
Q 67 251 -6895482986386997 2596148429267413814265248164610048
Q 67 253 -8950766103931307 2596148429267413814265248164610048
Q 67 255 6211160253577515 1298074214633706907132624082305024
Q 68 0 -7248846976256463 72057594037927936
Q 68 2 -6964152394493209 72057594037927936
Q 68 4 730762880728911 9007199254740992
Q 68 6 2418308742499369 18014398509481984
Q 68 8 -706717102791895 36028797018963968
Q 68 10 -323283064119029 2251799813685248
Q 68 12 -6742007135012277 144115188075855872
Q 68 14 1100142067782519 9007199254740992
Q 68 16 3689204567465039 36028797018963968
Q 68 18 -5485393611909641 72057594037927936
Q 68 20 -4905104883179141 36028797018963968
Q 68 22 2424698034769043 144115188075855872
Q 68 24 5164546199428885 36028797018963968
Q 68 26 194115750459015 4503599627370496
Q 68 28 -4531204515570719 36028797018963968
Q 68 30 -6704985152587233 72057594037927936
Q 68 32 6478426549852981 72057594037927936
Q 68 34 570065062327593 4503599627370496
Q 68 36 -6397799082484095 144115188075855872
Q 68 38 -639138730543755 4503599627370496
Q 68 40 -2888842966818603 1152921504606846976
Q 68 42 5084775702366917 36028797018963968
Q 68 44 6425193411869663 144115188075855872
Q 68 46 -4633818916559251 36028797018963968
Q 68 48 -2823178056531137 36028797018963968
Q 68 50 7892109489821915 72057594037927936
Q 68 52 3706517047631039 36028797018963968
Q 68 54 -798168143421115 9007199254740992
Q 68 56 -2143615190723339 18014398509481984
Q 68 58 627008510659839 9007199254740992
Q 68 60 4630124119047769 36028797018963968
Q 68 62 -7940823282637853 144115188075855872
Q 68 64 -1201375015612785 9007199254740992
Q 68 66 3365495618646993 72057594037927936
Q 68 68 2433678937280495 18014398509481984
Q 68 70 -6541023582596519 144115188075855872
Q 68 72 -2418940501713977 18014398509481984
Q 68 74 7443355786433711 144115188075855872
Q 68 76 2348214585270681 18014398509481984
Q 68 78 -589919334441301 9007199254740992
Q 68 80 -8745333536722883 72057594037927936
Q 68 82 6197372476098391 72057594037927936
Q 68 84 7495953540221697 72057594037927936
Q 68 86 -7958906409485709 72057594037927936
Q 68 88 -5353485996469177 72057594037927936
Q 68 90 4793694623322331 36028797018963968
Q 68 92 4187839548551371 144115188075855872
Q 68 94 -5187967228106009 36028797018963968
Q 68 96 2201499381030875 72057594037927936
Q 68 98 4690239953593825 36028797018963968
Q 68 100 -3404473569500979 36028797018963968
Q 68 102 -5765134094565487 72057594037927936
Q 68 104 5052062308204679 36028797018963968
Q 68 106 -1713408340235525 288230376151711744
Q 68 108 -1227936486818799 9007199254740992
Q 68 110 3643373180901941 36028797018963968
Q 68 112 4417020171451943 72057594037927936
Q 68 114 -2690249451396677 18014398509481984
Q 68 116 4535666048668019 72057594037927936
Q 68 118 6777984297814465 72057594037927936
Q 68 120 -5403174105382769 36028797018963968
Q 68 122 7472152166680021 144115188075855872
Q 68 124 6989761134349205 72057594037927936
Q 68 126 -350680056183433 2251799813685248
Q 68 128 5591498110120703 72057594037927936
Q 68 130 4667707014712181 72057594037927936
Q 68 132 -5652261621382521 36028797018963968
Q 68 134 4881512842059133 36028797018963968
Q 68 136 -1679750918179301 72057594037927936
Q 68 138 -7438013807733871 72057594037927936
Q 68 140 3096027754638659 18014398509481984
Q 68 142 -2768875552364227 18014398509481984
Q 68 144 4799973797813227 72057594037927936
Q 68 146 1676319083269713 36028797018963968
Q 68 148 -5194644163905061 36028797018963968
Q 68 150 3645176484314217 18014398509481984
Q 68 152 -3912733558593031 18014398509481984
Q 68 154 447478486086085 2251799813685248
Q 68 156 -5834694554648625 36028797018963968
Q 68 158 8670958603180303 72057594037927936
Q 68 160 -5959833334738297 72057594037927936
Q 68 162 7652831963198151 144115188075855872
Q 68 164 -4622181914127471 144115188075855872
Q 68 166 5280909304379831 288230376151711744
Q 68 168 -5730914817020139 576460752303423488
Q 68 170 5927785639264665 1152921504606846976
Q 68 172 -5860847186039857 2305843009213693952
Q 68 174 2776211220381769 2305843009213693952
Q 68 176 -1262715931877215 2305843009213693952
Q 68 178 2209885198062357 9223372036854775808
Q 68 180 -1863160697911167 18446744073709551616
Q 68 182 1515639800973743 36893488147419103232
Q 68 184 -297784002646241 18446744073709551616
Q 68 186 7243312672086549 1180591620717411303424
Q 68 188 -2665440264187821 1180591620717411303424
Q 68 190 3802355507405749 4722366482869645213696
Q 68 192 -5261517407972399 18889465931478580854784
Q 68 194 7068005998529851 75557863725914323419136
Q 68 196 -4612195642305913 151115727451828646838272
Q 68 198 5852049574864565 604462909807314587353088
Q 68 200 -902946724624477 302231454903657293676544
Q 68 202 4339867172618321 4835703278458516698824704
Q 68 204 -5079151712079123 19342813113834066795298816
Q 68 206 5792980170777521 77371252455336267181195264
Q 68 208 -6442158069310037 309485009821345068724781056
Q 68 210 1747149535301043 309485009821345068724781056
Q 68 212 -7399046424989095 4951760157141521099596496896
Q 68 214 7648523637473281 19807040628566084398385987584
Q 68 216 -7723246656505217 79228162514264337593543950336
Q 68 218 1905056961374739 79228162514264337593543950336
Q 68 220 -3676326071684835 633825300114114700748351602688
Q 68 222 1744191505866203 1267650600228229401496703205376
Q 68 224 -1616735174957779 5070602400912917605986812821504
Q 68 226 1444318873071067 20282409603651670423947251286016
Q 68 228 -6629119469293403 324518553658426726783156020576256
Q 68 230 6805536363254353 1298074214633706907132624082305024
Q 68 232 939509938774349 324518553658426726783156020576256
Q 68 234 -1320752428325985 1298074214633706907132624082305024
Q 68 236 -2968432058305873 1298074214633706907132624082305024
Q 68 238 -5912163060262975 5192296858534827628530496329220096
Q 68 240 641840202782645 162259276829213363391578010288128
Q 68 242 -3421744874512925 20769187434139310514121985316880384
Q 68 244 -8000499003969971 2596148429267413814265248164610048
Q 68 246 1710001488337657 5192296858534827628530496329220096
Q 68 248 4209652168956081 1298074214633706907132624082305024
Q 68 250 -4705838094751295 2596148429267413814265248164610048
Q 68 252 -5820512192947709 2596148429267413814265248164610048
Q 68 254 8186653148028485 2596148429267413814265248164610048
Q 69 1 -4946520355841531 36028797018963968
Q 69 3 -4180710318165447 288230376151711744
Q 69 5 1218701650431273 9007199254740992
Q 69 7 2904164526232859 36028797018963968
Q 69 9 -6902325388122415 72057594037927936
Q 69 11 -4616457794728377 36028797018963968
Q 69 13 4709291450550851 144115188075855872
Q 69 15 5194458098584353 36028797018963968
Q 69 17 2676313967866753 72057594037927936
Q 69 19 -4555436513614769 36028797018963968
Q 69 21 -6970276778927225 72057594037927936
Q 69 23 2941070124357129 36028797018963968
Q 69 25 4822312324530537 36028797018963968
Q 69 27 -3182598169856247 144115188075855872
Q 69 29 -2584113377432305 18014398509481984
Q 69 31 -5565457288193805 144115188075855872
Q 69 33 4596460590070109 36028797018963968
Q 69 35 6442786913134073 72057594037927936
Q 69 37 -6716577576674763 72057594037927936
Q 69 39 -8926982435721483 72057594037927936
Q 69 41 7104400554539847 144115188075855872
Q 69 43 316528079866633 2251799813685248
Q 69 45 -4756285564230353 1152921504606846976
Q 69 47 -638703244512725 4503599627370496
Q 69 49 -5230601981442207 144115188075855872
Q 69 51 2381158398774483 18014398509481984
Q 69 53 2476568110031809 36028797018963968
Q 69 55 -8412881927819159 72057594037927936
Q 69 57 -6658305417119605 72057594037927936
Q 69 59 3606896447300297 36028797018963968
Q 69 61 7788798496219871 72057594037927936
Q 69 63 -6181655522051795 72057594037927936
Q 69 65 -2113385304222803 18014398509481984
Q 69 67 1372673137031831 18014398509481984
Q 69 69 8756367279807829 72057594037927936
Q 69 71 -5247672642341663 72057594037927936
Q 69 73 -2188523857455789 18014398509481984
Q 69 75 5505327092107039 72057594037927936
Q 69 77 4214031692564235 36028797018963968
Q 69 79 -6262341738598317 72057594037927936
Q 69 81 -3834497908777499 36028797018963968
Q 69 83 7438848917809497 72057594037927936
Q 69 85 3141185604064829 36028797018963968
Q 69 87 -1102780451053463 9007199254740992
Q 69 89 -2017250259081899 36028797018963968
Q 69 91 4996520388557839 36028797018963968
Q 69 93 6183027136006535 576460752303423488
Q 69 95 -321059585914125 2251799813685248
Q 69 97 6697690284646271 144115188075855872
Q 69 99 8801159505419549 72057594037927936
Q 69 101 -7566173528517269 72057594037927936
Q 69 103 -2435739987438839 36028797018963968
Q 69 105 1287003604775349 9007199254740992
Q 69 107 -5313957581926053 288230376151711744
Q 69 109 -4719733997115935 36028797018963968
Q 69 111 978052955928203 9007199254740992
Q 69 113 1854568651438491 36028797018963968
Q 69 115 -5353888816255159 36028797018963968
Q 69 117 2552548027251833 36028797018963968
Q 69 119 6267573729746355 72057594037927936
Q 69 121 -2713365041656799 18014398509481984
Q 69 123 8419783456659719 144115188075855872
Q 69 125 411446032307331 4503599627370496
Q 69 127 -2803842565944075 18014398509481984
Q 69 129 1479808591047169 18014398509481984
Q 69 131 8625292285075555 144115188075855872
Q 69 133 -5586777408493271 36028797018963968
Q 69 135 2473213234261543 18014398509481984
Q 69 137 -1935946291332685 72057594037927936
Q 69 139 -7221738418472251 72057594037927936
Q 69 141 768762796421287 4503599627370496
Q 69 143 -86891592964459 562949953421312
Q 69 145 2460340424181179 36028797018963968
Q 69 147 6437605072759007 144115188075855872
Q 69 149 -5139581974502745 36028797018963968
Q 69 151 7251972699730831 36028797018963968
Q 69 153 -7800418151230333 36028797018963968
Q 69 155 7142461287024997 36028797018963968
Q 69 157 -2910629918681009 18014398509481984
Q 69 159 8647813333383489 72057594037927936
Q 69 161 -5939689313951771 72057594037927936
Q 69 163 3809726686776099 72057594037927936
Q 69 165 -4596455406494033 144115188075855872
Q 69 167 1311040611208943 72057594037927936
Q 69 169 -1420531217225555 144115188075855872
Q 69 171 733407274560097 144115188075855872
Q 69 173 -5790316840722563 2305843009213693952
Q 69 175 5474854847441463 4611686018427387904
Q 69 177 -77656470768515 144115188075855872
Q 69 179 8679231367106755 36893488147419103232
Q 69 181 -7301005636240599 73786976294838206464
Q 69 183 2962671415130565 73786976294838206464
Q 69 185 -4645483915304899 295147905179352825856
Q 69 187 3522397901737941 590295810358705651712
Q 69 189 -646447585779783 295147905179352825856
Q 69 191 7358238122921909 9444732965739290427392
Q 69 193 -5077433974549245 18889465931478580854784
Q 69 195 6802199327695789 75557863725914323419136
Q 69 197 -8852946889124769 302231454903657293676544
Q 69 199 2800307680361371 302231454903657293676544
Q 69 201 -3446741155361205 1208925819614629174706176
Q 69 203 4129563693093121 4835703278458516698824704
Q 69 205 -4818851827740917 19342813113834066795298816
Q 69 207 2739892744391985 38685626227668133590597632
Q 69 209 -6075575883083631 309485009821345068724781056
Q 69 211 6570934238259579 1237940039285380274899124224
Q 69 213 -3467781602699671 2475880078570760549798248448
Q 69 215 7147310797838559 19807040628566084398385987584
Q 69 217 -899316714008031 9903520314283042199192993792
Q 69 219 7074962389059307 316912650057057350374175801344
Q 69 221 -6796543723832845 1267650600228229401496703205376
Q 69 223 3198444937061223 2535301200456458802993406410752
Q 69 225 -5850853332781971 20282409603651670423947251286016
Q 69 227 2615622077151955 40564819207303340847894502572032
Q 69 229 -6330006419493633 324518553658426726783156020576256
Q 69 231 300704575150919 40564819207303340847894502572032
Q 69 233 -5668934779700101 5192296858534827628530496329220096
Q 69 235 5682196681238207 2596148429267413814265248164610048
Q 69 237 -1298959950944851 324518553658426726783156020576256
Q 69 239 5047011223051905 10384593717069655257060992658440192
Q 69 241 5627701742719853 2596148429267413814265248164610048
Q 69 243 1379064980646829 2596148429267413814265248164610048
Q 69 245 -7066930609831557 2596148429267413814265248164610048
Q 69 247 6946379093014451 20769187434139310514121985316880384
Q 69 249 1637021897118177 649037107316853453566312041152512
Q 69 251 -7192118553714019 5192296858534827628530496329220096
Q 69 253 -4669860284476873 2596148429267413814265248164610048
Q 69 255 6480906342639575 2596148429267413814265248164610048
Q 70 0 -1792397142484509 18014398509481984
Q 70 2 -3634704759769273 36028797018963968
Q 70 4 5188027886307627 72057594037927936
Q 70 6 625914758025755 4503599627370496
Q 70 8 4739391933866855 9223372036854775808
Q 70 10 -625771459981385 4503599627370496
Q 70 12 -662854471618277 9007199254740992
Q 70 14 7244399930002679 72057594037927936
Q 70 16 4530687693168125 36028797018963968
Q 70 18 -2597156822110641 72057594037927936
Q 70 20 -2594575650326609 18014398509481984
Q 70 22 -5163532531173161 144115188075855872
Q 70 24 2278090375252507 18014398509481984
Q 70 26 3484713655621733 36028797018963968
Q 70 28 -5827202344904379 72057594037927936
Q 70 30 -2413373713717245 18014398509481984
Q 70 32 747191716060367 36028797018963968
Q 70 34 1288228749287795 9007199254740992
Q 70 36 2864971404455575 72057594037927936
Q 70 38 -4567337255004987 36028797018963968
Q 70 40 -3231613118780241 36028797018963968
Q 70 42 3345381613323989 36028797018963968
Q 70 44 4441285399818449 36028797018963968
Q 70 46 -7266692036432433 144115188075855872
Q 70 48 -1258409144430441 9007199254740992
Q 70 50 1084184310591177 144115188075855872
Q 70 52 2555771411624139 18014398509481984
Q 70 54 4368844764184039 144115188075855872
Q 70 56 -4843634770685747 36028797018963968
Q 70 58 -8691973995677657 144115188075855872
Q 70 60 8817483549037085 72057594037927936
Q 70 62 5901045368723153 72057594037927936
Q 70 64 -61890011557815 562949953421312
Q 70 66 -6902234134346175 72057594037927936
Q 70 68 7230425515145281 72057594037927936
Q 70 70 928937176275275 9007199254740992
Q 70 72 -3446513142367621 36028797018963968
Q 70 74 -7547395188494289 72057594037927936
Q 70 76 6988009481722227 72057594037927936
Q 70 78 7248487315948607 72057594037927936
Q 70 80 -7522754783956451 72057594037927936
Q 70 82 -1613587896047789 18014398509481984
Q 70 84 4207256043422123 36028797018963968
Q 70 86 5010791272640779 72057594037927936
Q 70 88 -1180688961509387 9007199254740992
Q 70 90 -342099572283307 9007199254740992
Q 70 92 5101187203643511 36028797018963968
Q 70 94 -7327972244553049 1152921504606846976
Q 70 96 -2510460002077793 18014398509481984
Q 70 98 8723259265466839 144115188075855872
Q 70 100 8176233776747215 72057594037927936
Q 70 102 -4092139566460507 36028797018963968
Q 70 104 -8035145683163839 144115188075855872
Q 70 106 5196024692872007 36028797018963968
Q 70 108 -8526612990714611 288230376151711744
Q 70 110 -4519524752573341 36028797018963968
Q 70 112 8264834714598835 72057594037927936
Q 70 114 765650011641099 18014398509481984
Q 70 116 -1327312504863895 9007199254740992
Q 70 118 2794225838006867 36028797018963968
Q 70 120 5802861275662279 72057594037927936
Q 70 122 -5433113912542947 36028797018963968
Q 70 124 4608185295547227 72057594037927936
Q 70 126 6223443437166307 72057594037927936
Q 70 128 -1398846776940379 9007199254740992
Q 70 130 6183842114629863 72057594037927936
Q 70 132 8028790216737205 144115188075855872
Q 70 134 -690857871875605 4503599627370496
Q 70 136 2496296549252269 18014398509481984
Q 70 138 -8534920668648269 288230376151711744
Q 70 140 -3524907050068655 36028797018963968
Q 70 142 1528192999932695 9007199254740992
Q 70 144 -348219117217213 2251799813685248
Q 70 146 2497981801162087 36028797018963968
Q 70 148 3130998427580765 72057594037927936
Q 70 150 -5100933743273321 36028797018963968
Q 70 152 7220840593712237 36028797018963968
Q 70 154 -7774514760949361 36028797018963968
Q 70 156 7119211157997013 36028797018963968
Q 70 158 -5799642802501617 36028797018963968
Q 70 160 2152153425285663 18014398509481984
Q 70 162 -5906267770691467 72057594037927936
Q 70 164 3783280114256801 72057594037927936
Q 70 166 -4557653324402513 144115188075855872
Q 70 168 5191196242859307 288230376151711744
Q 70 170 -5614527807283877 576460752303423488
Q 70 172 2893101616315355 576460752303423488
Q 70 174 -5698587756857865 2305843009213693952
Q 70 176 2688245930303721 2305843009213693952
Q 70 178 -4869725324259407 9223372036854775808
Q 70 180 8484201338710217 36893488147419103232
Q 70 182 -3559841261835773 36893488147419103232
Q 70 184 2881892016329879 73786976294838206464
Q 70 186 -2253625973226813 147573952589676412928
Q 70 188 6817237850565177 1180591620717411303424
Q 70 190 -4991107549528393 2361183241434822606848
Q 70 192 7082021091099443 9444732965739290427392
Q 70 194 -4873210599108135 18889465931478580854784
Q 70 196 3255045019892587 37778931862957161709568
Q 70 198 -4224184003801643 151115727451828646838272
Q 70 200 333065675136995 37778931862957161709568
Q 70 202 -3269903325822067 1208925819614629174706176
Q 70 204 7811898530515097 9671406556917033397649408
Q 70 206 -4544093281283677 19342813113834066795298816
Q 70 208 1287877398028053 19342813113834066795298816
Q 70 210 -5693937549756201 309485009821345068724781056
Q 70 212 6138957901197257 1237940039285380274899124224
Q 70 214 -6459246095433845 4951760157141521099596496896
Q 70 216 3317640527528067 9903520314283042199192993792
Q 70 218 -6657657497695413 79228162514264337593543950336
Q 70 220 6526687495896331 316912650057057350374175801344
Q 70 222 -3122802669104679 633825300114114700748351602688
Q 70 224 5845903846836327 5070602400912917605986812821504
Q 70 226 -5371805021890811 20282409603651670423947251286016
Q 70 228 8943272245363357 162259276829213363391578010288128
Q 70 230 -7341187341403407 649037107316853453566312041152512
Q 70 232 7712030787675119 1298074214633706907132624082305024
Q 70 234 -8317566041172803 5192296858534827628530496329220096
Q 70 236 -4947501934518725 2596148429267413814265248164610048
Q 70 238 -5381059245904537 5192296858534827628530496329220096
Q 70 240 4593458965495123 1298074214633706907132624082305024
Q 70 242 -5976401672059365 41538374868278621028243970633760768
Q 70 244 -7149707695712091 2596148429267413814265248164610048
Q 70 246 191807190686737 649037107316853453566312041152512
Q 70 248 7519443260514453 2596148429267413814265248164610048
Q 70 250 -8401715746759085 5192296858534827628530496329220096
Q 70 252 -1299538306072539 649037107316853453566312041152512
Q 70 254 913862218412705 324518553658426726783156020576256
Q 71 1 -4953778011745657 36028797018963968
Q 71 3 -6575880802307737 288230376151711744
Q 71 5 4693574687289083 36028797018963968
Q 71 7 6823594380789739 72057594037927936
Q 71 9 -5607557723895963 72057594037927936
Q 71 11 -2490404233026671 18014398509481984
Q 71 13 4589537956255515 4611686018427387904
Q 71 15 5002682001565763 36028797018963968
Q 71 17 5405298235886299 72057594037927936
Q 71 19 -3540496431560005 36028797018963968
Q 71 21 -4594940497454883 36028797018963968
Q 71 23 8974455807714453 288230376151711744
Q 71 25 5176034801501301 36028797018963968
Q 71 27 6031288495903761 144115188075855872
Q 71 29 -8852020516068655 72057594037927936
Q 71 31 -3660239506385599 36028797018963968
Q 71 33 5381029285269183 72057594037927936
Q 71 35 2450683058110391 18014398509481984
Q 71 37 -7953646660356203 576460752303423488
Q 71 39 -39974158975317 281474976710656
Q 71 41 -6558874577725455 144115188075855872
Q 71 43 8916973138336581 72057594037927936
Q 71 45 3353985449623647 36028797018963968
Q 71 47 -6457123318747897 72057594037927936
Q 71 49 -4478024295188131 36028797018963968
Q 71 51 3512720680745443 72057594037927936
Q 71 53 5020047270699639 36028797018963968
Q 71 55 -2500660019674251 288230376151711744
Q 71 57 -5103167505243045 36028797018963968
Q 71 59 -7429463795194683 288230376151711744
Q 71 61 2449511611044579 18014398509481984
Q 71 63 7548898525757847 144115188075855872
Q 71 65 -4576950875366703 36028797018963968
Q 71 67 -1275167544642577 18014398509481984
Q 71 69 4275292692795481 36028797018963968
Q 71 71 2938947909726683 36028797018963968
Q 71 73 -4091023886791599 36028797018963968
Q 71 75 -3076862098737117 36028797018963968
Q 71 77 8157970090790333 72057594037927936
Q 71 79 2968047562063523 36028797018963968
Q 71 81 -8502714327978325 72057594037927936
Q 71 83 -1292145173970869 18014398509481984
Q 71 85 4569913702122505 36028797018963968
Q 71 87 7466185090728119 144115188075855872
Q 71 89 -4927654396867221 36028797018963968
Q 71 91 -2990864193716515 144115188075855872
Q 71 93 5124495844487577 36028797018963968
Q 71 95 -1581775640096763 72057594037927936
Q 71 97 -1214287095195613 9007199254740992
Q 71 99 2620281182855927 36028797018963968
Q 71 101 3767020649877043 36028797018963968
Q 71 103 -8677853101203857 72057594037927936
Q 71 105 -3219145272299761 72057594037927936
Q 71 107 650817143144105 4503599627370496
Q 71 109 -1418689829915647 36028797018963968
Q 71 111 -1079956048935055 9007199254740992
Q 71 113 1077404475465461 9007199254740992
Q 71 115 4967221470598573 144115188075855872
Q 71 117 -656677169636589 4503599627370496
Q 71 119 5991391479671113 72057594037927936
Q 71 121 2695046485220007 36028797018963968
Q 71 123 -5427209179833889 36028797018963968
Q 71 125 4934776166413071 72057594037927936
Q 71 127 369665727068347 4503599627370496
Q 71 129 -5577346064962971 36028797018963968
Q 71 131 3194540930644135 36028797018963968
Q 71 133 3773973608206301 72057594037927936
Q 71 135 -5474414199489713 36028797018963968
Q 71 137 2510879670292863 18014398509481984
Q 71 139 -2274520297424067 72057594037927936
Q 71 141 -1730717502053519 18014398509481984
Q 71 143 6080894825714033 36028797018963968
Q 71 145 -5569925896267549 36028797018963968
Q 71 147 2513509742715321 36028797018963968
Q 71 149 6177150306001109 144115188075855872
Q 71 151 -5078572696331085 36028797018963968
Q 71 153 7196949228717333 36028797018963968
Q 71 155 -968477580210495 4503599627370496
Q 71 157 1772503976146269 9007199254740992
Q 71 159 -5769983919901079 36028797018963968
Q 71 161 8553664928179453 72057594037927936
Q 71 163 -5859862291303963 72057594037927936
Q 71 165 7494660735967947 144115188075855872
Q 71 167 -2253088075777389 72057594037927936
Q 71 169 2561295499057793 144115188075855872
Q 71 171 -2764451515537737 288230376151711744
Q 71 173 5685597703456681 1152921504606846976
Q 71 175 -698351169861911 288230376151711744
Q 71 177 1314652230867569 1152921504606846976
Q 71 179 -4751337539580009 9223372036854775808
Q 71 181 2064281792777823 9223372036854775808
Q 71 183 -6911220502450853 73786976294838206464
Q 71 185 5580198866312475 147573952589676412928
Q 71 187 -543983119374537 36893488147419103232
Q 71 189 6564009152306355 1180591620717411303424
Q 71 191 -4792167955071747 2361183241434822606848
Q 71 193 847530695592847 1180591620717411303424
Q 71 195 -1162991747107315 4722366482869645213696
Q 71 197 48407552893151 590295810358705651712
Q 71 199 -8016895145757841 302231454903657293676544
Q 71 201 2520775972403197 302231454903657293676544
Q 71 203 -3084004957533177 1208925819614629174706176
Q 71 205 3672469949621743 4835703278458516698824704
Q 71 207 -8518184214270377 38685626227668133590597632
Q 71 209 2406578038467063 38685626227668133590597632
Q 71 211 -2651502423191773 154742504910672534362390528
Q 71 213 5699106333277677 1237940039285380274899124224
Q 71 215 -5977037449288791 4951760157141521099596496896
Q 71 217 3059978268616557 9903520314283042199192993792
Q 71 219 -765101975872597 9903520314283042199192993792
Q 71 221 5982656049407433 316912650057057350374175801344
Q 71 223 -1428199454289389 316912650057057350374175801344
Q 71 225 5344306151985579 5070602400912917605986812821504
Q 71 227 -2444893611312065 10141204801825835211973625643008
Q 71 229 1966641913183811 40564819207303340847894502572032
Q 71 231 -4792916156906945 649037107316853453566312041152512
Q 71 233 2684910303015255 1298074214633706907132624082305024
Q 71 235 4025246937844795 2596148429267413814265248164610048
Q 71 237 -629366109307293 162259276829213363391578010288128
Q 71 239 601524146475611 1298074214633706907132624082305024
Q 71 241 177161655443445 81129638414606681695789005144064
Q 71 243 685065933904011 1298074214633706907132624082305024
Q 71 245 -7063266297716185 2596148429267413814265248164610048
Q 71 247 6877401731592965 20769187434139310514121985316880384
Q 71 249 6563225510550949 2596148429267413814265248164610048
Q 71 251 -7208565084771299 5192296858534827628530496329220096
Q 71 253 -4674154638818309 2596148429267413814265248164610048
Q 71 255 6489125527421235 2596148429267413814265248164610048
Q 72 0 7091768956696509 72057594037927936
Q 72 2 3782103825574859 36028797018963968
Q 72 4 -562924018287173 9007199254740992
Q 72 6 -5122374996605403 36028797018963968
Q 72 8 -2971692292706935 144115188075855872
Q 72 10 1173310154340441 9007199254740992
Q 72 12 7012541686766345 72057594037927936
Q 72 14 -2642007162217627 36028797018963968
Q 72 16 -5043379324235199 36028797018963968
Q 72 18 -1046192238211333 144115188075855872
Q 72 20 4895283108566709 36028797018963968
Q 72 22 6024009143776317 72057594037927936
Q 72 24 -6457090369825111 72057594037927936
Q 72 26 -298095333915197 2251799813685248
Q 72 28 2722220931875683 144115188075855872
Q 72 30 5125923059018449 36028797018963968
Q 72 32 1942264653488443 36028797018963968
Q 72 34 -8313127574139311 72057594037927936
Q 72 36 -7923411814335209 72057594037927936
Q 72 38 2287952883257653 36028797018963968
Q 72 40 625846490585223 4503599627370496
Q 72 42 -5126367348497311 2305843009213693952
Q 72 44 -2520416406519095 18014398509481984
Q 72 46 -7887033862688495 144115188075855872
Q 72 48 2137057792940815 18014398509481984
Q 72 50 1776383393609429 18014398509481984
Q 72 52 -6060506510332255 72057594037927936
Q 72 54 -4551378387153841 36028797018963968
Q 72 56 6510950101287853 144115188075855872
Q 72 58 1254222379118039 9007199254740992
Q 72 60 -4934090016023071 576460752303423488
Q 72 62 -5090675896456667 36028797018963968
Q 72 64 -6272945131437495 288230376151711744
Q 72 66 4942325500715507 36028797018963968
Q 72 68 794927532641881 18014398509481984
Q 72 70 -2363031866609541 18014398509481984
Q 72 72 -131339074296991 2251799813685248
Q 72 74 4558696444416009 36028797018963968
Q 72 76 4661074145896397 72057594037927936
Q 72 78 -2255974411028987 18014398509481984
Q 72 80 -4562440609346825 72057594037927936
Q 72 82 4609425279145845 36028797018963968
Q 72 84 1934036101725283 36028797018963968
Q 72 86 -4819695379182037 36028797018963968
Q 72 88 -2490486110724713 72057594037927936
Q 72 90 2520621079539603 18014398509481984
Q 72 92 5372949269321711 1152921504606846976
Q 72 94 -5083275386775503 36028797018963968
Q 72 96 2589093875669499 72057594037927936
Q 72 98 2330696860398483 18014398509481984
Q 72 100 -2995457914504473 36028797018963968
Q 72 102 -6898331137808979 72057594037927936
Q 72 104 141604127441611 1125899906842624
Q 72 106 4975340523753423 144115188075855872
Q 72 108 -5189179399243851 36028797018963968
Q 72 110 1723757823114101 36028797018963968
Q 72 112 8255802893011413 72057594037927936
Q 72 114 -1112329665952673 9007199254740992
Q 72 116 -7905031384458881 288230376151711744
Q 72 118 2596134880293915 18014398509481984
Q 72 120 -1579915302926385 18014398509481984
Q 72 122 -629234180578981 9007199254740992
Q 72 124 5413168386076683 36028797018963968
Q 72 126 -5193416460969505 72057594037927936
Q 72 128 -5659585782663475 72057594037927936
Q 72 130 5556291639280195 36028797018963968
Q 72 132 -6538295374949833 72057594037927936
Q 72 134 -897957278249391 18014398509481984
Q 72 136 5430822882598151 36028797018963968
Q 72 138 -5035304008405319 36028797018963968
Q 72 140 1179823324829633 36028797018963968
Q 72 142 6841060384503433 72057594037927936
Q 72 144 -6054961504800663 36028797018963968
Q 72 146 2778450003027749 18014398509481984
Q 72 148 -5014840774785731 72057594037927936
Q 72 150 -3090783384499677 72057594037927936
Q 72 152 634029695218591 4503599627370496
Q 72 154 -3590072045113431 18014398509481984
Q 72 156 1930071819955609 9007199254740992
Q 72 158 -7054924570714213 36028797018963968
Q 72 160 5732406196650485 36028797018963968
Q 72 162 -2120823230958653 18014398509481984
Q 72 164 5800811172135553 72057594037927936
Q 72 166 -7404357288208631 144115188075855872
Q 72 168 555312726234433 18014398509481984
Q 72 170 -5039036820315327 288230376151711744
Q 72 172 5426169665391193 576460752303423488
Q 72 174 -2783290703037859 576460752303423488
Q 72 176 5456307016361337 2305843009213693952
Q 72 178 -5122659101702977 4611686018427387904
Q 72 180 2308179707569265 4611686018427387904
Q 72 182 -4000493147307673 18446744073709551616
Q 72 184 834802570526105 9223372036854775808
Q 72 186 -5377105867130821 147573952589676412928
Q 72 188 4181492229199267 295147905179352825856
Q 72 190 -6288696374061251 1180591620717411303424
Q 72 192 1144403145526021 590295810358705651712
Q 72 194 -3228637367584483 4722366482869645213696
Q 72 196 276057661971713 1180591620717411303424
Q 72 198 -2932507910781489 37778931862957161709568
Q 72 200 945605255584037 37778931862957161709568
Q 72 202 -74098791557587 9444732965739290427392
Q 72 204 1445877990980453 604462909807314587353088
Q 72 206 -858127742675639 1208925819614629174706176
Q 72 208 7935897137310541 38685626227668133590597632
Q 72 210 -4469543047980891 77371252455336267181195264
Q 72 212 4908281322712545 309485009821345068724781056
Q 72 214 -2628747048469793 618970019642690137449562112
Q 72 216 2747765777376519 2475880078570760549798248448
Q 72 218 -1402047983136663 4951760157141521099596496896
Q 72 220 5589462159540663 79228162514264337593543950336
Q 72 222 -5438326558611003 316912650057057350374175801344
Q 72 224 5173183953176887 1267650600228229401496703205376
Q 72 226 -4822835286465943 5070602400912917605986812821504
Q 72 228 1050453396069167 5070602400912917605986812821504
Q 72 230 -7241208107078465 162259276829213363391578010288128
Q 72 232 5708490814804025 324518553658426726783156020576256
Q 72 234 -6046039824490309 1298074214633706907132624082305024
Q 72 236 -5034512557200683 1298074214633706907132624082305024
Q 72 238 -6286734484845395 2596148429267413814265248164610048
Q 72 240 5122930989182317 649037107316853453566312041152512
Q 72 242 -1895615209610267 5192296858534827628530496329220096
Q 72 244 -7874606485534259 1298074214633706907132624082305024
Q 72 246 6689816703134431 10384593717069655257060992658440192
Q 72 248 8318192303587215 1298074214633706907132624082305024
Q 72 250 -1161955476658969 324518553658426726783156020576256
Q 72 252 -2873313363445129 649037107316853453566312041152512
Q 72 254 4041968338656145 649037107316853453566312041152512
Q 73 1 4959337473994139 36028797018963968
Q 73 3 8952079582472551 288230376151711744
Q 73 5 -8950628346296407 72057594037927936
Q 73 7 -1934446268246719 18014398509481984
Q 73 9 2089069233305643 36028797018963968
Q 73 11 2584956622007937 18014398509481984
Q 73 13 8858393083954251 288230376151711744
Q 73 15 -8982473913026151 72057594037927936
Q 73 17 -1923382115694347 18014398509481984
Q 73 19 8676680682676837 144115188075855872
Q 73 21 5141996965250875 36028797018963968
Q 73 23 6872614205610831 288230376151711744
Q 73 25 -4643965185051325 36028797018963968
Q 73 27 -1754415721395073 18014398509481984
Q 73 29 1339432717109363 18014398509481984
Q 73 31 4979182751020187 36028797018963968
Q 73 33 -1681794263520341 9223372036854775808
Q 73 35 -622844582264633 4503599627370496
Q 73 37 -5069767580514177 72057594037927936
Q 73 39 3726808650094379 36028797018963968
Q 73 41 8648694200982575 72057594037927936
Q 73 43 -3440833345668293 72057594037927936
Q 73 45 -5093463306225453 36028797018963968
Q 73 47 -1863761892399147 144115188075855872
Q 73 49 4902159803116143 36028797018963968
Q 73 51 4768318991801611 72057594037927936
Q 73 53 -8034771688591673 72057594037927936
Q 73 55 -947703931979329 9007199254740992
Q 73 57 5545356493490685 72057594037927936
Q 73 59 4638634494273933 36028797018963968
Q 73 61 -1462824714095033 36028797018963968
Q 73 63 -2508173339777573 18014398509481984
Q 73 65 2343967350207519 288230376151711744
Q 73 67 5077136068678483 36028797018963968
Q 73 69 156266687666751 9007199254740992
Q 73 71 -4981246417472489 36028797018963968
Q 73 73 -1248913516696245 36028797018963968
Q 73 75 1215264128885643 9007199254740992
Q 73 77 6287772559084601 144115188075855872
Q 73 79 -4804700523907125 36028797018963968
Q 73 81 -3186781523348005 72057594037927936
Q 73 83 75764014132371 562949953421312
Q 73 85 1298934201096175 36028797018963968
Q 73 87 -4971683460961431 36028797018963968
Q 73 89 -5255992055661991 288230376151711744
Q 73 91 5079776510719627 36028797018963968
Q 73 93 -1450275458020527 144115188075855872
Q 73 95 -4993597201937767 36028797018963968
Q 73 97 1738329802558963 36028797018963968
Q 73 99 277974359825243 2251799813685248
Q 73 101 -6621102254179023 72057594037927936
Q 73 103 -3144241151623541 36028797018963968
Q 73 105 73083398543329 562949953421312
Q 73 107 7324243308975265 288230376151711744
Q 73 109 -5152583697894901 36028797018963968
Q 73 111 7930934527110919 144115188075855872
Q 73 113 7899382513240047 72057594037927936
Q 73 115 -2278342517994227 18014398509481984
Q 73 117 -1542975075932641 72057594037927936
Q 73 119 5130736634505491 36028797018963968
Q 73 121 -6578763190198699 72057594037927936
Q 73 123 -2368720256634463 36028797018963968
Q 73 125 2697204000892731 18014398509481984
Q 73 127 -1346896604473373 18014398509481984
Q 73 129 -1365025891959695 18014398509481984
Q 73 131 5534336928922667 36028797018963968
Q 73 133 -3317155533695137 36028797018963968
Q 73 135 -1733974684847257 36028797018963968
Q 73 137 1349251269030465 9007199254740992
Q 73 139 -2517116859433215 18014398509481984
Q 73 141 4780615044601105 144115188075855872
Q 73 143 6804110158912135 72057594037927936
Q 73 145 -3017568952257527 18014398509481984
Q 73 147 2766373645140997 18014398509481984
Q 73 149 -4960213792720723 72057594037927936
Q 73 151 -784195908735561 18014398509481984
Q 73 153 2540769309938491 18014398509481984
Q 73 155 -448133120107129 2251799813685248
Q 73 157 1922939860603005 9007199254740992
Q 73 159 -7013928608558629 36028797018963968
Q 73 161 5687017211846715 36028797018963968
Q 73 163 -4198922573590215 36028797018963968
Q 73 165 2864748053975847 36028797018963968
Q 73 167 -7296341732416371 144115188075855872
Q 73 169 8734361163157605 288230376151711744
Q 73 171 -4941324847856215 288230376151711744
Q 73 173 5307373328393767 576460752303423488
Q 73 175 -1357609749527779 288230376151711744
Q 73 177 5308559599372285 2305843009213693952
Q 73 179 -4970247042349297 4611686018427387904
Q 73 181 4466439691850655 9223372036854775808
Q 73 183 -7718999074130793 36893488147419103232
Q 73 185 3212140662303203 36893488147419103232
Q 73 187 -2578587052880595 73786976294838206464
Q 73 189 3998409855822149 295147905179352825856
Q 73 191 -2997512885434739 590295810358705651712
Q 73 193 8700748447913063 4722366482869645213696
Q 73 195 -1529388520594185 2361183241434822606848
Q 73 197 8342651994399097 37778931862957161709568
Q 73 199 -2760610244266049 37778931862957161709568
Q 73 201 3549228736188883 151115727451828646838272
Q 73 203 -8870966332098243 1208925819614629174706176
Q 73 205 2695786440702729 1208925819614629174706176
Q 73 207 -398665669796011 604462909807314587353088
Q 73 209 3674563273236207 19342813113834066795298816
Q 73 211 -8250419079246499 154742504910672534362390528
Q 73 213 564360313357329 38685626227668133590597632
Q 73 215 -4819713145951447 1237940039285380274899124224
Q 73 217 1225776672049 1208925819614629174706176
Q 73 219 -2553175001808839 9903520314283042199192993792
Q 73 221 2536436847822253 39614081257132168796771975168
Q 73 223 -4922500291453065 316912650057057350374175801344
Q 73 225 4674567365200917 1267650600228229401496703205376
Q 73 227 -8682552340606795 10141204801825835211973625643008
Q 73 229 928964795322241 5070602400912917605986812821504
Q 73 231 -5535466911473265 162259276829213363391578010288128
Q 73 233 2800124457464761 324518553658426726783156020576256
Q 73 235 2837364069067197 1298074214633706907132624082305024
Q 73 237 -2547336121703003 324518553658426726783156020576256
Q 73 239 576125499029247 649037107316853453566312041152512
Q 73 241 749106467181835 162259276829213363391578010288128
Q 73 243 5712354873600455 5192296858534827628530496329220096
Q 73 245 -7393809489804321 1298074214633706907132624082305024
Q 73 247 1800669318008329 2596148429267413814265248164610048
Q 73 249 6876714040157851 1298074214633706907132624082305024
Q 73 251 -7550118325400549 2596148429267413814265248164610048
Q 73 253 -4897215469219279 1298074214633706907132624082305024
Q 73 255 6798532891111775 1298074214633706907132624082305024
Q 74 0 -3507612313574377 36028797018963968
Q 74 2 -3924320834076275 36028797018963968
Q 74 4 1897243239169937 36028797018963968
Q 74 6 2590334363906991 18014398509481984
Q 74 8 5815716190377393 144115188075855872
Q 74 10 -2121140889090131 18014398509481984
Q 74 12 -4215959990204547 36028797018963968
Q 74 14 6052499160426275 144115188075855872
Q 74 16 2595546913464663 18014398509481984
Q 74 18 7194133128119627 144115188075855872
Q 74 20 -8112297694922775 72057594037927936
Q 74 22 -2164993363113429 18014398509481984
Q 74 24 5561918064556715 144115188075855872
Q 74 26 5173627881506285 36028797018963968
Q 74 28 3390730317899727 72057594037927936
Q 74 30 -8362103815172903 72057594037927936
Q 74 32 -4094925824817785 36028797018963968
Q 74 34 7529415831718541 144115188075855872
Q 74 36 1281663602819705 9007199254740992
Q 74 38 6838276758212671 288230376151711744
Q 74 40 -2341572368501813 18014398509481984
Q 74 42 -6422744669191065 72057594037927936
Q 74 44 6240845277147367 72057594037927936
Q 74 46 1168934182476371 9007199254740992
Q 74 48 -4044910775526813 144115188075855872
Q 74 50 -5112754394077099 36028797018963968
Q 74 52 -4387965137631587 144115188075855872
Q 74 54 4683025989850611 36028797018963968
Q 74 56 5663023929458581 72057594037927936
Q 74 58 -7394247002494273 72057594037927936
Q 74 60 -4033876868808005 36028797018963968
Q 74 62 4962457436102201 72057594037927936
Q 74 64 2360393926407255 18014398509481984
Q 74 66 -80888203832559 2251799813685248
Q 74 68 -5012332973163959 36028797018963968
Q 74 70 4807140463900785 576460752303423488
Q 74 72 5063565162399821 36028797018963968
Q 74 74 6687536719073021 576460752303423488
Q 74 76 -313535080398075 2251799813685248
Q 74 78 -6646388063975877 288230376151711744
Q 74 80 4973953006559577 36028797018963968
Q 74 82 7422484915271427 288230376151711744
Q 74 84 -2493054102128171 18014398509481984
Q 74 86 -5568190044897561 288230376151711744
Q 74 88 2521136455726399 18014398509481984
Q 74 90 3607729656681931 1152921504606846976
Q 74 92 -5059357235160749 36028797018963968
Q 74 94 3355115950049803 144115188075855872
Q 74 96 4870245239393361 36028797018963968
Q 74 98 -8491575548720911 144115188075855872
Q 74 100 -4227730417676661 36028797018963968
Q 74 102 446340349934963 4503599627370496
Q 74 104 2859943817462807 36028797018963968
Q 74 106 -598080296724219 4503599627370496
Q 74 108 -5017451401826083 288230376151711744
Q 74 110 2552144642524505 18014398509481984
Q 74 112 -8791111585379047 144115188075855872
Q 74 114 -3789919945923843 36028797018963968
Q 74 116 4636382403202145 36028797018963968
Q 74 118 4739798846943895 288230376151711744
Q 74 120 -5072826521872233 36028797018963968
Q 74 122 6773701046118213 72057594037927936
Q 74 124 9005815603253507 144115188075855872
Q 74 126 -5373617701219657 36028797018963968
Q 74 128 5520341035452359 72057594037927936
Q 74 130 2658622641458721 36028797018963968
Q 74 132 -5512996797902221 36028797018963968
Q 74 134 6679381990500809 72057594037927936
Q 74 136 3401947876899227 72057594037927936
Q 74 138 -5373426787098995 36028797018963968
Q 74 140 2509592759263983 18014398509481984
Q 74 142 -1183772804703503 36028797018963968
Q 74 144 -6811347179846167 72057594037927936
Q 74 146 1505319756568667 9007199254740992
Q 74 148 -1374384301310109 9007199254740992
Q 74 150 4863727088536711 72057594037927936
Q 74 152 6451295588771981 144115188075855872
Q 74 154 -2552981108048177 18014398509481984
Q 74 156 7166477188526195 36028797018963968
Q 74 158 -7661981636047415 36028797018963968
Q 74 160 6966966856498185 36028797018963968
Q 74 162 -5633911976020901 36028797018963968
Q 74 164 8297692371223597 72057594037927936
Q 74 166 -1411585297051479 18014398509481984
Q 74 168 14006622216285 281474976710656
Q 74 170 -4280829701746953 144115188075855872
Q 74 172 4830337772845365 288230376151711744
Q 74 174 -5173671840187533 576460752303423488
Q 74 176 5278580669725651 1152921504606846976
Q 74 178 -5145175534586217 2305843009213693952
Q 74 180 4803101448154793 4611686018427387904
Q 74 182 -4303337590640573 9223372036854775808
Q 74 184 3707284377789979 18446744073709551616
Q 74 186 -6151941404765983 73786976294838206464
Q 74 188 4807783856351 144115188075855872
Q 74 190 -7609910213916159 590295810358705651712
Q 74 192 1421696876780749 295147905179352825856
Q 74 194 -8226815393353155 4722366482869645213696
Q 74 196 5765519886093583 9444732965739290427392
Q 74 198 -3918388068074939 18889465931478580854784
Q 74 200 2584633564518127 37778931862957161709568
Q 74 202 -6623798265781967 302231454903657293676544
Q 74 204 8249974981959775 1208925819614629174706176
Q 74 206 -4997189303858315 2417851639229258349412352
Q 74 208 5891941610655885 9671406556917033397649408
Q 74 210 -6765125573076889 38685626227668133590597632
Q 74 212 7568653616162833 154742504910672534362390528
Q 74 214 -8254937436923429 618970019642690137449562112
Q 74 216 8781638195135295 2475880078570760549798248448
Q 74 218 -4558048073851519 4951760157141521099596496896
Q 74 220 2309631109650215 9903520314283042199192993792
Q 74 222 -4571515060363399 79228162514264337593543950336
Q 74 224 4420684590037671 316912650057057350374175801344
Q 74 226 -4179822659528663 1267650600228229401496703205376
Q 74 228 3840359141500511 5070602400912917605986812821504
Q 74 230 -864297058863291 5070602400912917605986812821504
Q 74 232 3370102573331945 81129638414606681695789005144064
Q 74 234 -381284137218369 40564819207303340847894502572032
Q 74 236 -8710721077326439 20769187434139310514121985316880384
Q 74 238 -1915709308417621 1298074214633706907132624082305024
Q 74 240 2531636458409053 649037107316853453566312041152512
Q 74 242 -7573065846090017 41538374868278621028243970633760768
Q 74 244 -3840796065674917 1298074214633706907132624082305024
Q 74 246 6523041286296501 20769187434139310514121985316880384
Q 74 248 8106456672438411 2596148429267413814265248164610048
Q 74 250 -4532092790514805 2596148429267413814265248164610048
Q 74 252 -2801709670220033 1298074214633706907132624082305024
Q 74 254 7882242419716631 2596148429267413814265248164610048
Q 75 1 -1240799165753545 9007199254740992
Q 75 3 -5653173750129415 144115188075855872
Q 75 5 4221248648449751 36028797018963968
Q 75 7 8538684346431283 72057594037927936
Q 75 9 -5290989626109557 144115188075855872
Q 75 11 -1294263277281891 9007199254740992
Q 75 13 -1099308527664719 18014398509481984
Q 75 15 7382804254487681 72057594037927936
Q 75 17 4678938849700455 36028797018963968
Q 75 19 -4617165098895431 288230376151711744
Q 75 21 -632471641912869 4503599627370496
Q 75 23 -5431989869264119 72057594037927936
Q 75 25 1658125975167071 18014398509481984
Q 75 27 4813587924755225 36028797018963968
Q 75 29 -5156891028159409 576460752303423488
Q 75 31 -156581767911997 1125899906842624
Q 75 33 -5354267213029313 72057594037927936
Q 75 35 3442763714914255 36028797018963968
Q 75 37 4646318941230565 36028797018963968
Q 75 39 -6823202283494463 288230376151711744
Q 75 41 -5108719152363183 36028797018963968
Q 75 43 -28652692214577 562949953421312
Q 75 45 4175507781572357 36028797018963968
Q 75 47 7769324009635989 72057594037927936
Q 75 49 -4679364292885531 72057594037927936
Q 75 51 -4945076673076245 36028797018963968
Q 75 53 6345504847683153 1152921504606846976
Q 75 55 1256704605407351 9007199254740992
Q 75 57 7054116284648133 144115188075855872
Q 75 59 -8756836488068559 72057594037927936
Q 75 61 -6542056426104903 72057594037927936
Q 75 63 6662680905175215 72057594037927936
Q 75 65 4254197307726251 36028797018963968
Q 75 67 -4371110585059601 72057594037927936
Q 75 69 -1196184525823377 9007199254740992
Q 75 71 4620659742332463 144115188075855872
Q 75 73 5000949999922305 36028797018963968
Q 75 75 -5827048693391105 576460752303423488
Q 75 77 -1261928364055137 9007199254740992
Q 75 79 -8279256607656917 2305843009213693952
Q 75 81 5039135924147087 36028797018963968
Q 75 83 1206577758027687 144115188075855872
Q 75 85 -314924038732069 2251799813685248
Q 75 87 -8791641782278139 2305843009213693952
Q 75 89 2524011551354771 18014398509481984
Q 75 91 -6088451937507259 576460752303423488
Q 75 93 -4995215964388491 36028797018963968
Q 75 95 5034494407252163 144115188075855872
Q 75 97 4726399852962821 36028797018963968
Q 75 99 -4901066383011819 72057594037927936
Q 75 101 -2005941316163189 18014398509481984
Q 75 103 3781580047976229 36028797018963968
Q 75 105 5204430329619653 72057594037927936
Q 75 107 -2430192692708735 18014398509481984
Q 75 109 -6083238127291561 576460752303423488
Q 75 111 5050705606965339 36028797018963968
Q 75 113 -2371241717956999 36028797018963968
Q 75 115 -3652239706199261 36028797018963968
Q 75 117 4692463170355937 36028797018963968
Q 75 119 7219778104249185 576460752303423488
Q 75 121 -5021668556271517 36028797018963968
Q 75 123 431799438063721 4503599627370496
Q 75 125 8662938950565685 144115188075855872
Q 75 127 -2676389209067901 18014398509481984
Q 75 129 5594202746133969 72057594037927936
Q 75 131 5108742911003 70368744177664
Q 75 133 -2746604375571417 18014398509481984
Q 75 135 3337576377247719 36028797018963968
Q 75 137 3393122834750977 72057594037927936
Q 75 139 -5360126235990741 36028797018963968
Q 75 141 1247608877160083 9007199254740992
Q 75 143 -2292242607359579 72057594037927936
Q 75 145 -6861721581047783 72057594037927936
Q 75 147 6012941764685521 36028797018963968
Q 75 149 -2725550867444727 18014398509481984
Q 75 151 4725787926159761 72057594037927936
Q 75 153 3356354289255253 72057594037927936
Q 75 155 -5144873902882815 36028797018963968
Q 75 157 1792157173708319 9007199254740992
Q 75 159 -7630605479477021 36028797018963968
Q 75 161 6913931515362297 36028797018963968
Q 75 163 -348323532098721 2251799813685248
Q 75 165 4091615598962725 36028797018963968
Q 75 167 -2775906058271939 36028797018963968
Q 75 169 7030360059787111 144115188075855872
Q 75 171 -8368255264971895 288230376151711744
Q 75 173 4707039755793127 288230376151711744
Q 75 175 -1256580014884341 144115188075855872
Q 75 177 2556260888720285 576460752303423488
Q 75 179 -4967867798333687 2305843009213693952
Q 75 181 2311523309106637 2305843009213693952
Q 75 183 -8257785035187725 18446744073709551616
Q 75 185 3545610372639679 18446744073709551616
Q 75 187 -733077733088203 9223372036854775808
Q 75 189 4677908835579907 147573952589676412928
Q 75 191 -7206964014811593 590295810358705651712
Q 75 193 41935647803747 9223372036854775808
Q 75 195 -1934816445034229 1180591620717411303424
Q 75 197 2702756896732583 4722366482869645213696
Q 75 199 -7322440938771663 37778931862957161709568
Q 75 201 4813460217131553 75557863725914323419136
Q 75 203 -6146616516778827 302231454903657293676544
Q 75 205 7629102881268255 1208925819614629174706176
Q 75 207 -71953222306837 37778931862957161709568
Q 75 209 5410516525640435 9671406556917033397649408
Q 75 211 -3095243591867641 19342813113834066795298816
Q 75 213 6901278302783157 154742504910672534362390528
Q 75 215 -7500329628475387 618970019642690137449562112
Q 75 217 7950459200945347 2475880078570760549798248448
Q 75 219 -1027974729115309 1237940039285380274899124224
Q 75 221 8304610726285707 39614081257132168796771975168
Q 75 223 -8190098874649473 158456325028528675187087900672
Q 75 225 7893142504497649 633825300114114700748351602688
Q 75 227 -3717603637929295 1267650600228229401496703205376
Q 75 229 6792861439397153 10141204801825835211973625643008
Q 75 231 -5990362699189025 40564819207303340847894502572032
Q 75 233 2678726675811577 81129638414606681695789005144064
Q 75 235 -6675548494636025 1298074214633706907132624082305024
Q 75 237 -1601632504149995 649037107316853453566312041152512
Q 75 239 3704587206908063 20769187434139310514121985316880384
Q 75 241 5804284344242395 2596148429267413814265248164610048
Q 75 243 5391691426532539 10384593717069655257060992658440192
Q 75 245 -3527815603123513 1298074214633706907132624082305024
Q 75 247 6889981833571343 20769187434139310514121985316880384
Q 75 249 6557063987361983 2596148429267413814265248164610048
Q 75 251 -7199688092460565 5192296858534827628530496329220096
Q 75 253 -4671564334796689 2596148429267413814265248164610048
Q 75 255 6484808849266405 2596148429267413814265248164610048
Q 76 0 -6939798179325209 72057594037927936
Q 76 2 -253836695314465 2251799813685248
Q 76 4 3063586726472305 72057594037927936
Q 76 6 5181400993237665 36028797018963968
Q 76 8 8556415624179483 144115188075855872
Q 76 10 -7330350833903071 72057594037927936
Q 76 12 -4751568508337711 36028797018963968
Q 76 14 592744428003203 72057594037927936
Q 76 16 4962117394187925 36028797018963968
Q 76 18 6349869994347247 72057594037927936
Q 76 20 -5524919287122687 72057594037927936
Q 76 22 -1267331097939453 9007199254740992
Q 76 24 -2682889565656667 144115188075855872
Q 76 26 2310780890045553 18014398509481984
Q 76 28 1856013167923999 18014398509481984
Q 76 30 -1109689922547113 18014398509481984
Q 76 32 -5122558265817715 36028797018963968
Q 76 34 -7774400300907037 288230376151711744
Q 76 36 2265112771507975 18014398509481984
Q 76 38 3669614277383495 36028797018963968
Q 76 40 -2399870918344579 36028797018963968
Q 76 42 -2512563634346099 18014398509481984
Q 76 44 -710167138955445 72057594037927936
Q 76 46 4836679526257323 36028797018963968
Q 76 48 5669736907403873 72057594037927936
Q 76 50 -6874133902699241 72057594037927936
Q 76 52 -2231945241131007 18014398509481984
Q 76 54 706647563246411 18014398509481984
Q 76 56 2537222295468683 18014398509481984
Q 76 58 2664894092535403 144115188075855872
Q 76 60 -4816762734545353 36028797018963968
Q 76 62 -2414859749311077 36028797018963968
Q 76 64 3999491511232853 36028797018963968
Q 76 66 3666921487797317 36028797018963968
Q 76 68 -5895204942313165 72057594037927936
Q 76 70 -8865861000200197 72057594037927936
Q 76 72 7675274934370969 144115188075855872
Q 76 74 4823396573827133 36028797018963968
Q 76 76 -8632803364668101 288230376151711744
Q 76 78 -4978689901454293 36028797018963968
Q 76 80 4135836696078909 288230376151711744
Q 76 82 5020632294047367 36028797018963968
Q 76 84 -273398374557893 36028797018963968
Q 76 86 -157024207670891 1125899906842624
Q 76 88 1476980906527111 144115188075855872
Q 76 90 2502408271427143 18014398509481984
Q 76 92 -1638026473725033 72057594037927936
Q 76 94 -306327980043295 2251799813685248
Q 76 96 6488531875890623 144115188075855872
Q 76 98 2286744952412259 18014398509481984
Q 76 100 -340574095242953 4503599627370496
Q 76 102 -238018069957523 2251799813685248
Q 76 104 493595587844965 4503599627370496
Q 76 106 4750996374158971 72057594037927936
Q 76 108 -4910948986323773 36028797018963968
Q 76 110 -5606084509348169 1152921504606846976
Q 76 112 4997118079989653 36028797018963968
Q 76 114 -2505452060628897 36028797018963968
Q 76 116 -3539359712440193 36028797018963968
Q 76 118 4728291990918071 36028797018963968
Q 76 120 2780894216211255 288230376151711744
Q 76 122 -4979559177536545 36028797018963968
Q 76 124 1746882786004857 18014398509481984
Q 76 126 131986367629757 2251799813685248
Q 76 128 -2666592547435459 18014398509481984
Q 76 130 5611095259436659 72057594037927936
Q 76 132 1300539161067399 18014398509481984
Q 76 134 -2737677261796481 18014398509481984
Q 76 136 1655663065088451 18014398509481984
Q 76 138 6880981157564015 144115188075855872
Q 76 140 -5356732316576673 36028797018963968
Q 76 142 2473956380164685 18014398509481984
Q 76 144 -4330262060382607 144115188075855872
Q 76 146 -6953813116812405 72057594037927936
Q 76 148 3004698302988663 18014398509481984
Q 76 150 -42133205125153 281474976710656
Q 76 152 2273323218569521 36028797018963968
Q 76 154 110243047446239 2251799813685248
Q 76 156 -5197520434919285 36028797018963968
Q 76 158 3587953217083645 18014398509481984
Q 76 160 -7597197951562437 36028797018963968
Q 76 162 3427337511113735 18014398509481984
Q 76 164 -5504892059782853 36028797018963968
Q 76 166 8054887158531059 72057594037927936
Q 76 168 -1361603889905735 18014398509481984
Q 76 170 1718545264725401 36028797018963968
Q 76 172 -8155616055095899 288230376151711744
Q 76 174 2286232907074037 144115188075855872
Q 76 176 -1216663509433393 144115188075855872
Q 76 178 2466930876402591 576460752303423488
Q 76 180 -4778428285182405 2305843009213693952
Q 76 182 1107993400240507 1152921504606846976
Q 76 184 -7889987431296073 18446744073709551616
Q 76 186 6752542526597917 36893488147419103232
Q 76 188 -347848123019657 4611686018427387904
Q 76 190 276512382951417 9223372036854775808
Q 76 192 -6792638213991023 590295810358705651712
Q 76 194 5041656402579667 1180591620717411303424
Q 76 196 -7243764544481399 4722366482869645213696
Q 76 198 1260426344413757 2361183241434822606848
Q 76 200 -6805561904476993 37778931862957161709568
Q 76 202 2228924111031771 37778931862957161709568
Q 76 204 -2836131675248079 151115727451828646838272
Q 76 206 1753796350664257 302231454903657293676544
Q 76 208 -4219245420761969 2417851639229258349412352
Q 76 210 4939421310558105 9671406556917033397649408
Q 76 212 -2815524099864713 19342813113834066795298816
Q 76 214 781854055779077 19342813113834066795298816
Q 76 216 -6773038353155755 618970019642690137449562112
Q 76 218 1788331298952099 618970019642690137449562112
Q 76 220 -1843042391791485 2475880078570760549798248448
Q 76 222 927192355819235 4951760157141521099596496896
Q 76 224 -7288834851602105 158456325028528675187087900672
Q 76 226 6997101942226689 633825300114114700748351602688
Q 76 228 -6580363208303267 2535301200456458802993406410752
Q 76 230 6046900658384095 10141204801825835211973625643008
Q 76 232 -1307866704221449 10141204801825835211973625643008
Q 76 234 4513558256293109 162259276829213363391578010288128
Q 76 236 -2913438289423929 324518553658426726783156020576256
Q 76 238 -5506012944450933 83076749736557242056487941267521536
Q 76 240 5832604149318539 1298074214633706907132624082305024
Q 76 242 -6343947983468435 41538374868278621028243970633760768
Q 76 244 -4812718510699299 1298074214633706907132624082305024
Q 76 246 4110605154655713 10384593717069655257060992658440192
Q 76 248 2529398981661565 649037107316853453566312041152512
Q 76 250 -5653732590243123 2596148429267413814265248164610048
Q 76 252 -6991142387357359 2596148429267413814265248164610048
Q 76 254 4917299324390549 1298074214633706907132624082305024
Q 77 1 -4965345900986339 36028797018963968
Q 77 3 -6817859482990805 144115188075855872
Q 77 5 7865380412967423 72057594037927936
Q 77 7 2303772197890875 18014398509481984
Q 77 9 -1043138469073391 72057594037927936
Q 77 11 -5000918025864231 36028797018963968
Q 77 13 -1593267558395593 18014398509481984
Q 77 15 5303179503627409 72057594037927936
Q 77 17 5131002672186185 36028797018963968
Q 77 19 269522163496039 9007199254740992
Q 77 21 -8710931295868373 72057594037927936
Q 77 23 -4179823568236499 36028797018963968
Q 77 25 5663556253099533 144115188075855872
Q 77 27 1290584542343069 9007199254740992
Q 77 29 8445591478337615 144115188075855872
Q 77 31 -7487348948845207 72057594037927936
Q 77 33 -4581909826677117 36028797018963968
Q 77 35 6235071395749331 288230376151711744
Q 77 37 317221997498391 2251799813685248
Q 77 39 2360838895104387 36028797018963968
Q 77 41 -7302462228663279 72057594037927936
Q 77 43 -4504828079072005 36028797018963968
Q 77 45 8660167077714055 288230376151711744
Q 77 47 2551459188052847 18014398509481984
Q 77 49 6567270588155663 144115188075855872
Q 77 51 -8516476296618479 72057594037927936
Q 77 53 -936696382753915 9007199254740992
Q 77 55 2484746138232757 36028797018963968
Q 77 57 608602810678743 4503599627370496
Q 77 59 -396149493033219 36028797018963968
Q 77 61 -5029519894644635 36028797018963968
Q 77 63 -761059704472737 18014398509481984
Q 77 65 8974071228306891 72057594037927936
Q 77 67 6011290399900125 72057594037927936
Q 77 69 -3573234853287211 36028797018963968
Q 77 71 -998539823928027 9007199254740992
Q 77 73 2580898415557757 36028797018963968
Q 77 75 17814704474159 140737488355328
Q 77 77 -3431866897157701 72057594037927936
Q 77 79 -151047700537249 1125899906842624
Q 77 81 2197633458489953 72057594037927936
Q 77 83 4938450573188667 36028797018963968
Q 77 85 -6321913653316285 288230376151711744
Q 77 87 -4961130134858029 36028797018963968
Q 77 89 3278166236063015 144115188075855872
Q 77 91 1231822049350525 9007199254740992
Q 77 93 -2402800010918433 72057594037927936
Q 77 95 -299358744620905 2251799813685248
Q 77 97 7723357279365895 144115188075855872
Q 77 99 8842339329252393 72057594037927936
Q 77 101 -368621751292321 4503599627370496
Q 77 103 -7247052385488771 72057594037927936
Q 77 105 8155269357277597 72057594037927936
Q 77 107 8731959984087301 144115188075855872
Q 77 109 -2470915529609575 18014398509481984
Q 77 111 -6233644756850053 18446744073709551616
Q 77 113 2473860467725939 18014398509481984
Q 77 115 -5205091603971633 72057594037927936
Q 77 117 -1726582782207131 18014398509481984
Q 77 119 1186625285379691 9007199254740992
Q 77 121 4499987601112171 576460752303423488
Q 77 123 -2474004220150687 18014398509481984
Q 77 125 7012520780916561 72057594037927936
Q 77 127 8357987934625993 144115188075855872
Q 77 129 -5315471165357809 36028797018963968
Q 77 131 5572314344233529 72057594037927936
Q 77 133 5228832690073785 72057594037927936
Q 77 135 -5459281272174039 36028797018963968
Q 77 137 3261154901724519 36028797018963968
Q 77 139 1771397445124511 36028797018963968
Q 77 141 -670309915246693 4503599627370496
Q 77 143 2445609055392679 18014398509481984
Q 77 145 -7947287942453307 288230376151711744
Q 77 147 -7085827580050711 72057594037927936
Q 77 149 6009638542297275 36028797018963968
Q 77 151 -2661393523762387 18014398509481984
Q 77 153 4326426829086633 72057594037927936
Q 77 155 3738672296493717 72057594037927936
Q 77 157 -5263030889646723 36028797018963968
Q 77 159 7187518786776145 36028797018963968
Q 77 161 -3780625244176877 18014398509481984
Q 77 163 6789017719635693 36028797018963968
Q 77 165 -5429139757607539 36028797018963968
Q 77 167 3956559111367833 36028797018963968
Q 77 169 -666337315657777 9007199254740992
Q 77 171 6703853696515201 144115188075855872
Q 77 173 -7925306792925061 288230376151711744
Q 77 175 4427710771205979 288230376151711744
Q 77 177 -4696074682016789 576460752303423488
Q 77 179 148258206244167 36028797018963968
Q 77 181 -4578701984901191 2305843009213693952
Q 77 183 2115905745228973 2305843009213693952
Q 77 185 -938387613983627 2305843009213693952
Q 77 187 3201062719058009 18446744073709551616
Q 77 189 -5258005457329231 73786976294838206464
Q 77 191 8329594586128339 295147905179352825856
Q 77 193 -6371460716543441 590295810358705651712
Q 77 195 4712033371288539 1180591620717411303424
Q 77 197 -3372853936561011 2361183241434822606848
Q 77 199 1169506060935409 2361183241434822606848
Q 77 201 -6291652855406173 37778931862957161709568
Q 77 203 8212323201550795 151115727451828646838272
Q 77 205 -2602805302986133 151115727451828646838272
Q 77 207 6414367339074209 1208925819614629174706176
Q 77 209 -7687303115120507 4835703278458516698824704
Q 77 211 1120767012816149 2417851639229258349412352
Q 77 213 -2545917708660001 19342813113834066795298816
Q 77 215 5634855572223759 154742504910672534362390528
Q 77 217 -94983679363251 9671406556917033397649408
Q 77 219 3198140617862817 1237940039285380274899124224
Q 77 221 -820902443090227 1237940039285380274899124224
Q 77 223 1645646827361381 9903520314283042199192993792
Q 77 225 -3221749225945481 79228162514264337593543950336
Q 77 227 3081318365140915 316912650057057350374175801344
Q 77 229 -1444650867078557 633825300114114700748351602688
Q 77 231 2662038217350847 5070602400912917605986812821504
Q 77 233 -2367967656146621 20282409603651670423947251286016
Q 77 235 4565235487326269 162259276829213363391578010288128
Q 77 237 -429810044418955 40564819207303340847894502572032
Q 77 239 4703400658469977 2596148429267413814265248164610048
Q 77 241 6524861923457967 2596148429267413814265248164610048
Q 77 243 966279885631921 1298074214633706907132624082305024
Q 77 245 -1133878068230847 324518553658426726783156020576256
Q 77 247 4463798858983949 10384593717069655257060992658440192
Q 77 249 8372203485945207 2596148429267413814265248164610048
Q 77 251 -287279792307711 162259276829213363391578010288128
Q 77 253 -1492139458012561 649037107316853453566312041152512
Q 77 255 4142664992001109 1298074214633706907132624082305024
Q 78 0 53635441426809 562949953421312
Q 78 2 8386635746987531 72057594037927936
Q 78 4 -1156481215879479 36028797018963968
Q 78 6 -1281022814183245 9007199254740992
Q 78 8 -5572560233292183 72057594037927936
Q 78 10 1488463899941955 18014398509481984
Q 78 12 2545142820904105 18014398509481984
Q 78 14 3769881956387461 144115188075855872
Q 78 16 -546259500699563 4503599627370496
Q 78 18 -8532250959943757 72057594037927936
Q 78 20 4616396326715117 144115188075855872
Q 78 22 5128239508204743 36028797018963968
Q 78 24 2631678702591021 36028797018963968
Q 78 26 -3209962614516461 36028797018963968
Q 78 28 -4939832209958479 36028797018963968
Q 78 30 -2304165470488563 288230376151711744
Q 78 32 1184853587556891 9007199254740992
Q 78 34 1764751415150775 18014398509481984
Q 78 36 -4745203068352705 72057594037927936
Q 78 38 -2543563016481769 18014398509481984
Q 78 40 -3563513988251793 144115188075855872
Q 78 42 4529717634351155 36028797018963968
Q 78 44 3650432779488877 36028797018963968
Q 78 46 -2369290021524805 36028797018963968
Q 78 48 -5009662353613415 36028797018963968
Q 78 50 -3276261426202251 288230376151711744
Q 78 52 2395317155199227 18014398509481984
Q 78 54 5747097133768171 72057594037927936
Q 78 56 -6748252549660183 72057594037927936
Q 78 58 -4462014598416635 36028797018963968
Q 78 60 344026347084977 9007199254740992
Q 78 62 5045505329839629 36028797018963968
Q 78 64 2556522287345247 144115188075855872
Q 78 66 -4806473962221951 36028797018963968
Q 78 68 -2310987123422635 36028797018963968
Q 78 70 8130050484423009 72057594037927936
Q 78 72 7004507557861609 72057594037927936
Q 78 74 -1569417299652469 18014398509481984
Q 78 76 -2120047183055209 18014398509481984
Q 78 78 141885297745953 2251799813685248
Q 78 80 4634834858190289 36028797018963968
Q 78 82 -3223270944434977 72057594037927936
Q 78 84 -4811298889222453 36028797018963968
Q 78 86 2491060119145413 72057594037927936
Q 78 88 4863491339483915 36028797018963968
Q 78 90 -4847856654248379 144115188075855872
Q 78 92 -4828479222457693 36028797018963968
Q 78 94 3056370754466875 72057594037927936
Q 78 96 1167813581536653 9007199254740992
Q 78 98 -8748904379334331 144115188075855872
Q 78 100 -8554762903648557 72057594037927936
Q 78 102 6255461818546727 72057594037927936
Q 78 104 6925376437234431 72057594037927936
Q 78 106 -8346051274916247 72057594037927936
Q 78 108 -8107502504918029 144115188075855872
Q 78 110 4957568347181273 36028797018963968
Q 78 112 -6986992490293381 2305843009213693952
Q 78 114 -306604035173833 2251799813685248
Q 78 116 5328695530703753 72057594037927936
Q 78 118 6789642384107511 72057594037927936
Q 78 120 -593621158480655 4503599627370496
Q 78 122 -4026938780023743 576460752303423488
Q 78 124 4927781937146619 36028797018963968
Q 78 126 -3492711805492183 36028797018963968
Q 78 128 -8394014242525463 144115188075855872
Q 78 130 5299632899209339 36028797018963968
Q 78 132 -5478532112343043 72057594037927936
Q 78 134 -5310027547923547 72057594037927936
Q 78 136 2722160969653411 18014398509481984
Q 78 138 -3186996382697239 36028797018963968
Q 78 140 -7396987760693417 144115188075855872
Q 78 142 1344054592935085 9007199254740992
Q 78 144 -4819647699750037 36028797018963968
Q 78 146 7031390943155807 288230376151711744
Q 78 148 7255583672347261 72057594037927936
Q 78 150 -3006198815358877 18014398509481984
Q 78 152 2619765732528135 18014398509481984
Q 78 154 -1016291263279659 18014398509481984
Q 78 156 -7975308223956831 144115188075855872
Q 78 158 5340417226349719 36028797018963968
Q 78 160 -7202568201298081 36028797018963968
Q 78 162 3761094454812693 18014398509481984
Q 78 164 -3358378107358567 18014398509481984
Q 78 166 5346005734221191 36028797018963968
Q 78 168 -242450579141601 2251799813685248
Q 78 170 5205247667131663 72057594037927936
Q 78 172 -6520441644520753 144115188075855872
Q 78 174 7678976959271781 288230376151711744
Q 78 176 -4273917855642491 288230376151711744
Q 78 178 1129007780870167 144115188075855872
Q 78 180 -4545427292413597 1152921504606846976
Q 78 182 546320173616137 288230376151711744
Q 78 184 -4024499372217697 4611686018427387904
Q 78 186 1778231661389079 4611686018427387904
Q 78 188 -6043509431670723 36893488147419103232
Q 78 190 2472535192089247 36893488147419103232
Q 78 192 -7804742304121949 295147905179352825856
Q 78 194 5947759714264089 590295810358705651712
Q 78 196 -8764530893997151 2361183241434822606848
Q 78 198 6250142069682523 4722366482869645213696
Q 78 200 -2159051407716973 4722366482869645213696
Q 78 202 5785749086855419 37778931862957161709568
Q 78 204 -7523527434463097 151115727451828646838272
Q 78 206 4750991397092669 302231454903657293676544
Q 78 208 -729004376770559 151115727451828646838272
Q 78 210 435181973871499 302231454903657293676544
Q 78 212 -2022599216781579 4835703278458516698824704
Q 78 214 2288515078402807 19342813113834066795298816
Q 78 216 -5045855261487511 154742504910672534362390528
Q 78 218 677846000335917 77371252455336267181195264
Q 78 220 -5684075039046643 2475880078570760549798248448
Q 78 222 2906948549358267 4951760157141521099596496896
Q 78 224 -2902636843786423 19807040628566084398385987584
Q 78 226 5660910811324691 158456325028528675187087900672
Q 78 228 -42188563554381 4951760157141521099596496896
Q 78 230 78647203625271 39614081257132168796771975168
Q 78 232 -8996357299896427 20282409603651670423947251286016
Q 78 234 7945811399480699 81129638414606681695789005144064
Q 78 236 -1078713085468657 40564819207303340847894502572032
Q 78 238 2881623766688073 1298074214633706907132624082305024
Q 78 240 2403781081850651 324518553658426726783156020576256
Q 78 242 -7314464577878253 41538374868278621028243970633760768
Q 78 244 -8469457174282469 1298074214633706907132624082305024
Q 78 246 3621312038061261 5192296858534827628530496329220096
Q 78 248 8888528880599415 1298074214633706907132624082305024
Q 78 250 -2482841227678705 649037107316853453566312041152512
Q 78 252 -1535511564684771 324518553658426726783156020576256
Q 78 254 8639805156550307 1298074214633706907132624082305024
Q 79 1 4965767502175991 36028797018963968
Q 79 3 7968600833505197 144115188075855872
Q 79 5 -1805519896418737 18014398509481984
Q 79 7 -2439213007321823 18014398509481984
Q 79 9 -4750095047601049 576460752303423488
Q 79 11 1161420728965667 9007199254740992
Q 79 13 502928664327575 4503599627370496
Q 79 15 -2869819725762425 72057594037927936
Q 79 17 -1290814141650907 9007199254740992
Q 79 19 -2631378665492853 36028797018963968
Q 79 21 6219669330723689 72057594037927936
Q 79 23 5034753272996601 36028797018963968
Q 79 25 1472801305426489 72057594037927936
Q 79 27 -8959077564940331 72057594037927936
Q 79 29 -8137705814546219 72057594037927936
Q 79 31 5994861927474715 144115188075855872
Q 79 33 2574430840556675 18014398509481984
Q 79 35 1072331210295573 18014398509481984
Q 79 37 -7321662458024647 72057594037927936
Q 79 39 -2315826895822897 18014398509481984
Q 79 41 4684190852277261 288230376151711744
Q 79 43 5011039051267585 36028797018963968
Q 79 45 1287883633445487 18014398509481984
Q 79 47 -6863787505041021 72057594037927936
Q 79 49 -2308070630539943 18014398509481984
Q 79 51 3107787716021373 144115188075855872
Q 79 53 5047358841385491 36028797018963968
Q 79 55 3836586062781297 72057594037927936
Q 79 57 -4064822649082715 36028797018963968
Q 79 59 -7817074284058423 72057594037927936
Q 79 61 2242534402835265 36028797018963968
Q 79 63 76560422997641 562949953421312
Q 79 65 -3183934409146299 576460752303423488
Q 79 67 -2488873041896797 18014398509481984
Q 79 69 -6465185002630691 144115188075855872
Q 79 71 8865199519590191 72057594037927936
Q 79 73 5972819884556007 72057594037927936
Q 79 75 -7192201049465011 72057594037927936
Q 79 77 -7773131243404343 72057594037927936
Q 79 79 1371078553355667 18014398509481984
Q 79 81 8805977381944529 72057594037927936
Q 79 83 -2054724194457501 36028797018963968
Q 79 85 -4656004395795587 36028797018963968
Q 79 87 1638762450784207 36028797018963968
Q 79 89 4745723456411695 36028797018963968
Q 79 91 -6187780616605429 144115188075855872
Q 79 93 -4719666166186717 36028797018963968
Q 79 95 1801076604014891 36028797018963968
Q 79 97 4554618239819475 36028797018963968
Q 79 99 -4788529205339697 72057594037927936
Q 79 101 -8296941504259285 72057594037927936
Q 79 103 6529503156879649 72057594037927936
Q 79 105 3329576658912615 36028797018963968
Q 79 107 -8478160770631919 72057594037927936
Q 79 109 -3817064909770855 72057594037927936
Q 79 111 4961698041401249 36028797018963968
Q 79 113 -6060040195194129 1152921504606846976
Q 79 115 -2436553810835583 18014398509481984
Q 79 117 168268000308849 2251799813685248
Q 79 119 841212378297777 9007199254740992
Q 79 121 -4736818168861257 36028797018963968
Q 79 123 -8268443613597365 1152921504606846976
Q 79 125 4918935877997407 36028797018963968
Q 79 127 -6906969379697315 72057594037927936
Q 79 129 -1069082909344343 18014398509481984
Q 79 131 5285052729029861 36028797018963968
Q 79 133 -1301228566021 17592186044416
Q 79 135 -5443856566002251 72057594037927936
Q 79 137 5429314969920999 36028797018963968
Q 79 139 -48258318133649 562949953421312
Q 79 141 -488215802071845 9007199254740992
Q 79 143 1349106576246245 9007199254740992
Q 79 145 -2366110667778297 18014398509481984
Q 79 147 5914871620278351 288230376151711744
Q 79 149 3730245966581635 36028797018963968
Q 79 151 -752018719389517 4503599627370496
Q 79 153 2571170432953093 18014398509481984
Q 79 155 -7525704650389499 144115188075855872
Q 79 157 -4273176071551107 72057594037927936
Q 79 159 339285914354355 2251799813685248
Q 79 161 -3610029756893087 18014398509481984
Q 79 163 1869846038995961 9007199254740992
Q 79 165 -6637672317238311 36028797018963968
Q 79 167 20529634498991 140737488355328
Q 79 169 -7591322172202051 72057594037927936
Q 79 171 5070688413614025 72057594037927936
Q 79 173 -3162533009671911 72057594037927936
Q 79 175 1854586675191293 72057594037927936
Q 79 177 -4112267046740479 288230376151711744
Q 79 179 8656007972077533 1152921504606846976
Q 79 181 -2169539188716971 576460752303423488
Q 79 183 8311763058529503 4611686018427387904
Q 79 185 -3811959391420017 4611686018427387904
Q 79 187 6711194193532253 18446744073709551616
Q 79 189 -177504118778991 1152921504606846976
Q 79 191 578722925669159 9223372036854775808
Q 79 193 -7278904109266107 295147905179352825856
Q 79 195 5525602095515521 590295810358705651712
Q 79 197 -4055483767993465 1180591620717411303424
Q 79 199 2880848188761373 2361183241434822606848
Q 79 201 -7930461050170991 18889465931478580854784
Q 79 203 5292348289768371 37778931862957161709568
Q 79 205 -856903746089173 18889465931478580854784
Q 79 207 8624318961696173 604462909807314587353088
Q 79 209 -5272773989424607 1208925819614629174706176
Q 79 211 1567678097081407 1208925819614629174706176
Q 79 213 -7257740235792647 19342813113834066795298816
Q 79 215 4089966264927785 38685626227668133590597632
Q 79 217 -8982638775174979 309485009821345068724781056
Q 79 219 4807971692472377 618970019642690137449562112
Q 79 221 -313746580482961 154742504910672534362390528
Q 79 223 2557212451526881 4951760157141521099596496896
Q 79 225 -79478480254793 618970019642690137449562112
Q 79 227 4940848881190009 158456325028528675187087900672
Q 79 229 -2348433926295757 316912650057057350374175801344
Q 79 231 8750304345825675 5070602400912917605986812821504
Q 79 233 -7916936493521455 20282409603651670423947251286016
Q 79 235 7392690652264985 81129638414606681695789005144064
Q 79 237 -1127112813523277 40564819207303340847894502572032
Q 79 239 6722680977639463 1298074214633706907132624082305024
Q 79 241 1293012801554025 324518553658426726783156020576256
Q 79 243 1812597325378319 1298074214633706907132624082305024
Q 79 245 -7981597433756375 1298074214633706907132624082305024
Q 79 247 7919015699446641 10384593717069655257060992658440192
Q 79 249 114705802372759 20282409603651670423947251286016
Q 79 251 -4031354106294387 1298074214633706907132624082305024
Q 79 253 -5236427302445001 1298074214633706907132624082305024
Q 79 255 7268503713590931 1298074214633706907132624082305024
Q 80 0 -3395844488736659 36028797018963968
Q 80 2 -1080027932104115 9007199254740992
Q 80 4 3089771307085743 144115188075855872
Q 80 6 5008574567149649 36028797018963968
Q 80 8 6767302134072991 72057594037927936
Q 80 10 -8781709618902739 144115188075855872
Q 80 12 -2608094380438221 18014398509481984
Q 80 14 -8542394311206487 144115188075855872
Q 80 16 1726708298126461 18014398509481984
Q 80 18 4970562700241873 36028797018963968
Q 80 20 4748079983808423 288230376151711744
Q 80 22 -2246132179927045 18014398509481984
Q 80 24 -522601874314433 4503599627370496
Q 80 26 596215673853989 18014398509481984
Q 80 28 5110327316601101 36028797018963968
Q 80 30 5469140339860991 72057594037927936
Q 80 32 -6082174550914801 72057594037927936
Q 80 34 -4997985195067463 36028797018963968
Q 80 36 -4895972122800491 288230376151711744
Q 80 38 1139854037295071 9007199254740992
Q 80 40 119124851811501 1125899906842624
Q 80 42 -7776497765021073 144115188075855872
Q 80 44 -5113687313025579 36028797018963968
Q 80 46 -5563188882124381 144115188075855872
Q 80 48 4231986635774555 36028797018963968
Q 80 50 7987100108195643 72057594037927936
Q 80 52 -7419604320924015 144115188075855872
Q 80 54 -2529757585001175 18014398509481984
Q 80 56 -1888815640530731 72057594037927936
Q 80 58 569746641038213 4503599627370496
Q 80 60 6520725433331985 72057594037927936
Q 80 62 -5957849935469721 72057594037927936
Q 80 64 -289368288003635 2251799813685248
Q 80 66 7743679809435881 288230376151711744
Q 80 68 5024987235967741 36028797018963968
Q 80 70 7579105529117805 288230376151711744
Q 80 72 -2345109714449579 18014398509481984
Q 80 74 -4941374550816731 72057594037927936
Q 80 76 3960417834507081 36028797018963968
Q 80 78 7041953225808909 72057594037927936
Q 80 80 -391976100445595 4503599627370496
Q 80 82 -4155692727783597 36028797018963968
Q 80 84 2430127342977323 36028797018963968
Q 80 86 4487210287795905 36028797018963968
Q 80 88 -7885766504271373 144115188075855872
Q 80 90 -2309874203948605 18014398509481984
Q 80 92 7304987891825627 144115188075855872
Q 80 94 1152579689983859 9007199254740992
Q 80 96 -63202460888179 1125899906842624
Q 80 98 -8893977508797617 72057594037927936
Q 80 100 5110076189833059 72057594037927936
Q 80 102 8078653481471715 72057594037927936
Q 80 104 -6727033350261887 72057594037927936
Q 80 106 -6453754612466381 72057594037927936
Q 80 108 534891725248861 4503599627370496
Q 80 110 7314794714972679 144115188075855872
Q 80 112 -4956746283414945 36028797018963968
Q 80 114 7329359387013871 1152921504606846976
Q 80 116 606408357872231 4503599627370496
Q 80 118 -5374708092300135 72057594037927936
Q 80 120 -1681594942991311 18014398509481984
Q 80 122 4710423782273191 36028797018963968
Q 80 124 4812789426557397 576460752303423488
Q 80 126 -4920844222931485 36028797018963968
Q 80 128 3388495313631061 36028797018963968
Q 80 130 8830352179163673 144115188075855872
Q 80 132 -2635260792864997 18014398509481984
Q 80 134 5125774102790193 72057594037927936
Q 80 136 2813937842646375 36028797018963968
Q 80 138 -2706312055961001 18014398509481984
Q 80 140 5930463307370591 72057594037927936
Q 80 142 8324520667248267 144115188075855872
Q 80 144 -5421213098235661 36028797018963968
Q 80 146 2313857982481225 18014398509481984
Q 80 148 -4599952739172219 288230376151711744
Q 80 150 -7697527564635101 72057594037927936
Q 80 152 6019128255123087 36028797018963968
Q 80 154 -5030136408411445 36028797018963968
Q 80 156 6838967724373207 144115188075855872
Q 80 158 4593503482249125 72057594037927936
Q 80 160 -5526282008131901 36028797018963968
Q 80 162 7238909063602463 36028797018963968
Q 80 164 -1858040953133915 9007199254740992
Q 80 166 6551542438149575 36028797018963968
Q 80 168 -5157994062587155 36028797018963968
Q 80 170 926550848123873 9007199254740992
Q 80 172 -4927683822094873 72057594037927936
Q 80 174 1529724706349283 36028797018963968
Q 80 176 -7145192532429293 288230376151711744
Q 80 178 7887926531977995 576460752303423488
Q 80 180 -8266977507175011 1152921504606846976
Q 80 182 8253874157318667 2305843009213693952
Q 80 184 -7873032056993029 4611686018427387904
Q 80 186 899017843720599 1152921504606846976
Q 80 188 -24630903764373 72057594037927936
Q 80 190 2657640362939335 18446744073709551616
Q 80 192 -1078749818384869 18446744073709551616
Q 80 194 3378406558182465 147573952589676412928
Q 80 196 -159648176854915 18446744073709551616
Q 80 198 7469081988878025 2361183241434822606848
Q 80 200 -5284530433465099 4722366482869645213696
Q 80 202 7244639427923515 18889465931478580854784
Q 80 204 -4815369354085119 37778931862957161709568
Q 80 206 6212500165585053 151115727451828646838272
Q 80 208 -3892267006008501 302231454903657293676544
Q 80 210 4740351623084459 1208925819614629174706176
Q 80 212 -5615029133264411 4835703278458516698824704
Q 80 214 6472923162420599 19342813113834066795298816
Q 80 216 -7266292438395551 77371252455336267181195264
Q 80 218 3973757723182651 154742504910672534362390528
Q 80 220 -8473927990719407 1237940039285380274899124224
Q 80 222 8812325077680547 4951760157141521099596496896
Q 80 224 -8942365546546959 19807040628566084398385987584
Q 80 226 8858567393895165 79228162514264337593543950336
Q 80 228 -8571527864985225 316912650057057350374175801344
Q 80 230 8103091784990625 1267650600228229401496703205376
Q 80 232 -7474837798353067 5070602400912917605986812821504
Q 80 234 6748177491714237 20282409603651670423947251286016
Q 80 236 -3039967115856263 40564819207303340847894502572032
Q 80 238 2470552904906579 162259276829213363391578010288128
Q 80 240 -1343457969498849 1298074214633706907132624082305024
Q 80 242 3064171134289527 5192296858534827628530496329220096
Q 80 244 -2517743816488711 1298074214633706907132624082305024
Q 80 246 1134997821374519 5192296858534827628530496329220096
Q 80 248 4922472947714149 2596148429267413814265248164610048
Q 80 250 -2756849350435875 2596148429267413814265248164610048
Q 80 252 -212862678323303 162259276829213363391578010288128
Q 80 254 4792491965103807 2596148429267413814265248164610048
Q 81 1 -4964435190259749 36028797018963968
Q 81 3 -2275969347370645 36028797018963968
Q 81 5 6515576908944341 72057594037927936
Q 81 7 5077464220055929 36028797018963968
Q 81 9 2228816280025435 72057594037927936
Q 81 11 -515123738384649 4503599627370496
Q 81 13 -4667492960408257 36028797018963968
Q 81 15 232039547119567 72057594037927936
Q 81 17 595974095752323 4503599627370496
Q 81 19 7849780359366219 72057594037927936
Q 81 21 -5876922286026011 144115188075855872
Q 81 23 -643591526347497 4503599627370496
Q 81 25 -2772983503948925 36028797018963968
Q 81 27 5781751950093103 72057594037927936
Q 81 29 5097083641990361 36028797018963968
Q 81 31 4596208389029103 144115188075855872
Q 81 33 -8400784585784753 72057594037927936
Q 81 35 -8746602219530031 72057594037927936
Q 81 37 3614378828470293 144115188075855872
Q 81 39 2520717680804927 18014398509481984
Q 81 41 5492533088706129 72057594037927936
Q 81 43 -6195297643371863 72057594037927936
Q 81 45 -2443163066220251 18014398509481984
Q 81 47 -6119728413710965 1152921504606846976
Q 81 49 297575081196101 2251799813685248
Q 81 51 1607636719844987 18014398509481984
Q 81 53 -5567928884923445 72057594037927936
Q 81 55 -4868918874417515 36028797018963968
Q 81 57 -8240542061600305 147573952589676412928
Q 81 59 4867838770782123 36028797018963968
Q 81 61 320451471105521 4503599627370496
Q 81 63 -3580818269470487 36028797018963968
Q 81 65 -4271865205130331 36028797018963968
Q 81 67 6612358873247625 144115188075855872
Q 81 69 2486951860691507 18014398509481984
Q 81 71 5167252584755995 576460752303423488
Q 81 73 -2427359053362357 18014398509481984
Q 81 75 -1974037604605289 36028797018963968
Q 81 77 8484348774152445 72057594037927936
Q 81 79 3160629021139829 36028797018963968
Q 81 81 -864335497119433 9007199254740992
Q 81 83 -7815694771041085 72057594037927936
Q 81 85 5483419434496263 72057594037927936
Q 81 87 4317282022073647 36028797018963968
Q 81 89 -8985436002391223 144115188075855872
Q 81 91 -2247759086067319 18014398509481984
Q 81 93 4104799828510857 72057594037927936
Q 81 95 4508144413594941 36028797018963968
Q 81 97 -8780292343498797 144115188075855872
Q 81 99 -8707916425316183 72057594037927936
Q 81 101 2672448358149739 36028797018963968
Q 81 103 7907054302040731 72057594037927936
Q 81 105 -428365601007195 4503599627370496
Q 81 107 -6312628295237263 72057594037927936
Q 81 109 8591284829242009 72057594037927936
Q 81 111 7150408985856887 144115188075855872
Q 81 113 -1236058710437397 9007199254740992
Q 81 115 7320837557501849 1152921504606846976
Q 81 117 4840460032718507 36028797018963968
Q 81 119 -2650074525177645 36028797018963968
Q 81 121 -3389231827541983 36028797018963968
Q 81 123 4669439007416315 36028797018963968
Q 81 125 6052892845008019 576460752303423488
Q 81 127 -2466108988433093 18014398509481984
Q 81 129 6594492404032509 72057594037927936
Q 81 131 4611192076003121 72057594037927936
Q 81 133 -5254261079820451 36028797018963968
Q 81 135 4865485441338503 72057594037927936
Q 81 137 1464757660787557 18014398509481984
Q 81 139 -5392159514438781 36028797018963968
Q 81 141 704099699150091 9007199254740992
Q 81 143 8930849957114057 144115188075855872
Q 81 145 -2724164563632997 18014398509481984
Q 81 147 2252352327551393 18014398509481984
Q 81 149 -3089361240969375 288230376151711744
Q 81 151 -1990799803411687 18014398509481984
Q 81 153 3009668584045229 18014398509481984
Q 81 155 -1225432965931049 9007199254740992
Q 81 157 6070224264592577 144115188075855872
Q 81 159 4946687084999833 72057594037927936
Q 81 161 -1408050758613361 9007199254740992
Q 81 163 7257954762962749 36028797018963968
Q 81 165 -3689912192098669 18014398509481984
Q 81 167 6458147321008779 36028797018963968
Q 81 169 -2526681028110449 18014398509481984
Q 81 171 1805574212385525 18014398509481984
Q 81 173 -4776933066655581 72057594037927936
Q 81 175 5903155901279381 144115188075855872
Q 81 177 -3430666299604423 144115188075855872
Q 81 179 1885112260855017 144115188075855872
Q 81 181 -7867958863124675 1152921504606846976
Q 81 183 7821406369131951 2305843009213693952
Q 81 185 -7428549019748095 4611686018427387904
Q 81 187 6757298779817889 9223372036854775808
Q 81 189 -2949659456686445 9223372036854775808
Q 81 191 2476027160258131 18446744073709551616
Q 81 193 -8006748187106097 147573952589676412928
Q 81 195 3121407735129659 147573952589676412928
Q 81 197 -2350288839510263 295147905179352825856
Q 81 199 3421982302205329 1180591620717411303424
Q 81 201 -602787067885743 590295810358705651712
Q 81 203 6583766340308855 18889465931478580854784
Q 81 205 -4358128626812729 37778931862957161709568
Q 81 207 5599535369684495 151115727451828646838272
Q 81 209 -6987718734529131 604462909807314587353088
Q 81 211 8475443947276627 2417851639229258349412352
Q 81 213 -4999134116625779 4835703278458516698824704
Q 81 215 2869695280792869 9671406556917033397649408
Q 81 217 -3208280910269843 38685626227668133590597632
Q 81 219 6989508512684441 309485009821345068724781056
Q 81 221 -1855526437534553 309485009821345068724781056
Q 81 223 960884121933477 618970019642690137449562112
Q 81 225 -7768757015871811 19807040628566084398385987584
Q 81 227 1916177086669833 19807040628566084398385987584
Q 81 229 -7386629318647649 316912650057057350374175801344
Q 81 231 1739224076248047 316912650057057350374175801344
Q 81 233 -3200123461250911 2535301200456458802993406410752
Q 81 235 5786131889053407 20282409603651670423947251286016
Q 81 237 -660725815567643 10141204801825835211973625643008
Q 81 239 4479779088478947 324518553658426726783156020576256
Q 81 241 -7321138885825135 5192296858534827628530496329220096
Q 81 243 4937508288419283 5192296858534827628530496329220096
Q 81 245 -626660156919059 324518553658426726783156020576256
Q 81 247 5159466412311437 20769187434139310514121985316880384
Q 81 249 8663519062145043 5192296858534827628530496329220096
Q 81 251 -1191107598964229 1298074214633706907132624082305024
Q 81 253 -1549832925706319 1298074214633706907132624082305024
Q 81 255 2150905976070095 1298074214633706907132624082305024
Q 82 0 -839838204168295 9007199254740992
Q 82 2 -8883500253059157 72057594037927936
Q 82 4 3046561336651817 288230376151711744
Q 82 6 4835000926898375 36028797018963968
Q 82 8 7839740639933593 72057594037927936
Q 82 10 -5364669659199327 144115188075855872
Q 82 12 -2560436926078665 18014398509481984
Q 82 14 -3216246389849227 36028797018963968
Q 82 16 4547018141212439 72057594037927936
Q 82 18 1304636430110821 9007199254740992
Q 82 20 4573360092109257 72057594037927936
Q 82 22 -1618884058951731 18014398509481984
Q 82 24 -1266363448441413 9007199254740992
Q 82 26 -8500339392887647 288230376151711744
Q 82 28 8348587291432111 72057594037927936
Q 82 30 1129829499436727 9007199254740992
Q 82 32 -1939303810117105 144115188075855872
Q 82 34 -2454601018440873 18014398509481984
Q 82 36 -3396261310623341 36028797018963968
Q 82 38 4544620061473307 72057594037927936
Q 82 40 5126671674446387 36028797018963968
Q 82 42 6203287924904055 144115188075855872
Q 82 44 -7991819226565911 72057594037927936
Q 82 46 -549398568262475 4503599627370496
Q 82 48 7577972885662475 288230376151711744
Q 82 50 1258577030402369 9007199254740992
Q 82 52 4699387174924907 72057594037927936
Q 82 54 -3543892705428177 36028797018963968
Q 82 56 -141308941001951 1125899906842624
Q 82 58 1745194682778915 72057594037927936
Q 82 60 5017341136828105 36028797018963968
Q 82 62 7426950809242355 144115188075855872
Q 82 64 -4052984195604991 36028797018963968
Q 82 66 -964734513914235 9007199254740992
Q 82 68 8990915710437699 144115188075855872
Q 82 70 2424901858610209 18014398509481984
Q 82 72 -1956853581671635 288230376151711744
Q 82 74 -4943853251333121 36028797018963968
Q 82 76 -3021396595030117 72057594037927936
Q 82 78 556638342755563 4503599627370496
Q 82 80 5638591423397083 72057594037927936
Q 82 82 -7428543415407851 72057594037927936
Q 82 84 -1835811141305145 18014398509481984
Q 82 86 5988714286998537 72057594037927936
Q 82 88 8312718763311365 72057594037927936
Q 82 90 -308372234340519 4503599627370496
Q 82 92 -2190540974890637 18014398509481984
Q 82 94 557059851178333 9007199254740992
Q 82 96 2209591997778183 18014398509481984
Q 82 98 -580370993511009 9007199254740992
Q 82 100 -8559352192289313 72057594037927936
Q 82 102 5497994727774211 72057594037927936
Q 82 104 3893471883923631 36028797018963968
Q 82 106 -6914350800198033 72057594037927936
Q 82 108 -389846534956709 4503599627370496
Q 82 110 4290149644957347 36028797018963968
Q 82 112 7140195221488581 144115188075855872
Q 82 114 -615587471016333 4503599627370496
Q 82 116 1513186061777719 288230376151711744
Q 82 118 4840139427512573 36028797018963968
Q 82 120 -5161063152794489 72057594037927936
Q 82 122 -6883651322151581 72057594037927936
Q 82 124 288301712409467 2251799813685248
Q 82 126 980450382533651 72057594037927936
Q 82 128 -4951117846808139 36028797018963968
Q 82 130 6357754215935513 72057594037927936
Q 82 132 4861404790793479 72057594037927936
Q 82 134 -1308486773398487 9007199254740992
Q 82 136 2273890914260657 36028797018963968
Q 82 138 3066793584698011 36028797018963968
Q 82 140 -2682700879130795 18014398509481984
Q 82 142 1320616232760927 18014398509481984
Q 82 144 4812031003032023 72057594037927936
Q 82 146 -5475173819344371 36028797018963968
Q 82 148 272600098341843 2251799813685248
Q 82 150 -5546751013138909 1152921504606846976
Q 82 152 -2063378998724489 18014398509481984
Q 82 154 375910430362565 2251799813685248
Q 82 156 -594483195515097 4503599627370496
Q 82 158 5219807662083845 144115188075855872
Q 82 160 1332634005960627 18014398509481984
Q 82 162 -2872444060719209 18014398509481984
Q 82 164 7275967264851841 36028797018963968
Q 82 166 -7321644271365831 36028797018963968
Q 82 168 6357281968133349 36028797018963968
Q 82 170 -2470925180872201 18014398509481984
Q 82 172 877708304438475 9007199254740992
Q 82 174 -4619169476851657 72057594037927936
Q 82 176 1419772335275977 36028797018963968
Q 82 178 -6568611574990109 288230376151711744
Q 82 180 7184540238570373 576460752303423488
Q 82 182 -7461905392646105 1152921504606846976
Q 82 184 7384071970572827 2305843009213693952
Q 82 186 -3490901681345995 2305843009213693952
Q 82 188 3161420569010229 4611686018427387904
Q 82 190 -1373962679808177 4611686018427387904
Q 82 192 574165713065633 4611686018427387904
Q 82 194 -1848668364798001 36893488147419103232
Q 82 196 2870413357150855 147573952589676412928
Q 82 198 -4304124037989349 590295810358705651712
Q 82 200 6240050753913217 2361183241434822606848
Q 82 202 -2189058255018435 2361183241434822606848
Q 82 204 5952045745401755 18889465931478580854784
Q 82 206 -3923332643777943 37778931862957161709568
Q 82 208 627457942052569 18889465931478580854784
Q 82 210 -6237771473798289 604462909807314587353088
Q 82 212 7534102546908989 2417851639229258349412352
Q 82 214 -4425295235940465 4835703278458516698824704
Q 82 216 2529675442527747 9671406556917033397649408
Q 82 218 -5632692199128451 77371252455336267181195264
Q 82 220 6110092944704133 309485009821345068724781056
Q 82 222 -6461268550977633 1237940039285380274899124224
Q 82 224 1666034300275821 1237940039285380274899124224
Q 82 226 -419192612279751 1237940039285380274899124224
Q 82 228 3294614011713365 39614081257132168796771975168
Q 82 230 -6322590957906417 316912650057057350374175801344
Q 82 232 5936763289908939 1267650600228229401496703205376
Q 82 234 -5444168212171399 5070602400912917605986812821504
Q 82 236 4793446164237759 20282409603651670423947251286016
Q 82 238 -2218748132179489 40564819207303340847894502572032
Q 82 240 5901875300231585 324518553658426726783156020576256
Q 82 242 -7024982150238291 2596148429267413814265248164610048
Q 82 244 -6235513896131765 1298074214633706907132624082305024
Q 82 246 4770616091532729 10384593717069655257060992658440192
Q 82 248 1823086669838401 324518553658426726783156020576256
Q 82 250 -4062484816071105 1298074214633706907132624082305024
Q 82 252 -5024373155954465 1298074214633706907132624082305024
Q 82 254 3533153304195347 649037107316853453566312041152512
Q 83 1 -4961313311569775 36028797018963968
Q 83 3 -2555533125943579 36028797018963968
Q 83 5 1437259793074713 18014398509481984
Q 83 7 5200708851119299 36028797018963968
Q 83 9 3824857282184345 72057594037927936
Q 83 11 -1720918842295747 18014398509481984
Q 83 13 -5084475097446761 36028797018963968
Q 83 15 -4890539144287273 144115188075855872
Q 83 17 992460345239981 9007199254740992
Q 83 19 602853990406643 4503599627370496
Q 83 21 2956551172579611 288230376151711744
Q 83 23 -2246831817451445 18014398509481984
Q 83 25 -8677301794783297 72057594037927936
Q 83 27 5627809021365333 288230376151711744
Q 83 29 2473051638939227 18014398509481984
Q 83 31 7020427128329665 72057594037927936
Q 83 33 -1998287606963607 36028797018963968
Q 83 35 -5162713845501515 36028797018963968
Q 83 37 -8799559541130387 144115188075855872
Q 83 39 1702945470316595 18014398509481984
Q 83 41 304233072578793 2251799813685248
Q 83 43 2626107848934067 288230376151711744
Q 83 45 -4621534367005471 36028797018963968
Q 83 47 -1856550245394239 18014398509481984
Q 83 49 7884168837900999 144115188075855872
Q 83 51 1270484695249125 9007199254740992
Q 83 53 5822398256059673 144115188075855872
Q 83 55 -4131026917061779 36028797018963968
Q 83 57 -8128861883048399 72057594037927936
Q 83 59 6624292978401285 144115188075855872
Q 83 61 2517081791988625 18014398509481984
Q 83 63 584956127145413 18014398509481984
Q 83 65 -4406671825499089 36028797018963968
Q 83 67 -427487459634025 4503599627370496
Q 83 69 5502940200247845 72057594037927936
Q 83 71 4676243644802595 36028797018963968
Q 83 73 -2992458958539943 144115188075855872
Q 83 75 -310941736794599 2251799813685248
Q 83 77 -8726444543383551 288230376151711744
Q 83 79 2302629131253253 18014398509481984
Q 83 81 1253784847444159 18014398509481984
Q 83 83 -1957283800698217 18014398509481984
Q 83 85 -6913328462679311 72057594037927936
Q 83 87 6386642482559553 72057594037927936
Q 83 89 8024998978799999 72057594037927936
Q 83 91 -5273869740125109 72057594037927936
Q 83 93 -8565414119593051 72057594037927936
Q 83 95 589135147211917 9007199254740992
Q 83 97 8695860775378873 72057594037927936
Q 83 99 -150251751146813 2251799813685248
Q 83 101 -4226968430917757 36028797018963968
Q 83 103 1393317868617245 18014398509481984
Q 83 105 3860494506975521 36028797018963968
Q 83 107 -3455700595726123 36028797018963968
Q 83 109 -6228771010205317 72057594037927936
Q 83 111 8526560011482069 72057594037927936
Q 83 113 7281875087100341 144115188075855872
Q 83 115 -2448859155701149 18014398509481984
Q 83 117 3542280490911513 1152921504606846976
Q 83 119 2424457822930379 18014398509481984
Q 83 121 -4956800513555735 72057594037927936
Q 83 123 -1759635896519331 18014398509481984
Q 83 125 4538908042530429 36028797018963968
Q 83 127 635747222086195 36028797018963968
Q 83 129 -2487481229740009 18014398509481984
Q 83 131 3032232275360943 36028797018963968
Q 83 133 5162115710522273 72057594037927936
Q 83 135 -5206736990067443 36028797018963968
Q 83 137 2085656935723289 36028797018963968
Q 83 139 1611761639881393 18014398509481984
Q 83 141 -2664715402504361 18014398509481984
Q 83 143 4877787324869801 72057594037927936
Q 83 145 2599140373918121 36028797018963968
Q 83 147 -5498807434030375 36028797018963968
Q 83 149 4196713467427685 36028797018963968
Q 83 151 4025765384442417 2305843009213693952
Q 83 153 -8563955254720361 72057594037927936
Q 83 155 6002413055085541 36028797018963968
Q 83 157 -286952223138309 2251799813685248
Q 83 159 8576798719736601 288230376151711744
Q 83 161 1435647923973433 18014398509481984
Q 83 163 -5862777724397677 36028797018963968
Q 83 165 7291662352669481 36028797018963968
Q 83 167 -3628448686672091 18014398509481984
Q 83 169 6248765612008071 36028797018963968
Q 83 171 -602956308736389 4503599627370496
Q 83 173 6811241267794417 72057594037927936
Q 83 175 -4455158057758339 72057594037927936
Q 83 177 1361994845535933 36028797018963968
Q 83 179 -6268885297236153 288230376151711744
Q 83 181 3411309054907397 288230376151711744
Q 83 183 -7051705441700077 1152921504606846976
Q 83 185 3472536503749049 1152921504606846976
Q 83 187 -3268058367900879 2305843009213693952
Q 83 189 1473003235403061 2305843009213693952
Q 83 191 -637262485366019 2305843009213693952
Q 83 193 8483428899992903 73786976294838206464
Q 83 195 -3399066574717543 73786976294838206464
Q 83 197 656787507326417 36893488147419103232
Q 83 199 -7843977712482697 1180591620717411303424
Q 83 201 5661098327711647 2361183241434822606848
Q 83 203 -3954572348233059 4722366482869645213696
Q 83 205 1338214609905391 4722366482869645213696
Q 83 207 -3513085966269185 37778931862957161709568
Q 83 209 1118841657581391 37778931862957161709568
Q 83 211 -5537446413848501 604462909807314587353088
Q 83 213 1664880073572343 604462909807314587353088
Q 83 215 -3894842948808361 4835703278458516698824704
Q 83 217 8867750162000885 38685626227668133590597632
Q 83 219 -4915301062053461 77371252455336267181195264
Q 83 221 5309234393874201 309485009821345068724781056
Q 83 223 -5590577577679547 1237940039285380274899124224
Q 83 225 5741728146519475 4951760157141521099596496896
Q 83 227 -719288683879755 2475880078570760549798248448
Q 83 229 1407288271458273 19807040628566084398385987584
Q 83 231 -5377141093650095 316912650057057350374175801344
Q 83 233 627666468306565 158456325028528675187087900672
Q 83 235 -4563804266474035 5070602400912917605986812821504
Q 83 237 7885200922456459 40564819207303340847894502572032
Q 83 239 -6984306179179673 162259276829213363391578010288128
Q 83 241 1072021971276855 81129638414606681695789005144064
Q 83 243 -5119751402291431 5192296858534827628530496329220096
Q 83 245 -5778277052159531 1298074214633706907132624082305024
Q 83 247 2669777931975479 5192296858534827628530496329220096
Q 83 249 366392373861411 81129638414606681695789005144064
Q 83 251 -3210647774973493 1298074214633706907132624082305024
Q 83 253 -4162763433666711 1298074214633706907132624082305024
Q 83 255 5780051412829477 1298074214633706907132624082305024
Q 84 0 830779400189839 9007199254740992
Q 84 2 1139549059187501 9007199254740992
Q 84 4 8823686590080847 18446744073709551616
Q 84 6 -2301918159972233 18014398509481984
Q 84 8 -8768299123231875 72057594037927936
Q 84 10 3495488192008217 288230376151711744
Q 84 12 2401962135285955 18014398509481984
Q 84 14 1030447987152169 9007199254740992
Q 84 16 -7291405221671845 288230376151711744
Q 84 18 -2489423138240829 18014398509481984
Q 84 20 -7465954197413943 72057594037927936
Q 84 22 6099098472037115 144115188075855872
Q 84 24 5131725249665591 36028797018963968
Q 84 26 6268967441124485 72057594037927936
Q 84 28 -4634934665897917 72057594037927936
Q 84 30 -324397747236883 2251799813685248
Q 84 32 -4451958302216531 72057594037927936
Q 84 34 3269784481066317 36028797018963968
Q 84 36 5003870368795229 36028797018963968
Q 84 38 7283542068869381 288230376151711744
Q 84 40 -4256969698373457 36028797018963968
Q 84 42 -4336102065797661 36028797018963968
Q 84 44 6716026869882641 288230376151711744
Q 84 46 19465753012363 140737488355328
Q 84 48 5821954758158087 72057594037927936
Q 84 50 -2847641064310077 36028797018963968
Q 84 52 -4943854150690949 36028797018963968
Q 84 54 -4639086044673845 288230376151711744
Q 84 56 4554251645105305 36028797018963968
Q 84 58 7077851728059975 72057594037927936
Q 84 60 -4672533170990893 72057594037927936
Q 84 62 -309226068069195 2251799813685248
Q 84 64 -1050579725403009 72057594037927936
Q 84 66 582144829892099 4503599627370496
Q 84 68 5957314157302217 72057594037927936
Q 84 70 -3168428361590903 36028797018963968
Q 84 72 -8948408455274939 72057594037927936
Q 84 74 4737925729664889 144115188075855872
Q 84 76 4964623782935203 36028797018963968
Q 84 78 2884450013770253 144115188075855872
Q 84 80 -4710195733939507 36028797018963968
Q 84 82 -2233309128927629 36028797018963968
Q 84 84 4066000174937755 36028797018963968
Q 84 86 1635188772730667 18014398509481984
Q 84 88 -3343702936998855 36028797018963968
Q 84 90 -3891865716447819 36028797018963968
Q 84 92 2759651516979849 36028797018963968
Q 84 94 8410042996851759 72057594037927936
Q 84 96 -4879487024073727 72057594037927936
Q 84 98 -4297448004615477 36028797018963968
Q 84 100 2444537882058937 36028797018963968
Q 84 102 4197441203926117 36028797018963968
Q 84 104 -5573340613070177 72057594037927936
Q 84 106 -7709889667661927 72057594037927936
Q 84 108 6846279166791955 72057594037927936
Q 84 110 3142586812714989 36028797018963968
Q 84 112 -8429515787637955 72057594037927936
Q 84 114 -7571699061827803 144115188075855872
Q 84 116 151935709560381 1125899906842624
Q 84 118 6183297438799083 36893488147419103232
Q 84 120 -4864572874897799 36028797018963968
Q 84 122 585753542112551 9007199254740992
Q 84 124 7238582580113365 72057594037927936
Q 84 126 -8890826134579961 72057594037927936
Q 84 128 -6510874174864865 288230376151711744
Q 84 130 2500267628616733 18014398509481984
Q 84 132 -2855944560945039 36028797018963968
Q 84 134 -344298918202485 4503599627370496
Q 84 136 1292325798658571 9007199254740992
Q 84 138 -7469482486486533 144115188075855872
Q 84 140 -6794051772694729 72057594037927936
Q 84 142 5280962128045795 36028797018963968
Q 84 144 -8834334407255365 144115188075855872
Q 84 146 -5619673071944191 72057594037927936
Q 84 148 344747991325459 2251799813685248
Q 84 150 -4008298093240945 36028797018963968
Q 84 152 -643460543791635 72057594037927936
Q 84 154 8889433778697071 72057594037927936
Q 84 156 -1495074886932053 9007199254740992
Q 84 158 4406538069163237 36028797018963968
Q 84 160 -6554304033924859 288230376151711744
Q 84 162 -3090051840100931 36028797018963968
Q 84 164 5984207347359571 36028797018963968
Q 84 166 -7303714644495487 36028797018963968
Q 84 168 3592433610676435 18014398509481984
Q 84 170 -6132451571033479 36028797018963968
Q 84 172 4698990018893539 36028797018963968
Q 84 174 -3295899971465263 36028797018963968
Q 84 176 8571384873073195 144115188075855872
Q 84 178 -5211125770967709 144115188075855872
Q 84 180 2982002627742325 144115188075855872
Q 84 182 -6457057430196049 576460752303423488
Q 84 184 830019214445851 144115188075855872
Q 84 186 -406716405212271 144115188075855872
Q 84 188 3047304723025785 2305843009213693952
Q 84 190 -341738398182485 576460752303423488
Q 84 192 1177197772354629 4611686018427387904
Q 84 194 -7799129170693715 73786976294838206464
Q 84 196 6220955445303307 147573952589676412928
Q 84 198 -4786206376021761 295147905179352825856
Q 84 200 444545530769089 73786976294838206464
Q 84 202 -1277545450213165 590295810358705651712
Q 84 204 7107419711805657 9444732965739290427392
Q 84 206 -4788779510122615 18889465931478580854784
Q 84 208 6257824760971297 75557863725914323419136
Q 84 210 -3968321969304379 151115727451828646838272
Q 84 212 4888424897179169 604462909807314587353088
Q 84 214 -2926580172960969 1208925819614629174706176
Q 84 216 6816508369206653 9671406556917033397649408
Q 84 218 -3863013024487765 19342813113834066795298816
Q 84 220 1065955954753125 19342813113834066795298816
Q 84 222 -2292779997629665 154742504910672534362390528
Q 84 224 4807668356711211 1237940039285380274899124224
Q 84 226 -4916348102841013 4951760157141521099596496896
Q 84 228 1226429926317977 4951760157141521099596496896
Q 84 230 -4778986049893669 79228162514264337593543950336
Q 84 232 4549678559219471 316912650057057350374175801344
Q 84 234 -264420807236705 79228162514264337593543950336
Q 84 236 477340228628521 633825300114114700748351602688
Q 84 238 -3463645374565101 20282409603651670423947251286016
Q 84 240 908987802698041 20282409603651670423947251286016
Q 84 242 -5302336687597633 649037107316853453566312041152512
Q 84 244 -6094553865095539 1298074214633706907132624082305024
Q 84 246 3533741110914507 10384593717069655257060992658440192
Q 84 248 8755828133495777 1298074214633706907132624082305024
Q 84 250 -4853303979368715 1298074214633706907132624082305024
Q 84 252 -5998413907216775 1298074214633706907132624082305024
Q 84 254 8435603688201639 1298074214633706907132624082305024
Q 85 1 4956355801146497 36028797018963968
Q 85 3 1415219977250077 18014398509481984
Q 85 5 -307864039154325 4503599627370496
Q 85 7 -5244805491775209 36028797018963968
Q 85 9 -5344392064475985 72057594037927936
Q 85 11 5256757609223393 72057594037927936
Q 85 13 82019365578065 562949953421312
Q 85 15 4990125518909881 72057594037927936
Q 85 17 -5654021528471345 72057594037927936
Q 85 19 -2612397062294921 18014398509481984
Q 85 21 -8721815548250879 144115188075855872
Q 85 23 6305110699416895 72057594037927936
Q 85 25 2574956832724853 18014398509481984
Q 85 27 6593358202159973 144115188075855872
Q 85 29 -7261374622820925 72057594037927936
Q 85 31 -4954317887333347 36028797018963968
Q 85 33 -51275365035123 2251799813685248
Q 85 35 1056987851147293 9007199254740992
Q 85 37 4506382116037581 36028797018963968
Q 85 39 -5837720912996141 576460752303423488
Q 85 41 -4813635840064441 36028797018963968
Q 85 43 -7220119386872039 72057594037927936
Q 85 45 7575493770943489 144115188075855872
Q 85 47 2554108854717755 18014398509481984
Q 85 49 8208092623587493 144115188075855872
Q 85 51 -890725523648881 9007199254740992
Q 85 53 -2331667285137167 18014398509481984
Q 85 55 7774173484414735 1152921504606846976
Q 85 57 2415514639379717 18014398509481984
Q 85 59 5964190634721127 72057594037927936
Q 85 61 -90938701522729 1125899906842624
Q 85 63 -2393160057563533 18014398509481984
Q 85 65 7955308206193713 4611686018427387904
Q 85 67 4821714609808117 36028797018963968
Q 85 69 2554251903719677 36028797018963968
Q 85 71 -1752840180350791 18014398509481984
Q 85 73 -1065422366781133 9007199254740992
Q 85 75 6214410345317159 144115188075855872
Q 85 77 4927048035468635 36028797018963968
Q 85 79 3245804829268445 288230376151711744
Q 85 81 -4778450869957903 36028797018963968
Q 85 83 -8008450255971025 144115188075855872
Q 85 85 8351303740625597 72057594037927936
Q 85 87 3118227856211877 36028797018963968
Q 85 89 -862515442401259 9007199254740992
Q 85 91 -3798927291042365 36028797018963968
Q 85 93 5676092305386393 72057594037927936
Q 85 95 4151153806581151 36028797018963968
Q 85 97 -4959520887302135 72057594037927936
Q 85 99 -4269477599323161 36028797018963968
Q 85 101 4888506354354277 72057594037927936
Q 85 103 130986220126861 1125899906842624
Q 85 105 -2749724344405165 36028797018963968
Q 85 107 -7752478383736139 72057594037927936
Q 85 109 1679675396975635 18014398509481984
Q 85 111 6404244096002745 72057594037927936
Q 85 113 -1035862243942839 9007199254740992
Q 85 115 -8004326195273015 144115188075855872
Q 85 117 4815141619845145 36028797018963968
Q 85 119 5134053852287295 1152921504606846976
Q 85 121 -2442039352863611 18014398509481984
Q 85 123 33960267981111 562949953421312
Q 85 125 7477962782994491 72057594037927936
Q 85 127 -8659120358694903 72057594037927936
Q 85 129 -8186014102780109 288230376151711744
Q 85 131 2511997020664635 18014398509481984
Q 85 133 -5297074369912557 72057594037927936
Q 85 135 -5895883834517505 72057594037927936
Q 85 137 5117876352690151 36028797018963968
Q 85 139 -3236933309675075 72057594037927936
Q 85 141 -7168290053994169 72057594037927936
Q 85 143 5216392476879897 36028797018963968
Q 85 145 -7798524234231595 144115188075855872
Q 85 147 -6070907055112107 72057594037927936
Q 85 149 1380773606529363 9007199254740992
Q 85 151 -7589259842336403 72057594037927936
Q 85 153 -1204136274270981 72057594037927936
Q 85 155 288258916449675 2251799813685248
Q 85 157 -5945506286765595 36028797018963968
Q 85 159 8401017835244545 72057594037927936
Q 85 161 -4375627704632535 288230376151711744
Q 85 163 -6640008983198061 72057594037927936
Q 85 165 3053707302499867 18014398509481984
Q 85 167 -7310772665676889 36028797018963968
Q 85 169 7104861514059411 36028797018963968
Q 85 171 -6008236817898857 36028797018963968
Q 85 173 2284068425894555 18014398509481984
Q 85 175 -6364174158993895 72057594037927936
Q 85 177 8223182396197089 144115188075855872
Q 85 179 -1242459660677263 36028797018963968
Q 85 181 5655803071645181 288230376151711744
Q 85 183 -95158875219109 9007199254740992
Q 85 185 6229924701224817 1152921504606846976
Q 85 187 -6074115267212789 2305843009213693952
Q 85 189 5660171606718389 4611686018427387904
Q 85 191 -5052976658199625 9223372036854775808
Q 85 193 4330359381763367 18446744073709551616
Q 85 195 -7137858350590367 73786976294838206464
Q 85 197 708302355455191 18446744073709551616
Q 85 199 -2169512731159571 147573952589676412928
Q 85 201 1604512795578419 295147905179352825856
Q 85 203 -4589701532894335 2361183241434822606848
Q 85 205 6354107493480317 9444732965739290427392
Q 85 207 -4261612445914249 18889465931478580854784
Q 85 209 5543575024334937 75557863725914323419136
Q 85 211 -218716151614749 9444732965739290427392
Q 85 213 4291405001991003 604462909807314587353088
Q 85 215 -2557620878771031 1208925819614629174706176
Q 85 217 5930494821462615 9671406556917033397649408
Q 85 219 -6691845980825411 38685626227668133590597632
Q 85 221 7353381856809841 154742504910672534362390528
Q 85 223 -7873276102413227 618970019642690137449562112
Q 85 225 4109129810721429 1237940039285380274899124224
Q 85 227 -8367106392701487 9903520314283042199192993792
Q 85 229 4156151590935573 19807040628566084398385987584
Q 85 231 -8061222511047217 158456325028528675187087900672
Q 85 233 3818588406762029 316912650057057350374175801344
Q 85 235 -7057308290617079 2535301200456458802993406410752
Q 85 237 6304010907109095 10141204801825835211973625643008
Q 85 239 -5608156717962443 40564819207303340847894502572032
Q 85 241 5665462662565645 162259276829213363391578010288128
Q 85 243 -3346119674397353 649037107316853453566312041152512
Q 85 245 -3084930312544947 649037107316853453566312041152512
Q 85 247 308793427963177 649037107316853453566312041152512
Q 85 249 3680312376227587 649037107316853453566312041152512
Q 85 251 -8030254411972433 2596148429267413814265248164610048
Q 85 253 -2599124880524269 649037107316853453566312041152512
Q 85 255 3609195891204071 649037107316853453566312041152512
Q 86 0 6574122986975971 72057594037927936
Q 86 2 4669393469545231 36028797018963968
Q 86 4 3364394224613017 288230376151711744
Q 86 6 -8631731225510045 72057594037927936
Q 86 8 -2383177973045815 18014398509481984
Q 86 10 -3940193882859665 288230376151711744
Q 86 12 8546417368188235 72057594037927936
Q 86 14 4796814240348435 36028797018963968
Q 86 16 8583976411345191 576460752303423488
Q 86 18 -4262706234828055 36028797018963968
Q 86 20 -4761371054234729 36028797018963968
Q 86 22 -105135400376235 9007199254740992
Q 86 24 4351599724555831 36028797018963968
Q 86 26 2312578900795829 18014398509481984
Q 86 28 4525472265262581 2305843009213693952
Q 86 30 -1139628359342215 9007199254740992
Q 86 32 -8653532490718681 72057594037927936
Q 86 34 4584585364667751 288230376151711744
Q 86 36 4847120525598319 36028797018963968
Q 86 38 7517460233614709 72057594037927936
Q 86 40 -3088484713875701 72057594037927936
Q 86 42 -2545728245492491 18014398509481984
Q 86 44 -2765319682262585 36028797018963968
Q 86 46 2798870421209423 36028797018963968
Q 86 48 5034955965165685 36028797018963968
Q 86 50 2376869658431589 72057594037927936
Q 86 52 -8234680885034677 72057594037927936
Q 86 54 -4282936406233191 36028797018963968
Q 86 56 7919888936924691 288230376151711744
Q 86 58 4983882913645759 36028797018963968
Q 86 60 2424110202946079 36028797018963968
Q 86 62 -6761961207164615 72057594037927936
Q 86 64 -2288319857747879 18014398509481984
Q 86 66 4667552231895841 288230376151711744
Q 86 68 2459007696635215 18014398509481984
Q 86 70 2161236811430149 36028797018963968
Q 86 72 -1885966708954997 18014398509481984
Q 86 74 -8107277328757439 72057594037927936
Q 86 76 7429439834268349 144115188075855872
Q 86 78 4874821968126661 36028797018963968
Q 86 80 4697594603141789 1152921504606846976
Q 86 82 -4819145522402073 36028797018963968
Q 86 84 -7271104858131657 144115188075855872
Q 86 86 8499135151029899 72057594037927936
Q 86 88 6008065872892709 72057594037927936
Q 86 90 -3516134705609773 36028797018963968
Q 86 92 -7473286988679813 72057594037927936
Q 86 94 5748669786882899 72057594037927936
Q 86 96 8245705749371137 72057594037927936
Q 86 98 -4955713941394739 72057594037927936
Q 86 100 -8529032231006853 72057594037927936
Q 86 102 4807544037529229 72057594037927936
Q 86 104 8417389109826299 72057594037927936
Q 86 106 -1337872970682977 18014398509481984
Q 86 108 -1961438959903387 18014398509481984
Q 86 110 1631729806185899 18014398509481984
Q 86 112 3291028904979635 36028797018963968
Q 86 114 -8094848743157385 72057594037927936
Q 86 116 -1071570726446569 18014398509481984
Q 86 118 4754252021802537 36028797018963968
Q 86 120 5627385827136643 576460752303423488
Q 86 122 -4903593012609521 36028797018963968
Q 86 124 7874725513735069 144115188075855872
Q 86 126 3874760610210959 36028797018963968
Q 86 128 -2094071681139337 18014398509481984
Q 86 130 -5048826881698949 144115188075855872
Q 86 132 2520443954409839 18014398509481984
Q 86 134 -4817087708002157 72057594037927936
Q 86 136 -6316772736857913 72057594037927936
Q 86 138 2524150795547571 18014398509481984
Q 86 140 -2677195228249743 72057594037927936
Q 86 142 -1890599752735077 18014398509481984
Q 86 144 1282964452754215 9007199254740992
Q 86 146 -1661588630971985 36028797018963968
Q 86 148 -6545789634576885 72057594037927936
Q 86 150 5516360731564849 36028797018963968
Q 86 152 -7108146488298981 72057594037927936
Q 86 154 -3610073606893715 144115188075855872
Q 86 156 2390561879947641 18014398509481984
Q 86 158 -5895202640115835 36028797018963968
Q 86 160 7943936235618583 72057594037927936
Q 86 162 -255712863076753 36028797018963968
Q 86 164 -3559457929624505 36028797018963968
Q 86 166 1557637163594427 9007199254740992
Q 86 168 -1827868824041211 9007199254740992
Q 86 170 7016226897430347 36028797018963968
Q 86 172 -1469017769888251 9007199254740992
Q 86 174 1107850599589277 9007199254740992
Q 86 176 -3064623921197473 36028797018963968
Q 86 178 7867387183343225 144115188075855872
Q 86 180 -4725428971315913 144115188075855872
Q 86 182 5346075128320217 288230376151711744
Q 86 184 -5724174090743653 576460752303423488
Q 86 186 5823548461334105 1152921504606846976
Q 86 188 -1411925685324107 576460752303423488
Q 86 190 5235439283076929 4611686018427387904
Q 86 192 -1162485503629669 2305843009213693952
Q 86 194 7929870736576123 36893488147419103232
Q 86 196 -6503122683627247 73786976294838206464
Q 86 198 5137245090197237 147573952589676412928
Q 86 200 -7829495683253981 590295810358705651712
Q 86 202 1440669766715511 295147905179352825856
Q 86 204 -8202813321646131 4722366482869645213696
Q 86 206 5651265639065333 9444732965739290427392
Q 86 208 -3772437283730811 18889465931478580854784
Q 86 210 4884361437512915 75557863725914323419136
Q 86 212 -6138048368157109 302231454903657293676544
Q 86 214 234137798098671 37778931862957161709568
Q 86 216 -8889777325308871 4835703278458516698824704
Q 86 218 2564885077700685 4835703278458516698824704
Q 86 220 -1440502887765451 9671406556917033397649408
Q 86 222 6302966269937927 154742504910672534362390528
Q 86 224 -1679543840893841 154742504910672534362390528
Q 86 226 3490525624769989 1237940039285380274899124224
Q 86 228 -3537850654095865 4951760157141521099596496896
Q 86 230 6998443985387743 39614081257132168796771975168
Q 86 232 -3378906851626021 79228162514264337593543950336
Q 86 234 3186751651783489 316912650057057350374175801344
Q 86 236 -1468556532922103 633825300114114700748351602688
Q 86 238 5289446728953601 10141204801825835211973625643008
Q 86 240 -1160075878815569 10141204801825835211973625643008
Q 86 242 2006077745982013 81129638414606681695789005144064
Q 86 244 -1816226634727147 324518553658426726783156020576256
Q 86 246 2884771950492443 2596148429267413814265248164610048
Q 86 248 31698853887203 162259276829213363391578010288128
Q 86 250 -2011981833806779 10384593717069655257060992658440192
Q 86 252 -5745051113120463 20769187434139310514121985316880384
Q 86 254 2011988995905397 5192296858534827628530496329220096
Q 87 1 -4949504842281167 36028797018963968
Q 87 3 -3100271941826723 36028797018963968
Q 87 5 8098984819224303 144115188075855872
Q 87 7 5207019894618003 36028797018963968
Q 87 9 3375031766011727 36028797018963968
Q 87 11 -1705625774297235 36028797018963968
Q 87 13 -1286776515281403 9007199254740992
Q 87 15 -3616315794309905 36028797018963968
Q 87 17 713188971591999 18014398509481984
Q 87 19 5076628221511915 36028797018963968
Q 87 21 7466370727661267 72057594037927936
Q 87 23 -656082380142429 18014398509481984
Q 87 25 -5045344856608525 36028797018963968
Q 87 27 -7367072640005361 72057594037927936
Q 87 29 5746790607645305 144115188075855872
Q 87 31 5075069835374931 36028797018963968
Q 87 33 3416892580212589 36028797018963968
Q 87 35 -925760244888389 18014398509481984
Q 87 37 -2569189553347659 18014398509481984
Q 87 39 -712758223804729 9007199254740992
Q 87 41 5145970058514063 72057594037927936
Q 87 43 2562392522385205 18014398509481984
Q 87 45 7475062666350053 144115188075855872
Q 87 47 -7076666206733799 72057594037927936
Q 87 49 -4806977369290949 36028797018963968
Q 87 51 -5762748689904973 576460752303423488
Q 87 53 4522174699985121 36028797018963968
Q 87 55 3841614705173107 36028797018963968
Q 87 57 -1648372212603775 36028797018963968
Q 87 59 -2518760441276377 18014398509481984
Q 87 61 -7554057732715375 144115188075855872
Q 87 63 7514547552736935 72057594037927936
Q 87 65 8683563014993105 72057594037927936
Q 87 67 -8274803276793757 288230376151711744
Q 87 69 -4962982647469589 36028797018963968
Q 87 71 -7241057668662085 144115188075855872
Q 87 73 3976446244243655 36028797018963968
Q 87 75 482756234443881 4503599627370496
Q 87 77 -8395048330706255 144115188075855872
Q 87 79 -602281151477949 4503599627370496
Q 87 81 3510157815249173 2305843009213693952
Q 87 83 4839758365506569 36028797018963968
Q 87 85 1682699943616531 36028797018963968
Q 87 87 -4292518261739891 36028797018963968
Q 87 89 -2930214658501299 36028797018963968
Q 87 91 3544648028679223 36028797018963968
Q 87 93 3706614262177611 36028797018963968
Q 87 95 -5739822246606401 72057594037927936
Q 87 97 -4120576442110077 36028797018963968
Q 87 99 608649955611823 9007199254740992
Q 87 101 8563732240980969 72057594037927936
Q 87 103 -4646117187353325 72057594037927936
Q 87 105 -2123573660974467 18014398509481984
Q 87 107 5128123925908683 72057594037927936
Q 87 109 7984864514550627 72057594037927936
Q 87 111 -6267882624626735 72057594037927936
Q 87 113 -3406585081690219 36028797018963968
Q 87 115 7848099633041567 72057594037927936
Q 87 117 4633498420280527 72057594037927936
Q 87 119 -4675445974672369 36028797018963968
Q 87 121 -4630004838192913 288230376151711744
Q 87 123 2459240937624813 18014398509481984
Q 87 125 -1727652342522043 36028797018963968
Q 87 127 -2011154586651553 18014398509481984
Q 87 129 502205667316635 4503599627370496
Q 87 131 1528472886412129 36028797018963968
Q 87 133 -2523093505798979 18014398509481984
Q 87 135 8538590843807177 144115188075855872
Q 87 137 6763534183569879 72057594037927936
Q 87 139 -4956111584778431 36028797018963968
Q 87 141 256939679502413 9007199254740992
Q 87 143 7967884054222293 72057594037927936
Q 87 145 -5023305898357275 36028797018963968
Q 87 147 2688673890354183 72057594037927936
Q 87 149 3518576448419721 36028797018963968
Q 87 151 -2745859266832101 18014398509481984
Q 87 153 1642581270307135 18014398509481984
Q 87 155 4885240943432779 144115188075855872
Q 87 157 -4948230600832691 36028797018963968
Q 87 159 5826486975229139 36028797018963968
Q 87 161 -3719866865143573 36028797018963968
Q 87 163 -6861824301177831 4611686018427387904
Q 87 165 7613093461132197 72057594037927936
Q 87 167 -3175841129812543 18014398509481984
Q 87 169 7304469544597319 36028797018963968
Q 87 171 -3459181899318551 18014398509481984
Q 87 173 1433991320201571 9007199254740992
Q 87 175 -8578288526690317 72057594037927936
Q 87 177 5887955080412823 72057594037927936
Q 87 179 -7505709221440973 144115188075855872
Q 87 181 8958397343526219 288230376151711744
Q 87 183 -629570939658351 36028797018963968
Q 87 185 5361195040682405 576460752303423488
Q 87 187 -5423389082736641 1152921504606846976
Q 87 189 1307667861634921 576460752303423488
Q 87 191 -1205693950864695 1152921504606846976
Q 87 193 2130424763825039 4611686018427387904
Q 87 195 -7228673474033585 36893488147419103232
Q 87 197 5897822900178785 73786976294838206464
Q 87 199 -4635603360764411 147573952589676412928
Q 87 201 7029772364178433 590295810358705651712
Q 87 203 -5148559381771423 1180591620717411303424
Q 87 205 3646429709174017 2361183241434822606848
Q 87 207 -5000027003786853 9444732965739290427392
Q 87 209 6643340055340303 37778931862957161709568
Q 87 211 -2140104104942087 37778931862957161709568
Q 87 213 1338331450075151 75557863725914323419136
Q 87 215 -1625937206806787 302231454903657293676544
Q 87 217 7680575750193055 4835703278458516698824704
Q 87 219 -2205679816025995 4835703278458516698824704
Q 87 221 1233021770054529 9671406556917033397649408
Q 87 223 -671279668835825 19342813113834066795298816
Q 87 225 5697719916438429 618970019642690137449562112
Q 87 227 -1473400601490227 618970019642690137449562112
Q 87 229 5946315660164847 9903520314283042199192993792
Q 87 231 -1463682250685245 9903520314283042199192993792
Q 87 233 5627969736417517 158456325028528675187087900672
Q 87 235 -5284063411470843 633825300114114700748351602688
Q 87 237 4847654763623637 2535301200456458802993406410752
Q 87 239 -8694663310174185 20282409603651670423947251286016
Q 87 241 3812885590116131 40564819207303340847894502572032
Q 87 243 -6546201669945719 324518553658426726783156020576256
Q 87 245 5506250599498757 1298074214633706907132624082305024
Q 87 247 -573688533754909 649037107316853453566312041152512
Q 87 249 3895088505636547 20769187434139310514121985316880384
Q 87 251 -6851006565353743 166153499473114484112975882535043072
Q 87 253 4031934547996915 2658455991569831745807614120560689152
Q 87 255 4026782960162279 664613997892457936451903530140172288
Q 88 0 -3251104233237853 36028797018963968
Q 88 2 -2387631729034675 18014398509481984
Q 88 4 -3311734323869335 144115188075855872
Q 88 6 496524703362301 4503599627370496
Q 88 8 632138707441589 4503599627370496
Q 88 10 1420887284280365 36028797018963968
Q 88 12 -886250014539339 9007199254740992
Q 88 14 -2598007174232375 18014398509481984
Q 88 16 -7856697071857123 144115188075855872
Q 88 18 6249623780830815 72057594037927936
Q 88 20 5241285468988369 36028797018963968
Q 88 22 4664493609473239 72057594037927936
Q 88 24 -5665371357407829 72057594037927936
Q 88 26 -2616207128042811 18014398509481984
Q 88 28 -4943002815429287 72057594037927936
Q 88 30 2753997241049147 36028797018963968
Q 88 32 162542796110015 1125899906842624
Q 88 34 2336516861404233 36028797018963968
Q 88 36 -5891727183660991 72057594037927936
Q 88 38 -5138817703584639 36028797018963968
Q 88 40 -7462384939609871 144115188075855872
Q 88 42 855377326288637 9007199254740992
Q 88 44 2479329629199399 18014398509481984
Q 88 46 7799783067548083 288230376151711744
Q 88 48 -4111976721394361 36028797018963968
Q 88 50 -8936173725749899 72057594037927936
Q 88 52 6475933000570637 576460752303423488
Q 88 54 4795614869541751 36028797018963968
Q 88 56 843264237898111 9007199254740992
Q 88 58 -8853183435182191 144115188075855872
Q 88 60 -5016658889539371 36028797018963968
Q 88 62 -5570887384502901 144115188075855872
Q 88 64 8099637878031913 72057594037927936
Q 88 66 8202780177996587 72057594037927936
Q 88 68 -22095141013135 562949953421312
Q 88 70 -4971995728289797 36028797018963968
Q 88 72 -754385639354097 18014398509481984
Q 88 74 4128192598685225 36028797018963968
Q 88 76 3696227583620317 36028797018963968
Q 88 78 -2281239277989631 36028797018963968
Q 88 80 -1191360222123961 9007199254740992
Q 88 82 1593735500685993 288230376151711744
Q 88 84 2422997072984089 18014398509481984
Q 88 86 399555110037973 9007199254740992
Q 88 88 -8615707420579517 72057594037927936
Q 88 90 -2897994936422151 36028797018963968
Q 88 92 7074415852067615 72057594037927936
Q 88 94 3709185739339009 36028797018963968
Q 88 96 -5650590000299031 72057594037927936
Q 88 98 -2071771189929067 18014398509481984
Q 88 100 4699732893940013 72057594037927936
Q 88 102 4319653589931783 36028797018963968
Q 88 104 -4403008224911323 72057594037927936
Q 88 106 -8608269833436909 72057594037927936
Q 88 108 603369242659119 9007199254740992
Q 88 110 255094078850227 2251799813685248
Q 88 112 -5937481448700439 72057594037927936
Q 88 114 -3545231200311145 36028797018963968
Q 88 116 7540207253485737 72057594037927936
Q 88 118 2518871277180253 36028797018963968
Q 88 120 -285888646674151 2251799813685248
Q 88 122 -419990830343581 18014398509481984
Q 88 124 4923343857527303 36028797018963968
Q 88 126 -1449520933799683 36028797018963968
Q 88 128 -4176511744225739 36028797018963968
Q 88 130 7628751096081443 72057594037927936
Q 88 132 3638263496717253 72057594037927936
Q 88 134 -2517165557673481 18014398509481984
Q 88 136 3651677964352711 72057594037927936
Q 88 138 903356368974789 9007199254740992
Q 88 140 -4836620115479945 36028797018963968
Q 88 142 5491380219334413 288230376151711744
Q 88 144 8375056093433715 72057594037927936
Q 88 146 -1221646470785509 9007199254740992
Q 88 148 7985562223186183 288230376151711744
Q 88 150 3768393698670795 36028797018963968
Q 88 152 -680619315540097 4503599627370496
Q 88 154 2986689586940211 36028797018963968
Q 88 156 389062059911381 9007199254740992
Q 88 158 -5109742698188881 36028797018963968
Q 88 160 1434108201875843 9007199254740992
Q 88 162 -3443336634510777 36028797018963968
Q 88 164 -6079146044747703 576460752303423488
Q 88 166 63425535477065 562949953421312
Q 88 168 -6468826688332429 36028797018963968
Q 88 170 7288429540762499 36028797018963968
Q 88 172 -6810741092172371 36028797018963968
Q 88 174 5587999139922683 36028797018963968
Q 88 176 -8283535828408205 72057594037927936
Q 88 178 5641276797443663 72057594037927936
Q 88 180 -1784969735140171 36028797018963968
Q 88 182 4232430457435795 144115188075855872
Q 88 184 -2364480746361825 144115188075855872
Q 88 186 5003227732841077 576460752303423488
Q 88 188 -1257906506008529 288230376151711744
Q 88 190 1206306477500551 576460752303423488
Q 88 192 -8848516605552227 9223372036854775808
Q 88 194 7775053882706139 18446744073709551616
Q 88 196 -1640032910936483 9223372036854775808
Q 88 198 5324260117182227 73786976294838206464
Q 88 200 -1040781169180465 36893488147419103232
Q 88 202 3140495215901581 295147905179352825856
Q 88 204 -2288449002851193 590295810358705651712
Q 88 206 806332723634131 590295810358705651712
Q 88 208 -4400680058834511 9444732965739290427392
Q 88 210 5818261038995745 37778931862957161709568
Q 88 212 -466291620128371 9444732965739290427392
Q 88 214 2321495044399057 151115727451828646838272
Q 88 216 -2806813148233675 604462909807314587353088
Q 88 218 3298849380540663 2417851639229258349412352
Q 88 220 -471425036690025 1208925819614629174706176
Q 88 222 4196664017447519 38685626227668133590597632
Q 88 224 -284250591559717 9671406556917033397649408
Q 88 226 4802792806663025 618970019642690137449562112
Q 88 228 -2472413294584301 1237940039285380274899124224
Q 88 230 2482986009276633 4951760157141521099596496896
Q 88 232 -2433295316088587 19807040628566084398385987584
Q 88 234 2328250476594763 79228162514264337593543950336
Q 88 236 -4355475297556721 633825300114114700748351602688
Q 88 238 7935599178779459 5070602400912917605986812821504
Q 88 240 -1728054009572011 5070602400912917605986812821504
Q 88 242 3079044072895177 40564819207303340847894502572032
Q 88 244 -3764837499034369 162259276829213363391578010288128
Q 88 246 2673775318651051 649037107316853453566312041152512
Q 88 248 8629753190629393 1298074214633706907132624082305024
Q 88 250 -2579144920562605 649037107316853453566312041152512
Q 88 252 -823023063880199 162259276829213363391578010288128
Q 88 254 4618441594672931 649037107316853453566312041152512
Q 89 1 -154396535557967 1125899906842624
Q 89 3 -1682295173572719 18014398509481984
Q 89 5 3123815167942345 72057594037927936
Q 89 7 635658043126637 4503599627370496
Q 89 9 2001280398142303 18014398509481984
Q 89 11 -5624532196083169 288230376151711744
Q 89 13 -4774941205952043 36028797018963968
Q 89 15 -4507268781711743 36028797018963968
Q 89 17 -7713440127930389 2305843009213693952
Q 89 19 4377898491922225 36028797018963968
Q 89 21 2410211697785451 18014398509481984
Q 89 23 3035039732231649 144115188075855872
Q 89 25 -8037639030660225 72057594037927936
Q 89 27 -4967969266340237 36028797018963968
Q 89 29 -2264796042090831 72057594037927936
Q 89 31 7613426780709929 72057594037927936
Q 89 33 623846843087971 4503599627370496
Q 89 35 593602721633481 18014398509481984
Q 89 37 -3819204824666225 36028797018963968
Q 89 39 -306310748695083 2251799813685248
Q 89 41 -1742318526822361 72057594037927936
Q 89 43 4081379288151031 36028797018963968
Q 89 45 4642060447207135 36028797018963968
Q 89 47 62513790766155 18014398509481984
Q 89 49 -1132782633716657 9007199254740992
Q 89 51 -8118069359376129 72057594037927936
Q 89 53 544467794874247 18014398509481984
Q 89 55 154989960183015 1125899906842624
Q 89 57 1452496931727727 18014398509481984
Q 89 59 -671492878500177 9007199254740992
Q 89 61 -2472251012177151 18014398509481984
Q 89 63 -7590843962139751 288230376151711744
Q 89 65 1067675300361097 9007199254740992
Q 89 67 7743038046549701 72057594037927936
Q 89 69 -3448355517859029 72057594037927936
Q 89 71 -4958402863553915 36028797018963968
Q 89 73 -5046677220579659 144115188075855872
Q 89 75 4235241367830117 36028797018963968
Q 89 77 7126168144083117 72057594037927936
Q 89 79 -602022965971845 9007199254740992
Q 89 81 -4722368077191055 36028797018963968
Q 89 83 4587816564880255 576460752303423488
Q 89 85 2420861299370779 18014398509481984
Q 89 87 391214719140367 9007199254740992
Q 89 89 -8594849299825035 72057594037927936
Q 89 91 -5815050897691265 72057594037927936
Q 89 93 3494258861713015 36028797018963968
Q 89 95 7487010021692109 72057594037927936
Q 89 97 -2740147330445475 36028797018963968
Q 89 99 -8379483111557571 72057594037927936
Q 89 101 138932107130547 2251799813685248
Q 89 103 4374816694468353 36028797018963968
Q 89 105 -4076080914073795 72057594037927936
Q 89 107 -8751522704415763 72057594037927936
Q 89 109 2222418104531885 36028797018963968
Q 89 111 8371347722267037 72057594037927936
Q 89 113 -2765431520965249 36028797018963968
Q 89 115 -3702476019237381 36028797018963968
Q 89 117 3581928505116007 36028797018963968
Q 89 119 1372828109677707 18014398509481984
Q 89 121 -555687822368869 4503599627370496
Q 89 123 -566589841757395 18014398509481984
Q 89 125 4912057137583045 36028797018963968
Q 89 127 -2267644232733955 72057594037927936
Q 89 129 -8662821250679877 72057594037927936
Q 89 131 3574637162791175 36028797018963968
Q 89 133 8521840298091131 144115188075855872
Q 89 135 -4999303295405063 36028797018963968
Q 89 137 2963180568895923 72057594037927936
Q 89 139 7695894079982349 72057594037927936
Q 89 141 -4685039564050219 36028797018963968
Q 89 143 1262723926448089 144115188075855872
Q 89 145 2193249822398477 18014398509481984
Q 89 147 -589694595434875 4503599627370496
Q 89 149 4992291278632665 288230376151711744
Q 89 151 4017699237602769 36028797018963968
Q 89 153 -2685880832543363 18014398509481984
Q 89 155 1328898192488659 18014398509481984
Q 89 157 7618662950804973 144115188075855872
Q 89 159 -657708183015125 4503599627370496
Q 89 161 702767721119783 4503599627370496
Q 89 163 -49089681005255 562949953421312
Q 89 165 -2887916536777407 144115188075855872
Q 89 167 8630630352466435 72057594037927936
Q 89 169 -6579949560628021 36028797018963968
Q 89 171 3631038286687257 18014398509481984
Q 89 173 -6692910346826985 36028797018963968
Q 89 175 5432327725001289 36028797018963968
Q 89 177 -124678980511089 1125899906842624
Q 89 179 21055609941411 281474976710656
Q 89 181 -1692908763847263 36028797018963968
Q 89 183 7972755152743185 288230376151711744
Q 89 185 -8849719245591127 576460752303423488
Q 89 187 2326065345388069 288230376151711744
Q 89 189 -1162559640686399 288230376151711744
Q 89 191 4433315765198709 2305843009213693952
Q 89 193 -4041669464952483 4611686018427387904
Q 89 195 882872027741043 2305843009213693952
Q 89 197 -5926625696123711 36893488147419103232
Q 89 199 2392076125955957 36893488147419103232
Q 89 201 -1860462687101309 73786976294838206464
Q 89 203 5584397864007781 590295810358705651712
Q 89 205 -8096430101371943 2361183241434822606848
Q 89 207 5676300049903239 4722366482869645213696
Q 89 209 -7705518031996987 18889465931478580854784
Q 89 211 1267058003847347 9444732965739290427392
Q 89 213 -404157557878701 9444732965739290427392
Q 89 215 4004403154103677 302231454903657293676544
Q 89 217 -2408886781882717 604462909807314587353088
Q 89 219 2817364646405593 2417851639229258349412352
Q 89 221 -6410690264962611 19342813113834066795298816
Q 89 223 7099226670502347 77371252455336267181195264
Q 89 225 -7656763729843711 309485009821345068724781056
Q 89 227 251476150187957 38685626227668133590597632
Q 89 229 -8246036313189009 4951760157141521099596496896
Q 89 231 8242446678062939 19807040628566084398385987584
Q 89 233 -8040189899023403 79228162514264337593543950336
Q 89 235 3829524217640099 158456325028528675187087900672
Q 89 237 -3567806681089309 633825300114114700748351602688
Q 89 239 3241159168440097 2535301200456458802993406410752
Q 89 241 -5653994974138397 20282409603651670423947251286016
Q 89 243 5108683425573999 81129638414606681695789005144064
Q 89 245 -3160937970365929 162259276829213363391578010288128
Q 89 247 4586150700929777 1298074214633706907132624082305024
Q 89 249 6887093431964261 1298074214633706907132624082305024
Q 89 251 -4030728497709689 1298074214633706907132624082305024
Q 89 253 -1366010987662481 324518553658426726783156020576256
Q 89 255 1887701128397233 324518553658426726783156020576256
Q 90 0 6430322492739907 72057594037927936
Q 90 2 4875703380103259 36028797018963968
Q 90 4 619081648422665 18014398509481984
Q 90 6 -111696024847665 1125899906842624
Q 90 8 -5247882698875633 36028797018963968
Q 90 10 -2320643979500109 36028797018963968
Q 90 12 2643908230031313 36028797018963968
Q 90 14 2643455810429243 18014398509481984
Q 90 16 3262144248638833 36028797018963968
Q 90 18 -3321995523521025 72057594037927936
Q 90 20 -637349475374005 4503599627370496
Q 90 22 -3937512276596347 36028797018963968
Q 90 24 404174534222569 18014398509481984
Q 90 26 4811268979722457 36028797018963968
Q 90 28 8684765376180621 72057594037927936
Q 90 30 -6713809888896227 1152921504606846976
Q 90 32 -4562419893614803 36028797018963968
Q 90 34 -4514698679634091 36028797018963968
Q 90 36 -3355752382518345 2305843009213693952
Q 90 38 8923869265089619 72057594037927936
Q 90 40 1120934998145053 9007199254740992
Q 90 42 -5098278221460471 2305843009213693952
Q 90 44 -4560338674998605 36028797018963968
Q 90 46 -8445722541972691 72057594037927936
Q 90 48 1305955407124709 72057594037927936
Q 90 50 2407354856526577 18014398509481984
Q 90 52 7231020281179337 72057594037927936
Q 90 54 -6735205167100157 144115188075855872
Q 90 56 -2518831552778345 18014398509481984
Q 90 58 -2459230741886899 36028797018963968
Q 90 60 6143412811426071 72057594037927936
Q 90 62 1210448362893309 9007199254740992
Q 90 64 4517974988996341 288230376151711744
Q 90 66 -8863983610186553 72057594037927936
Q 90 68 -7329683517210931 72057594037927936
Q 90 70 7869732418939595 144115188075855872
Q 90 72 2466628251977157 18014398509481984
Q 90 74 8575866770876919 288230376151711744
Q 90 76 -538039780101839 4503599627370496
Q 90 78 -3467440474236063 36028797018963968
Q 90 80 1241041076274059 18014398509481984
Q 90 82 1173235405050427 9007199254740992
Q 90 84 -1271892205874943 144115188075855872
Q 90 86 -75452525017897 562949953421312
Q 90 88 -3164953172469657 72057594037927936
Q 90 90 8523120417798221 72057594037927936
Q 90 92 5915892888537229 72057594037927936
Q 90 94 -6830206133225169 72057594037927936
Q 90 96 -7615046290976565 72057594037927936
Q 90 98 5226690635456945 72057594037927936
Q 90 100 4255915404548983 36028797018963968
Q 90 102 -8210021537108003 144115188075855872
Q 90 104 -8886143893131889 72057594037927936
Q 90 106 3662614828549605 72057594037927936
Q 90 108 8913943101478195 72057594037927936
Q 90 110 -7956512048018115 144115188075855872
Q 90 112 -134356929298985 1125899906842624
Q 90 114 5042837561049419 72057594037927936
Q 90 116 1936396820043867 18014398509481984
Q 90 118 -3355622877204467 36028797018963968
Q 90 120 -5984569211848891 72057594037927936
Q 90 122 8567644719958939 72057594037927936
Q 90 124 5821085183168459 144115188075855872
Q 90 126 -19054128651665 140737488355328
Q 90 128 3122793666021909 144115188075855872
Q 90 130 8960357822399325 72057594037927936
Q 90 132 -6589851925603581 72057594037927936
Q 90 134 -4915592015374447 72057594037927936
Q 90 136 2467367600583759 18014398509481984
Q 90 138 -8816378425736829 288230376151711744
Q 90 140 -8158250636895475 72057594037927936
Q 90 142 4496625252719183 36028797018963968
Q 90 144 5286971695208633 2305843009213693952
Q 90 146 -2287394854027677 18014398509481984
Q 90 148 4512216153021545 36028797018963968
Q 90 150 -1787222047043477 288230376151711744
Q 90 152 -4261296503498897 36028797018963968
Q 90 154 5267826367623591 36028797018963968
Q 90 156 -4596144943245283 72057594037927936
Q 90 158 -4526770454004083 72057594037927936
Q 90 160 5399757779738613 36028797018963968
Q 90 162 -2740401685986263 18014398509481984
Q 90 164 351839919916605 4503599627370496
Q 90 166 4312397920208877 144115188075855872
Q 90 168 -1143105598830691 9007199254740992
Q 90 170 1670748920353045 9007199254740992
Q 90 172 -7224199932975339 36028797018963968
Q 90 174 1641129844101239 9007199254740992
Q 90 176 -5269186785292139 36028797018963968
Q 90 178 7667049724231773 72057594037927936
Q 90 180 -641986576255681 9007199254740992
Q 90 182 6402711428830487 144115188075855872
Q 90 184 -7484507135922675 288230376151711744
Q 90 186 4125772835739571 288230376151711744
Q 90 188 -8619220584821629 1152921504606846976
Q 90 190 4280993493388613 1152921504606846976
Q 90 192 -253539199890313 144115188075855872
Q 90 194 7352988666778043 9223372036854775808
Q 90 196 -6387871648728785 18446744073709551616
Q 90 198 2664964382550365 18446744073709551616
Q 90 200 -8557319524681423 147573952589676412928
Q 90 202 6619276636123451 295147905179352825856
Q 90 204 -4940447460542027 590295810358705651712
Q 90 206 111325278914603 36893488147419103232
Q 90 208 -4968927795757005 4722366482869645213696
Q 90 210 6710280623122401 18889465931478580854784
Q 90 212 -4390955591873881 37778931862957161709568
Q 90 214 2786938350635817 75557863725914323419136
Q 90 216 -6868429057971373 604462909807314587353088
Q 90 218 8222170262275565 2417851639229258349412352
Q 90 220 -4784317075522387 4835703278458516698824704
Q 90 222 2708157253715241 9671406556917033397649408
Q 90 224 -5968658426510313 77371252455336267181195264
Q 90 226 3203031991257871 154742504910672534362390528
Q 90 228 -52345194587271 9671406556917033397649408
Q 90 230 6832630379080559 4951760157141521099596496896
Q 90 232 -3398364470536723 9903520314283042199192993792
Q 90 234 6598420349618803 79228162514264337593543950336
Q 90 236 -6255898580969411 316912650057057350374175801344
Q 90 238 2894333727188311 633825300114114700748351602688
Q 90 240 -2602871161283427 2535301200456458802993406410752
Q 90 242 4627584505710087 20282409603651670423947251286016
Q 90 244 -8842696974700107 162259276829213363391578010288128
Q 90 246 7121976672448741 649037107316853453566312041152512
Q 90 248 4234141489858321 1298074214633706907132624082305024
Q 90 250 -3392758345094379 1298074214633706907132624082305024
Q 90 252 -4916212314105899 1298074214633706907132624082305024
Q 90 254 6810306973868893 1298074214633706907132624082305024
Q 91 1 4929821680205157 36028797018963968
Q 91 3 7245860265635363 72057594037927936
Q 91 5 -4305591207627069 144115188075855872
Q 91 7 -4878126736105727 36028797018963968
Q 91 9 -1134238304013773 9007199254740992
Q 91 11 -5532966776497185 576460752303423488
Q 91 13 4141960007498695 36028797018963968
Q 91 15 5099429251160011 36028797018963968
Q 91 17 3369337507070311 72057594037927936
Q 91 19 -6370192298406585 72057594037927936
Q 91 21 -2641991271931459 18014398509481984
Q 91 23 -685973506558075 9007199254740992
Q 91 25 8917392800889665 144115188075855872
Q 91 27 2602413334496771 18014398509481984
Q 91 29 6922689638313627 72057594037927936
Q 91 31 -5838001228535157 144115188075855872
Q 91 33 -2511568646465487 18014398509481984
Q 91 35 -3850422736731309 36028797018963968
Q 91 37 8046494191047089 288230376151711744
Q 91 39 2442657369010097 18014398509481984
Q 91 41 493175902208577 4503599627370496
Q 91 43 -3801879161320597 144115188075855872
Q 91 45 -609659679780589 4503599627370496
Q 91 47 -7488929603356991 72057594037927936
Q 91 49 1342373090748483 36028797018963968
Q 91 51 2492876632173727 18014398509481984
Q 91 53 6334443837597297 72057594037927936
Q 91 55 -4374965671305561 72057594037927936
Q 91 57 -5052279685155887 36028797018963968
Q 91 59 -8208631208761809 144115188075855872
Q 91 61 6756422241385143 72057594037927936
Q 91 63 2363155553779609 18014398509481984
Q 91 65 3919357870161113 576460752303423488
Q 91 67 -568107390514143 4503599627370496
Q 91 69 -436374331735249 4503599627370496
Q 91 71 4294300250066419 72057594037927936
Q 91 73 4905202535193333 36028797018963968
Q 91 75 7531160406302583 288230376151711744
Q 91 77 -1085128235352471 9007199254740992
Q 91 79 -3412288328507847 36028797018963968
Q 91 81 5010315061030957 72057594037927936
Q 91 83 1169772540305991 9007199254740992
Q 91 85 -2347574090551451 288230376151711744
Q 91 87 -4807887264272351 36028797018963968
Q 91 89 -3300673232613603 72057594037927936
Q 91 91 8398185531216001 72057594037927936
Q 91 93 3047374457171331 36028797018963968
Q 91 95 -6595957948477213 72057594037927936
Q 91 97 -7795900344664749 72057594037927936
Q 91 99 1221560359347179 18014398509481984
Q 91 101 8675011004185165 72057594037927936
Q 91 103 -7348399240968905 144115188075855872
Q 91 105 -1129716940570567 9007199254740992
Q 91 107 6319501267036333 144115188075855872
Q 91 109 2270751783116981 18014398509481984
Q 91 111 -26748566256049 562949953421312
Q 91 113 -4416075474778559 36028797018963968
Q 91 115 8936754010670119 144115188075855872
Q 91 117 4049524862772149 36028797018963968
Q 91 119 -1543638697257297 18014398509481984
Q 91 121 -6505638292503067 72057594037927936
Q 91 123 4083487213959157 36028797018963968
Q 91 125 7208514328530935 144115188075855872
Q 91 127 -1203363320542129 9007199254740992
Q 91 129 6258313642657509 576460752303423488
Q 91 131 4615124254456277 36028797018963968
Q 91 133 -5944325336659043 72057594037927936
Q 91 135 -2795417417661715 36028797018963968
Q 91 137 604256257441815 4503599627370496
Q 91 139 -5505847644856951 288230376151711744
Q 91 141 -4299952268247861 36028797018963968
Q 91 143 8533697399763465 72057594037927936
Q 91 145 8090893027205933 576460752303423488
Q 91 147 -1186437982054659 9007199254740992
Q 91 149 8533699825288955 72057594037927936
Q 91 151 3222080403677467 576460752303423488
Q 91 153 -4493452166322465 36028797018963968
Q 91 155 2564466166053447 18014398509481984
Q 91 157 -3815309244309881 72057594037927936
Q 91 159 -1314344261309119 18014398509481984
Q 91 161 5519571590436551 36028797018963968
Q 91 163 -5309761247554711 36028797018963968
Q 91 165 4924502343508023 72057594037927936
Q 91 167 5785614194871509 144115188075855872
Q 91 169 -4828039326379177 36028797018963968
Q 91 171 1693977696028707 9007199254740992
Q 91 173 -56044361347671 281474976710656
Q 91 175 6425324796692159 36028797018963968
Q 91 177 -5098896682481535 36028797018963968
Q 91 179 7347418561447277 72057594037927936
Q 91 181 -4879334882445331 72057594037927936
Q 91 183 6034823134461453 144115188075855872
Q 91 185 -1750611098132561 72057594037927936
Q 91 187 7666217112509091 576460752303423488
Q 91 189 -7954418367024293 1152921504606846976
Q 91 191 981359043585559 288230376151711744
Q 91 193 -7393157351505667 4611686018427387904
Q 91 195 416240245839707 576460752303423488
Q 91 197 -359471197914107 1152921504606846976
Q 91 199 596404107877013 4611686018427387904
Q 91 201 -7616838794924299 147573952589676412928
Q 91 203 5858900939604979 295147905179352825856
Q 91 205 -8697744765423897 1180591620717411303424
Q 91 207 3118826452152981 1180591620717411303424
Q 91 209 -8653788652034297 9444732965739290427392
Q 91 211 5812284462244659 18889465931478580854784
Q 91 213 -3783397135477447 37778931862957161709568
Q 91 215 4777702869267681 151115727451828646838272
Q 91 217 -2928522805938403 302231454903657293676544
Q 91 219 6975673380152553 2417851639229258349412352
Q 91 221 -2019230650098543 2417851639229258349412352
Q 91 223 4548967815583443 19342813113834066795298816
Q 91 225 -2493931334751195 38685626227668133590597632
Q 91 227 332929906243117 19342813113834066795298816
Q 91 229 -5544043489719767 1237940039285380274899124224
Q 91 231 1406505060771663 1237940039285380274899124224
Q 91 233 -2784679023581075 9903520314283042199192993792
Q 91 235 2690553842339169 39614081257132168796771975168
Q 91 237 -5078405061166929 316912650057057350374175801344
Q 91 239 4678757572066929 1267650600228229401496703205376
Q 91 241 -4191429479348101 5070602400912917605986812821504
Q 91 243 1865161156813211 10141204801825835211973625643008
Q 91 245 -7236588995079113 162259276829213363391578010288128
Q 91 247 5823267123446169 649037107316853453566312041152512
Q 91 249 7997104083599903 2596148429267413814265248164610048
Q 91 251 -2958746432695049 1298074214633706907132624082305024
Q 91 253 -2270842119673391 649037107316853453566312041152512
Q 91 255 6195051122503669 1298074214633706907132624082305024
Q 92 0 6358283944900677 72057594037927936
Q 92 2 4970582436667229 36028797018963968
Q 92 4 206246952741735 4503599627370496
Q 92 6 -780968491802999 9007199254740992
Q 92 8 -5331100104371697 36028797018963968
Q 92 10 -790883099110959 9007199254740992
Q 92 12 1602619063201101 36028797018963968
Q 92 14 2526113249177955 18014398509481984
Q 92 16 4324613467261991 36028797018963968
Q 92 18 -2653543253918217 36893488147419103232
Q 92 20 -8656627828216893 72057594037927936
Q 92 22 -2496347952217781 18014398509481984
Q 92 24 -2783912073966123 72057594037927936
Q 92 26 3410882454721295 36028797018963968
Q 92 28 2617412903953771 18014398509481984
Q 92 30 2429864529062095 36028797018963968
Q 92 32 -2552204704086549 36028797018963968
Q 92 34 -651989132239241 4503599627370496
Q 92 36 -6143886121810853 72057594037927936
Q 92 38 7788065445413495 144115188075855872
Q 92 40 5114821866598525 36028797018963968
Q 92 42 417363798879239 4503599627370496
Q 92 44 -3439086441032225 72057594037927936
Q 92 46 -5057700991901927 36028797018963968
Q 92 48 -3243933291855611 36028797018963968
Q 92 50 1935775132869941 36028797018963968
Q 92 52 633584439612467 4503599627370496
Q 92 54 2737791760527107 36028797018963968
Q 92 56 -2602854207113327 36028797018963968
Q 92 58 -2512194818599089 18014398509481984
Q 92 60 -6782134016909987 144115188075855872
Q 92 62 7228399700255083 72057594037927936
Q 92 64 288293098359467 2251799813685248
Q 92 66 -8451292413619911 36893488147419103232
Q 92 68 -2309470531920237 18014398509481984
Q 92 70 -3356965516310933 36028797018963968
Q 92 72 2266464243376513 36028797018963968
Q 92 74 4880462956913437 36028797018963968
Q 92 76 6965352185776159 288230376151711744
Q 92 78 -8694199402724095 72057594037927936
Q 92 80 -3398985123899393 36028797018963968
Q 92 82 2478292473955181 36028797018963968
Q 92 84 4680817575128675 36028797018963968
Q 92 86 -6834895741639995 1152921504606846976
Q 92 88 -298553872052849 2251799813685248
Q 92 90 -7068288393847755 144115188075855872
Q 92 92 4107428597717791 36028797018963968
Q 92 94 6345645649056557 72057594037927936
Q 92 96 -392525094550677 4503599627370496
Q 92 98 -1002542504757695 9007199254740992
Q 92 100 4454526905660747 72057594037927936
Q 92 102 4428586684845963 36028797018963968
Q 92 104 -3150200778752029 72057594037927936
Q 92 106 -4595339279515481 36028797018963968
Q 92 108 5130099678477337 144115188075855872
Q 92 110 4621853581711537 36028797018963968
Q 92 112 -5557659472775957 144115188075855872
Q 92 114 -565969912087095 4503599627370496
Q 92 116 7606427195437835 144115188075855872
Q 92 118 4224797523118767 36028797018963968
Q 92 120 -2773261313047557 36028797018963968
Q 92 122 -7040136883183471 72057594037927936
Q 92 124 7677678850863353 72057594037927936
Q 92 126 8673459217847235 144115188075855872
Q 92 128 -1177799822676345 9007199254740992
Q 92 130 -2094881556074873 2305843009213693952
Q 92 132 295483430328301 2251799813685248
Q 92 134 -5207916965882755 72057594037927936
Q 92 136 -392055369727005 4503599627370496
Q 92 138 2345324433852481 18014398509481984
Q 92 140 -3875923539125951 576460752303423488
Q 92 142 -1125660888450723 9007199254740992
Q 92 144 1995800310639783 18014398509481984
Q 92 146 1899444135245505 72057594037927936
Q 92 148 -2446111085007267 18014398509481984
Q 92 150 3978202209172727 36028797018963968
Q 92 152 1294193255390043 72057594037927936
Q 92 154 -73561430547385 562949953421312
Q 92 156 4951081226566803 36028797018963968
Q 92 158 -2974652727762113 72057594037927936
Q 92 160 -5992598588074459 72057594037927936
Q 92 162 5616504552544683 36028797018963968
Q 92 164 -2553292601418549 18014398509481984
Q 92 166 8338759385579843 144115188075855872
Q 92 168 1824679120587735 36028797018963968
Q 92 170 -1269879336360055 9007199254740992
Q 92 172 1714167000640579 9007199254740992
Q 92 174 -27771488176563 140737488355328
Q 92 176 6275203277913637 36028797018963968
Q 92 178 -1230466190979695 9007199254740992
Q 92 180 1755436800577855 18014398509481984
Q 92 182 -1155418139861243 18014398509481984
Q 92 184 2834825966346077 72057594037927936
Q 92 186 -6528775453225239 288230376151711744
Q 92 188 7096320238784305 576460752303423488
Q 92 190 -7312594105496867 1152921504606846976
Q 92 192 3584884964599175 1152921504606846976
Q 92 194 -6708641668908951 4611686018427387904
Q 92 196 3002851632675135 4611686018427387904
Q 92 198 -5155195719476211 18446744073709551616
Q 92 200 2125591561258149 18446744073709551616
Q 92 202 -6747169109522465 147573952589676412928
Q 92 204 5160290762624267 295147905179352825856
Q 92 206 -7617536493648241 1180591620717411303424
Q 92 208 5432673410099473 2361183241434822606848
Q 92 210 -7495738969152157 9444732965739290427392
Q 92 212 1251812371655807 4722366482869645213696
Q 92 214 -3241936510001667 37778931862957161709568
Q 92 216 8144526672357889 302231454903657293676544
Q 92 218 -2483028056979867 302231454903657293676544
Q 92 220 5883775164973481 2417851639229258349412352
Q 92 222 -847192397999027 1208925819614629174706176
Q 92 224 3797635283621523 19342813113834066795298816
Q 92 226 -8285834332606851 154742504910672534362390528
Q 92 228 4402221580599009 309485009821345068724781056
Q 92 230 -1139691915349051 309485009821345068724781056
Q 92 232 575399113711789 618970019642690137449562112
Q 92 234 -4534367045049671 19807040628566084398385987584
Q 92 236 8718308349398465 158456325028528675187087900672
Q 92 238 -4092722441660463 316912650057057350374175801344
Q 92 240 1879005215121185 633825300114114700748351602688
Q 92 242 -3364152887888301 5070602400912917605986812821504
Q 92 244 180073460658745 1267650600228229401496703205376
Q 92 246 -311951140118585 10141204801825835211973625643008
Q 92 248 6408100041903791 649037107316853453566312041152512
Q 92 250 -8225463156322589 2596148429267413814265248164610048
Q 92 252 -693734202903665 324518553658426726783156020576256
Q 92 254 4265595254177447 1298074214633706907132624082305024
Q 93 1 4916796860734405 36028797018963968
Q 93 3 3874793311560447 36028797018963968
Q 93 5 -1140687963041307 72057594037927936
Q 93 7 -4584903350187537 36028797018963968
Q 93 9 -4961173244614869 36028797018963968
Q 93 11 -2808162649862737 72057594037927936
Q 93 13 408776432436811 4503599627370496
Q 93 15 2669801262785911 18014398509481984
Q 93 17 3128244645484757 36028797018963968
Q 93 19 -6440069753403697 144115188075855872
Q 93 21 -2518784384069125 18014398509481984
Q 93 23 -8646102135003803 72057594037927936
Q 93 25 -2045981308620803 4611686018427387904
Q 93 27 4304779910940541 36028797018963968
Q 93 29 2481190481983713 18014398509481984
Q 93 31 5364641092278281 144115188075855872
Q 93 33 -1726403216888007 18014398509481984
Q 93 35 -2591711266616427 18014398509481984
Q 93 37 -8976034635613619 144115188075855872
Q 93 39 1374919211808191 18014398509481984
Q 93 41 5184116735662683 36028797018963968
Q 93 43 2709138784951911 36028797018963968
Q 93 45 -2377327184439391 36028797018963968
Q 93 47 -2565004759399737 18014398509481984
Q 93 49 -1375651562709265 18014398509481984
Q 93 51 4865551105005263 72057594037927936
Q 93 53 317952789267031 2251799813685248
Q 93 55 2345197819504425 36028797018963968
Q 93 57 -1467860690064111 18014398509481984
Q 93 59 -4972231110864675 36028797018963968
Q 93 61 -5589513913867175 144115188075855872
Q 93 63 7576571691624531 72057594037927936
Q 93 65 4512453611230845 36028797018963968
Q 93 67 -1552972626907487 288230376151711744
Q 93 69 -4661924962465237 36028797018963968
Q 93 71 -3267462448399281 36028797018963968
Q 93 73 4655771584085495 72057594037927936
Q 93 75 4862864017563659 36028797018963968
Q 93 77 3439793317995647 144115188075855872
Q 93 79 -8650891158406509 72057594037927936
Q 93 81 -3427367824787513 36028797018963968
Q 93 83 600360103491667 9007199254740992
Q 93 85 4696230609910699 36028797018963968
Q 93 87 -5042517411096847 2305843009213693952
Q 93 89 -2366239708054981 18014398509481984
Q 93 91 -7722259877993069 144115188075855872
Q 93 93 1991334411995429 18014398509481984
Q 93 95 3330062998351191 36028797018963968
Q 93 97 -1469182430948851 18014398509481984
Q 93 99 -4138128077786351 36028797018963968
Q 93 101 7853581262632511 144115188075855872
Q 93 103 1130449923714347 9007199254740992
Q 93 105 -1265171218654893 36028797018963968
Q 93 107 -4664282162842133 36028797018963968
Q 93 109 7508681145923369 288230376151711744
Q 93 111 2344636005714053 18014398509481984
Q 93 113 -8168050379399775 288230376151711744
Q 93 115 -1156346657262225 9007199254740992
Q 93 117 6089077508443715 144115188075855872
Q 93 119 8778966865698851 72057594037927936
Q 93 121 -2410561463632113 36028797018963968
Q 93 123 -3785480619975581 36028797018963968
Q 93 125 3544558235354355 36028797018963968
Q 93 127 636786431224897 9007199254740992
Q 93 129 -2281659728875941 18014398509481984
Q 93 131 -7799173839873679 576460752303423488
Q 93 133 1202195029117729 9007199254740992
Q 93 135 -2188911094359283 36028797018963968
Q 93 137 -1736383995450415 18014398509481984
Q 93 139 4498143936789855 36028797018963968
Q 93 141 7440556642130749 1152921504606846976
Q 93 143 -2339353678238141 18014398509481984
Q 93 145 1833711435733121 18014398509481984
Q 93 147 5639009626060367 144115188075855872
Q 93 149 -5006616522481663 36028797018963968
Q 93 151 7287328564371689 72057594037927936
Q 93 153 8876387795052051 288230376151711744
Q 93 155 -2449030382468441 18014398509481984
Q 93 157 4730629612937743 36028797018963968
Q 93 159 -4154456418239253 144115188075855872
Q 93 161 -6722761506929281 72057594037927936
Q 93 163 5685866430536729 36028797018963968
Q 93 165 -4869148075214683 36028797018963968
Q 93 167 6731257347618925 144115188075855872
Q 93 169 4420805420788341 72057594037927936
Q 93 171 -5324098937863783 36028797018963968
Q 93 173 6923296768695627 36028797018963968
Q 93 175 -3515394751968253 18014398509481984
Q 93 177 6114161177257677 36028797018963968
Q 93 179 -2369293021502131 18014398509481984
Q 93 181 6691302132631745 72057594037927936
Q 93 183 -2182013400937085 36028797018963968
Q 93 185 82950490764741 2251799813685248
Q 93 187 -758196429506409 36028797018963968
Q 93 189 3272097636312281 288230376151711744
Q 93 191 -6696127758516109 1152921504606846976
Q 93 193 6520858065468251 2305843009213693952
Q 93 195 -6061480679534993 4611686018427387904
Q 93 197 5391806315632561 9223372036854775808
Q 93 199 -287469284537909 1152921504606846976
Q 93 201 3769918746904707 36893488147419103232
Q 93 203 -5947741598180429 147573952589676412928
Q 93 205 565287297977423 36893488147419103232
Q 93 207 -6637358369746449 1180591620717411303424
Q 93 209 4706812745465311 2361183241434822606848
Q 93 211 -6457936262897017 9444732965739290427392
Q 93 213 8580347750773755 37778931862957161709568
Q 93 215 -345314155976459 4722366482869645213696
Q 93 217 862830680064633 37778931862957161709568
Q 93 219 -1046586103553313 151115727451828646838272
Q 93 221 4933727335803099 2417851639229258349412352
Q 93 223 -5653371863915449 9671406556917033397649408
Q 93 225 1575631506197247 9671406556917033397649408
Q 93 227 -3420045239295071 77371252455336267181195264
Q 93 229 7231011006818307 618970019642690137449562112
Q 93 231 -3725051306958867 1237940039285380274899124224
Q 93 233 3742362769395853 4951760157141521099596496896
Q 93 235 -7335786816167191 39614081257132168796771975168
Q 93 237 7017043632385295 158456325028528675187087900672
Q 93 239 -6554849336527465 633825300114114700748351602688
Q 93 241 5986408599928429 2535301200456458802993406410752
Q 93 243 -666231987276787 1267650600228229401496703205376
Q 93 245 2278133844373411 20282409603651670423947251286016
Q 93 247 -3929983427557291 162259276829213363391578010288128
Q 93 249 2387449531093789 324518553658426726783156020576256
Q 93 251 -5930785063542647 2596148429267413814265248164610048
Q 93 253 -893981976410191 649037107316853453566312041152512
Q 93 255 2811864074573513 1298074214633706907132624082305024
Q 94 0 -6285895605659563 72057594037927936
Q 94 2 -5059737226446131 36028797018963968
Q 94 4 -8248230431214925 144115188075855872
Q 94 6 5246282296211363 72057594037927936
Q 94 8 5300245233151553 36028797018963968
Q 94 10 490124840557133 4503599627370496
Q 94 12 -7382932294540419 576460752303423488
Q 94 14 -2245931178113393 18014398509481984
Q 94 16 -316053399676945 2251799813685248
Q 94 18 -6770068590677927 144115188075855872
Q 94 20 2998295112812243 36028797018963968
Q 94 22 1329688779656541 9007199254740992
Q 94 24 1694847598344643 18014398509481984
Q 94 26 -5115467986243121 144115188075855872
Q 94 28 -2450692670423195 18014398509481984
Q 94 30 -4460904320906549 36028797018963968
Q 94 32 -8651068552645441 1152921504606846976
Q 94 34 4150978885827135 36028797018963968
Q 94 36 1243944196723349 9007199254740992
Q 94 38 1419021751389787 36028797018963968
Q 94 40 -6817107546414677 72057594037927936
Q 94 42 -5130113330440049 36028797018963968
Q 94 44 -8367566734190113 144115188075855872
Q 94 46 2923570643472259 36028797018963968
Q 94 48 5122687618947765 36028797018963968
Q 94 50 2289756457561213 36028797018963968
Q 94 52 -5675444288069215 72057594037927936
Q 94 54 -1265803882822417 9007199254740992
Q 94 56 -8010155065884877 144115188075855872
Q 94 58 3193297026518035 36028797018963968
Q 94 60 4911019028590173 36028797018963968
Q 94 62 4651442391011465 144115188075855872
Q 94 64 -7816297849517383 72057594037927936
Q 94 66 -4434166440827255 36028797018963968
Q 94 68 2501474270109825 288230376151711744
Q 94 70 4679283488316121 36028797018963968
Q 94 72 6450433236356637 72057594037927936
Q 94 74 -583248586658123 9007199254740992
Q 94 76 -2426937535025079 18014398509481984
Q 94 78 -3635653635507887 144115188075855872
Q 94 80 2137495022513813 18014398509481984
Q 94 82 6991554326940827 72057594037927936
Q 94 84 -4547181736314903 72057594037927936
Q 94 86 -4721536735858469 36028797018963968
Q 94 88 -3534732459041577 1152921504606846976
Q 94 90 4669634153029033 36028797018963968
Q 94 92 4275482759230481 72057594037927936
Q 94 94 -1909895332984357 18014398509481984
Q 94 96 -7026878528425819 72057594037927936
Q 94 98 336079026810127 4503599627370496
Q 94 100 8548418302760237 72057594037927936
Q 94 102 -1649318730677319 36028797018963968
Q 94 104 -4608303997473791 36028797018963968
Q 94 106 7252950940763259 288230376151711744
Q 94 108 294760437919721 2251799813685248
Q 94 110 -8773226056566617 576460752303423488
Q 94 112 -1183453046954731 9007199254740992
Q 94 114 2428559400279449 144115188075855872
Q 94 116 2349354717886163 18014398509481984
Q 94 118 -8767187923996561 288230376151711744
Q 94 120 -4533212204591009 36028797018963968
Q 94 122 7988693165188431 144115188075855872
Q 94 124 8078172124678093 72057594037927936
Q 94 126 -6392049259876691 72057594037927936
Q 94 128 -5860067058285449 72057594037927936
Q 94 130 4362206058940233 36028797018963968
Q 94 132 241970374359161 9007199254740992
Q 94 134 -2424238778446561 18014398509481984
Q 94 136 6907700703796187 144115188075855872
Q 94 138 3795049075738053 36028797018963968
Q 94 140 -4250641983801345 36028797018963968
Q 94 142 -5849465851167717 288230376151711744
Q 94 144 4819065229666905 36028797018963968
Q 94 146 -6583532896722109 72057594037927936
Q 94 148 -7518106817617893 144115188075855872
Q 94 150 317566922686739 2251799813685248
Q 94 152 -3261478683215699 36028797018963968
Q 94 154 -6333917091745501 144115188075855872
Q 94 156 5056818782099321 36028797018963968
Q 94 158 -8928881205327891 72057594037927936
Q 94 160 2255504321573539 144115188075855872
Q 94 162 3718551222907471 36028797018963968
Q 94 164 -715369941273623 4503599627370496
Q 94 166 4595705970851561 36028797018963968
Q 94 168 -5031468287341757 144115188075855872
Q 94 170 -5201488361922423 72057594037927936
Q 94 172 1389736622966013 9007199254740992
Q 94 174 -6973913711319327 36028797018963968
Q 94 176 6936817590521529 36028797018963968
Q 94 178 -742792780172345 4503599627370496
Q 94 180 4549642081547857 36028797018963968
Q 94 182 -3178710286007417 36028797018963968
Q 94 184 4107520092414189 72057594037927936
Q 94 186 -2476966024802191 72057594037927936
Q 94 188 1403687252382443 72057594037927936
Q 94 190 -6011920933717941 576460752303423488
Q 94 192 6107031444525859 1152921504606846976
Q 94 194 -5905858922020775 2305843009213693952
Q 94 196 2726467452632181 2305843009213693952
Q 94 198 -4818861973257899 9223372036854775808
Q 94 200 8169268446104625 36893488147419103232
Q 94 202 -3327119277903115 36893488147419103232
Q 94 204 2608605095494559 73786976294838206464
Q 94 206 -7886315001294707 590295810358705651712
Q 94 208 5753370885353015 1180591620717411303424
Q 94 210 -4056349309789047 2361183241434822606848
Q 94 212 5533742361284721 9444732965739290427392
Q 94 214 -456939965712507 2361183241434822606848
Q 94 216 292595272237301 4722366482869645213696
Q 94 218 -5816671009758663 302231454903657293676544
Q 94 220 7017060738911923 1208925819614629174706176
Q 94 222 -4112637013078675 2417851639229258349412352
Q 94 224 1171844113219397 2417851639229258349412352
Q 94 226 -5197981573774749 38685626227668133590597632
Q 94 228 701470129221485 19342813113834066795298816
Q 94 230 -737704450600669 77371252455336267181195264
Q 94 232 6049109454803669 2475880078570760549798248448
Q 94 234 -3023055221911561 4951760157141521099596496896
Q 94 236 5895488919854217 39614081257132168796771975168
Q 94 238 -5611981852062321 158456325028528675187087900672
Q 94 240 2610953912107795 316912650057057350374175801344
Q 94 242 -4736760277705927 2535301200456458802993406410752
Q 94 244 2061252808109563 5070602400912917605986812821504
Q 94 246 -3610340797881893 40564819207303340847894502572032
Q 94 248 4422381479329163 162259276829213363391578010288128
Q 94 250 -686480106807503 81129638414606681695789005144064
Q 94 252 -6526106069158075 1298074214633706907132624082305024
Q 94 254 5165488339280505 649037107316853453566312041152512
Q 95 1 -1225371673355739 9007199254740992
Q 95 3 -8239281325792397 72057594037927936
Q 95 5 2944827925235447 2305843009213693952
Q 95 7 8411273330501203 72057594037927936
Q 95 9 5259237502339529 36028797018963968
Q 95 11 4864088295907525 72057594037927936
Q 95 13 -274339221943421 4503599627370496
Q 95 15 -324639478022535 2251799813685248
Q 95 17 -8629450681560823 72057594037927936
Q 95 19 -5985121499078055 1152921504606846976
Q 95 21 8166589373733533 72057594037927936
Q 95 23 5220415933505747 36028797018963968
Q 95 25 288238284461593 4503599627370496
Q 95 27 -4841052429496781 72057594037927936
Q 95 29 -5220168187685073 36028797018963968
Q 95 31 -7610629900224007 72057594037927936
Q 95 33 2911404667617871 144115188075855872
Q 95 35 581913698874057 4503599627370496
Q 95 37 290258492178325 2251799813685248
Q 95 39 5089694643021071 288230376151711744
Q 95 41 -7858125016662911 72057594037927936
Q 95 43 -4989314568251807 36028797018963968
Q 95 45 -3028099427899451 72057594037927936
Q 95 47 841122409713213 9007199254740992
Q 95 49 632795215662047 4503599627370496
Q 95 51 7505372688847347 144115188075855872
Q 95 53 -6315502160156229 72057594037927936
Q 95 55 -5015498588735665 36028797018963968
Q 95 57 -3437871451251809 72057594037927936
Q 95 59 6765948801337743 72057594037927936
Q 95 61 1213199951322089 9007199254740992
Q 95 63 7960712175721555 288230376151711744
Q 95 65 -1989968859256383 18014398509481984
Q 95 67 -4383615343700423 36028797018963968
Q 95 69 5828677566845569 576460752303423488
Q 95 71 4674123150136041 36028797018963968
Q 95 73 6462376514431197 72057594037927936
Q 95 75 -4564561890808797 72057594037927936
Q 95 77 -606579594072831 4503599627370496
Q 95 79 -8134421170436943 288230376151711744
Q 95 81 8386578043244521 72057594037927936
Q 95 83 7201986568327375 72057594037927936
Q 95 85 -8371728787917279 144115188075855872
Q 95 87 -4751021130879481 36028797018963968
Q 95 89 -1413156194392131 144115188075855872
Q 95 91 2290814844268887 18014398509481984
Q 95 93 2384293818883737 36028797018963968
Q 95 95 -7225807295655323 72057594037927936
Q 95 97 -3715654968768899 36028797018963968
Q 95 99 4774192024458621 72057594037927936
Q 95 101 8818258311191411 72057594037927936
Q 95 103 -1283443999636979 36028797018963968
Q 95 105 -4677776183464593 36028797018963968
Q 95 107 1999351313591007 144115188075855872
Q 95 109 1185054891093515 9007199254740992
Q 95 111 -907237031936125 288230376151711744
Q 95 113 -2372227889958681 18014398509481984
Q 95 115 4793885448393243 1152921504606846976
Q 95 117 4736448452764861 36028797018963968
Q 95 119 -4990236575993237 288230376151711744
Q 95 121 -4644464446760517 36028797018963968
Q 95 123 6130155177317259 144115188075855872
Q 95 125 8539022230025305 72057594037927936
Q 95 127 -5579492247111789 72057594037927936
Q 95 129 -1653441876135725 18014398509481984
Q 95 131 8201578019406495 72057594037927936
Q 95 133 2934076186299847 72057594037927936
Q 95 135 -2418369197500185 18014398509481984
Q 95 137 4878190191442659 144115188075855872
Q 95 139 8185503651731733 72057594037927936
Q 95 141 -7886152478710129 72057594037927936
Q 95 143 -2494461296107703 72057594037927936
Q 95 145 2457116416326131 18014398509481984
Q 95 147 -5726540373563675 72057594037927936
Q 95 149 -2351472495904597 36028797018963968
Q 95 151 638453119650017 4503599627370496
Q 95 153 -5661908037524849 72057594037927936
Q 95 155 -2062526854144793 36028797018963968
Q 95 157 5176962327997451 36028797018963968
Q 95 159 -8300095337736129 72057594037927936
Q 95 161 8496611410479097 4611686018427387904
Q 95 163 8123840291387639 72057594037927936
Q 95 165 -1430793237787039 9007199254740992
Q 95 167 8569960152861687 72057594037927936
Q 95 169 -6492691044339101 288230376151711744
Q 95 171 -2992579931483519 36028797018963968
Q 95 173 1445294158822841 9007199254740992
Q 95 175 -7006755008858045 36028797018963968
Q 95 177 3413515185726427 18014398509481984
Q 95 179 -5760033085210491 36028797018963968
Q 95 181 1088924501145035 9007199254740992
Q 95 183 -6021498532598235 72057594037927936
Q 95 185 7706530558636323 144115188075855872
Q 95 187 -1151611637949585 36028797018963968
Q 95 189 2589027535675501 144115188075855872
Q 95 191 -5501302858277861 576460752303423488
Q 95 193 2773473077448437 576460752303423488
Q 95 195 -5326047018098979 2305843009213693952
Q 95 197 4883773965307883 4611686018427387904
Q 95 199 -1071770725876909 2305843009213693952
Q 95 201 7220525989965169 36893488147419103232
Q 95 203 -5844109551552505 73786976294838206464
Q 95 205 1138388672723819 36893488147419103232
Q 95 207 -3420581124566151 295147905179352825856
Q 95 209 4960980597528397 1180591620717411303424
Q 95 211 -6954103716759811 4722366482869645213696
Q 95 213 2357940593328807 4722366482869645213696
Q 95 215 -6194771833883879 37778931862957161709568
Q 95 217 1972137192790603 37778931862957161709568
Q 95 219 -609153801564681 37778931862957161709568
Q 95 221 5846381813259587 1208925819614629174706176
Q 95 223 -6815486608114997 4835703278458516698824704
Q 95 225 7725815651846269 19342813113834066795298816
Q 95 227 -8521367570324705 77371252455336267181195264
Q 95 229 4575352146894387 154742504910672534362390528
Q 95 231 -4786277365549777 618970019642690137449562112
Q 95 233 4880165281578517 2475880078570760549798248448
Q 95 235 -4852329599131379 9903520314283042199192993792
Q 95 237 4706852879423535 39614081257132168796771975168
Q 95 239 -4457152428187051 158456325028528675187087900672
Q 95 241 8250714786783015 1267650600228229401496703205376
Q 95 243 -3719843323756267 2535301200456458802993406410752
Q 95 245 6428336238082261 20282409603651670423947251286016
Q 95 247 -5612547588197757 81129638414606681695789005144064
Q 95 249 7016123988799031 324518553658426726783156020576256
Q 95 251 -8840693113023639 1298074214633706907132624082305024
Q 95 253 -5502160600366693 1298074214633706907132624082305024
Q 95 255 8599906508953223 1298074214633706907132624082305024
Q 96 0 6212938955377259 72057594037927936
Q 96 2 5142965641677291 36028797018963968
Q 96 4 2473032920185983 36028797018963968
Q 96 6 -4149182522596793 72057594037927936
Q 96 8 -5149971163392977 36028797018963968
Q 96 10 -2282345265615119 18014398509481984
Q 96 12 -5859219133065281 288230376151711744
Q 96 14 3624399453957579 36028797018963968
Q 96 16 1345670699784213 9007199254740992
Q 96 18 6503626798511609 72057594037927936
Q 96 20 -4999245176962207 144115188075855872
Q 96 22 -301984231375293 2251799813685248
Q 96 24 -4816589263761367 36028797018963968
Q 96 26 -2342606553573247 72057594037927936
Q 96 28 6737326295322079 72057594037927936
Q 96 30 2649896719251359 18014398509481984
Q 96 32 3064461649543023 36028797018963968
Q 96 34 -1618397733744759 36028797018963968
Q 96 36 -2493640894055025 18014398509481984
Q 96 38 -4236272210615521 36028797018963968
Q 96 40 4965230219550801 2305843009213693952
Q 96 42 4325030661976129 36028797018963968
Q 96 44 2397682744545625 18014398509481984
Q 96 46 7956292753609397 288230376151711744
Q 96 48 -927553966901055 9007199254740992
Q 96 50 -2486299083236945 18014398509481984
Q 96 52 -6091984105937593 144115188075855872
Q 96 54 6802290179766941 72057594037927936
Q 96 56 4959728951716439 36028797018963968
Q 96 58 6001742243126193 144115188075855872
Q 96 60 -7022776164208851 72057594037927936
Q 96 62 -1201614316759053 9007199254740992
Q 96 64 -3583057452380839 144115188075855872
Q 96 66 8015732715857583 72057594037927936
Q 96 68 8727953659003829 72057594037927936
Q 96 70 -5588642166379395 576460752303423488
Q 96 72 -2323556853120577 18014398509481984
Q 96 74 -6569316080075231 72057594037927936
Q 96 76 8700522484152847 144115188075855872
Q 96 78 606996277412921 4503599627370496
Q 96 80 2364591036277361 72057594037927936
Q 96 82 -8152253188374289 72057594037927936
Q 96 84 -934522727741321 9007199254740992
Q 96 86 3714249612164805 72057594037927936
Q 96 88 1194255168321609 9007199254740992
Q 96 90 2592359649093933 144115188075855872
Q 96 92 -8920694766859033 72057594037927936
Q 96 94 -2664345160303349 36028797018963968
Q 96 96 3355598511179749 36028797018963968
Q 96 98 61368046204805 562949953421312
Q 96 100 -4060488681290723 72057594037927936
Q 96 102 -1132967504767391 9007199254740992
Q 96 104 6922358497209605 288230376151711744
Q 96 106 2359241957009489 18014398509481984
Q 96 108 -374493620923819 288230376151711744
Q 96 110 -1181148735652223 9007199254740992
Q 96 112 -5802585463971377 576460752303423488
Q 96 114 4709340790763451 36028797018963968
Q 96 116 5551906871041949 576460752303423488
Q 96 118 -2363264293396969 18014398509481984
Q 96 120 1747572064180597 576460752303423488
Q 96 122 2355384048237089 18014398509481984
Q 96 124 -8144160325339223 288230376151711744
Q 96 126 -8928173410588245 72057594037927936
Q 96 128 580958887871311 9007199254740992
Q 96 130 7331637463306685 72057594037927936
Q 96 132 -1886490279570639 18014398509481984
Q 96 134 -7903442482964567 144115188075855872
Q 96 136 297718758755935 2251799813685248
Q 96 138 -5362421391254765 288230376151711744
Q 96 140 -8708554815286965 72057594037927936
Q 96 142 3571583481468249 36028797018963968
Q 96 144 1772364427254295 36028797018963968
Q 96 146 -2477283490879417 18014398509481984
Q 96 148 4764103766892821 72057594037927936
Q 96 150 5633346771664029 72057594037927936
Q 96 152 -5078455425706271 36028797018963968
Q 96 154 2352683326037385 36028797018963968
Q 96 156 5078417773665065 72057594037927936
Q 96 158 -1312796301385431 9007199254740992
Q 96 160 7571653755352637 72057594037927936
Q 96 162 7194191817082435 576460752303423488
Q 96 164 -4385146799028465 36028797018963968
Q 96 166 2841044928675079 18014398509481984
Q 96 168 -1968118920780833 18014398509481984
Q 96 170 2769841553140993 288230376151711744
Q 96 172 3382515297316041 36028797018963968
Q 96 174 -1496974950851719 9007199254740992
Q 96 176 7020209531936973 36028797018963968
Q 96 178 -6701061570446695 36028797018963968
Q 96 180 5567666181658463 36028797018963968
Q 96 182 -64960900301491 562949953421312
Q 96 184 2842488463521609 36028797018963968
Q 96 186 -7204708236754877 144115188075855872
Q 96 188 8535551349991819 288230376151711744
Q 96 190 -594631682464935 36028797018963968
Q 96 192 5013865692902079 576460752303423488
Q 96 194 -5017143555522837 1152921504606846976
Q 96 196 2391131845462927 1152921504606846976
Q 96 198 -4354304504789027 4611686018427387904
Q 96 200 3796225436979709 9223372036854775808
Q 96 202 -6351334651568013 36893488147419103232
Q 96 204 2553638529298273 36893488147419103232
Q 96 206 -7908371549289021 295147905179352825856
Q 96 208 2951858744236659 295147905179352825856
Q 96 210 -8510017370584909 2361183241434822606848
Q 96 212 2964317384742711 2361183241434822606848
Q 96 214 -3996652421794595 9444732965739290427392
Q 96 216 5219330819624467 37778931862957161709568
Q 96 218 -6608086086609111 151115727451828646838272
Q 96 220 8117927286725833 604462909807314587353088
Q 96 222 -4842096218507873 1208925819614629174706176
Q 96 224 5613291775195737 4835703278458516698824704
Q 96 226 -197749055083651 604462909807314587353088
Q 96 228 6941478174987103 77371252455336267181195264
Q 96 230 -7413820098705979 309485009821345068724781056
Q 96 232 7714035310095475 1237940039285380274899124224
Q 96 234 -7823543813217999 4951760157141521099596496896
Q 96 236 7737954003301593 19807040628566084398385987584
Q 96 238 -3733721034113973 39614081257132168796771975168
Q 96 240 3517687541058739 158456325028528675187087900672
Q 96 242 -1617807057025323 316912650057057350374175801344
Q 96 244 2900758131114593 2535301200456458802993406410752
Q 96 246 -1275280504219381 5070602400912917605986812821504
Q 96 248 2306528373037253 40564819207303340847894502572032
Q 96 250 -8309648772233319 649037107316853453566312041152512
Q 96 252 2690451271688921 20769187434139310514121985316880384
Q 96 254 6491183016898717 2596148429267413814265248164610048
Q 97 1 4883735825327285 36028797018963968
Q 97 3 1089220303680849 9007199254740992
Q 97 5 3953365893374245 288230376151711744
Q 97 7 -7482319955975671 72057594037927936
Q 97 9 -5416485336894651 36028797018963968
Q 97 11 -6775938664797939 72057594037927936
Q 97 13 1926420114719729 72057594037927936
Q 97 15 4653224416316981 36028797018963968
Q 97 17 639991883637659 4503599627370496
Q 97 19 502317404031533 9007199254740992
Q 97 21 -5039034167123019 72057594037927936
Q 97 23 -5251404932236195 36028797018963968
Q 97 25 -8383247982110975 72057594037927936
Q 97 27 -8325131103753799 4611686018427387904
Q 97 29 1027501557920665 9007199254740992
Q 97 31 2594570540083759 18014398509481984
Q 97 33 4593281023447953 72057594037927936
Q 97 35 -4766739854692225 72057594037927936
Q 97 37 -646982537228697 4503599627370496
Q 97 39 -3793926265820475 36028797018963968
Q 97 41 353069546341999 18014398509481984
Q 97 43 576813836897605 4503599627370496
Q 97 45 4577647066058349 36028797018963968
Q 97 47 545711834361573 36028797018963968
Q 97 49 -993163635509141 9007199254740992
Q 97 51 -1218319021854847 9007199254740992
Q 97 53 -4950559820578479 144115188075855872
Q 97 55 7152064602509283 72057594037927936
Q 97 57 4908105460591797 36028797018963968
Q 97 59 5403279685805191 144115188075855872
Q 97 61 -7167462456215401 72057594037927936
Q 97 63 -2388892545391901 18014398509481984
Q 97 65 -6925225346311431 288230376151711744
Q 97 67 7987940531320683 72057594037927936
Q 97 69 8751844326090101 72057594037927936
Q 97 71 -8572072656149169 1152921504606846976
Q 97 73 -4596480453721245 36028797018963968
Q 97 75 -3383196840537519 36028797018963968
Q 97 77 8039774862795827 144115188075855872
Q 97 79 2429186051274949 18014398509481984
Q 97 81 5613046751309875 144115188075855872
Q 97 83 -7835414546770875 72057594037927936
Q 97 85 -1950115198114913 18014398509481984
Q 97 87 6254770690819283 144115188075855872
Q 97 89 4789921898761577 36028797018963968
Q 97 91 1984120825434749 72057594037927936
Q 97 93 -2148251671945145 18014398509481984
Q 97 95 -2970076922885721 36028797018963968
Q 97 97 6082815415704713 72057594037927936
Q 97 99 8275873281247171 72057594037927936
Q 97 101 -6462093784964481 144115188075855872
Q 97 103 -2314846694624173 18014398509481984
Q 97 105 6337366450741597 576460752303423488
Q 97 107 1179367286778647 9007199254740992
Q 97 109 7173531263597205 576460752303423488
Q 97 111 -1164168869808275 9007199254740992
Q 97 113 -6991952409747141 288230376151711744
Q 97 115 1154029518676539 9007199254740992
Q 97 117 7014502824931201 288230376151711744
Q 97 119 -1164110812650013 9007199254740992
Q 97 121 -7071513359465973 576460752303423488
Q 97 123 147469420233009 1125899906842624
Q 97 125 -7318228590915517 576460752303423488
Q 97 127 -4609076609205101 36028797018963968
Q 97 129 7194123845087477 144115188075855872
Q 97 131 7986607003036673 72057594037927936
Q 97 133 -6748381217137567 72057594037927936
Q 97 135 -4966211359452197 72057594037927936
Q 97 137 4619152846648749 36028797018963968
Q 97 139 -1360148046082629 576460752303423488
Q 97 141 -1141795611741359 9007199254740992
Q 97 143 6267835021725257 72057594037927936
Q 97 145 4592897860671179 72057594037927936
Q 97 147 -4930583218437199 36028797018963968
Q 97 149 462500102122533 9007199254740992
Q 97 151 6529820303021487 72057594037927936
Q 97 153 -4986154279864139 36028797018963968
Q 97 155 3657514420651911 72057594037927936
Q 97 157 6009900518674225 72057594037927936
Q 97 159 -5272312694289387 36028797018963968
Q 97 161 6742345131390665 72057594037927936
Q 97 163 3915705816988791 144115188075855872
Q 97 165 -2340761744883439 18014398509481984
Q 97 167 1398901576617367 9007199254740992
Q 97 169 -7098741929354061 72057594037927936
Q 97 171 -8666289449457495 2305843009213693952
Q 97 173 7533833176473007 72057594037927936
Q 97 175 -6176264517412275 36028797018963968
Q 97 177 1753213001170537 9007199254740992
Q 97 179 -6558748266979269 36028797018963968
Q 97 181 2682910068554193 18014398509481984
Q 97 183 -3955856655658043 36028797018963968
Q 97 185 2674662981259391 36028797018963968
Q 97 187 -1677922775225045 36028797018963968
Q 97 189 246200934092797 9007199254740992
Q 97 191 -1088278495821289 72057594037927936
Q 97 193 4550848995613557 576460752303423488
Q 97 195 -564816592074293 144115188075855872
Q 97 197 4274937007775121 2305843009213693952
Q 97 199 -1932201653943801 2305843009213693952
Q 97 201 6691267368848237 18446744073709551616
Q 97 203 -5559506301576179 36893488147419103232
Q 97 205 4440961938284561 73786976294838206464
Q 97 207 -3416049446612119 147573952589676412928
Q 97 209 2533950636355185 295147905179352825856
Q 97 211 -7259701753898855 2361183241434822606848
Q 97 213 78540597387873 73786976294838206464
Q 97 215 -6736251220778307 18889465931478580854784
Q 97 217 8744740128556093 75557863725914323419136
Q 97 219 -5503294033139265 151115727451828646838272
Q 97 221 6721547288701369 604462909807314587353088
Q 97 223 -3986249318729787 1208925819614629174706176
Q 97 225 287186151086295 302231454903657293676544
Q 97 227 -5150995708276343 19342813113834066795298816
Q 97 229 5619067346302587 77371252455336267181195264
Q 97 231 -2984234350798549 154742504910672534362390528
Q 97 233 1544091159961975 309485009821345068724781056
Q 97 235 -6230246769161407 4951760157141521099596496896
Q 97 237 6129079882952423 19807040628566084398385987584
Q 97 239 -5883379067226501 79228162514264337593543950336
Q 97 241 5513893423740343 316912650057057350374175801344
Q 97 243 -5044415991852183 1267650600228229401496703205376
Q 97 245 8988915064145039 10141204801825835211973625643008
Q 97 247 -7874376100338153 40564819207303340847894502572032
Q 97 249 7264723399996649 162259276829213363391578010288128
Q 97 251 -6785220358034651 649037107316853453566312041152512
Q 97 253 -2650159972547283 5192296858534827628530496329220096
Q 97 255 3664706957376105 1298074214633706907132624082305024
Q 98 0 6139167434292261 72057594037927936
Q 98 2 2610009369488175 18014398509481984
Q 98 4 5762890259812045 72057594037927936
Q 98 6 -92571530455245 2251799813685248
Q 98 8 -4876221054948915 36028797018963968
Q 98 10 -79171647936991 562949953421312
Q 98 12 -7702319306432679 144115188075855872
Q 98 14 2488014491676553 36028797018963968
Q 98 16 1312917240334893 9007199254740992
Q 98 18 9005298309765757 72057594037927936
Q 98 20 1425508659152313 72057594037927936
Q 98 22 -7128294322878921 72057594037927936
Q 98 24 -2689479854923479 18014398509481984
Q 98 26 -6856915482090401 72057594037927936
Q 98 28 3825715884936363 144115188075855872
Q 98 30 581507390747547 4503599627370496
Q 98 32 1235022538256973 9007199254740992
Q 98 34 3095420987829717 72057594037927936
Q 98 36 -754602583219315 9007199254740992
Q 98 38 -1313269426617611 9007199254740992
Q 98 40 -3351630827189037 36028797018963968
Q 98 42 4966447130983551 144115188075855872
Q 98 44 150537432804551 1125899906842624
Q 98 46 8721350381812395 72057594037927936
Q 98 48 5597333204412557 1152921504606846976
Q 98 50 -8327568921681151 72057594037927936
Q 98 52 -2390181577365543 18014398509481984
Q 98 54 -4101008211055127 144115188075855872
Q 98 56 3689403988848165 36028797018963968
Q 98 58 2434691912185977 18014398509481984
Q 98 60 2544513778712715 72057594037927936
Q 98 62 -7206588070395245 72057594037927936
Q 98 64 -4769562160179909 36028797018963968
Q 98 66 -7238949338226215 288230376151711744
Q 98 68 7875992175762791 72057594037927936
Q 98 70 8835282423560739 72057594037927936
Q 98 72 -7689700973279323 2305843009213693952
Q 98 74 -4518056102307761 36028797018963968
Q 98 76 -7045033705532265 72057594037927936
Q 98 78 892200382088159 18014398509481984
Q 98 80 4852012875920127 36028797018963968
Q 98 82 1676383022219111 36028797018963968
Q 98 84 -1855475185889639 18014398509481984
Q 98 86 -127450327345343 1125899906842624
Q 98 88 1210541734240869 36028797018963968
Q 98 90 1194554752339931 9007199254740992
Q 98 92 2761322933708737 72057594037927936
Q 98 94 -8160050579909613 72057594037927936
Q 98 96 -6582706726380229 72057594037927936
Q 98 98 666098634330891 9007199254740992
Q 98 100 4333430688338681 36028797018963968
Q 98 102 -4568003408096991 144115188075855872
Q 98 104 -4688274386468761 36028797018963968
Q 98 106 -7721387204799133 2305843009213693952
Q 98 108 4660876589907151 36028797018963968
Q 98 110 3915342293875929 144115188075855872
Q 98 112 -4523521426816795 36028797018963968
Q 98 114 -5647509967262431 144115188075855872
Q 98 116 8904920023147625 72057594037927936
Q 98 118 2860582621334475 72057594037927936
Q 98 120 -1128442134285417 9007199254740992
Q 98 122 -8168571694453391 288230376151711744
Q 98 124 581995506056417 4503599627370496
Q 98 126 4566152286106073 1152921504606846976
Q 98 128 -4690049138033165 36028797018963968
Q 98 130 2433470542316293 72057594037927936
Q 98 132 8548702288192401 72057594037927936
Q 98 134 -2901901226642831 36028797018963968
Q 98 136 -5950638407342721 72057594037927936
Q 98 138 2197529931084767 18014398509481984
Q 98 140 263973210805271 18014398509481984
Q 98 142 -4718505347762613 36028797018963968
Q 98 144 5259770817440205 72057594037927936
Q 98 146 1403759546524083 18014398509481984
Q 98 148 -302084056026487 2251799813685248
Q 98 150 635527000481865 18014398509481984
Q 98 152 7369542496654067 72057594037927936
Q 98 154 -4824054141528017 36028797018963968
Q 98 156 5051843502549641 144115188075855872
Q 98 158 3450159723835301 36028797018963968
Q 98 160 -2616764994883539 18014398509481984
Q 98 162 1453335117677719 18014398509481984
Q 98 164 6060872244716543 144115188075855872
Q 98 166 -4944084364126171 36028797018963968
Q 98 168 5460059467393871 36028797018963968
Q 98 170 -1562483649800033 18014398509481984
Q 98 172 -1260024131656541 72057594037927936
Q 98 174 258872058386025 2251799813685248
Q 98 176 -1585876409420059 9007199254740992
Q 98 178 3491737661227769 18014398509481984
Q 98 180 -6400142696128395 36028797018963968
Q 98 182 5155217079974501 36028797018963968
Q 98 184 -58619596805145 562949953421312
Q 98 186 2508014057264871 36028797018963968
Q 98 188 -6229507940809957 144115188075855872
Q 98 190 7243885036149937 288230376151711744
Q 98 192 -3967404014182413 288230376151711744
Q 98 194 8226414003274547 1152921504606846976
Q 98 196 -63307369920389 18014398509481984
Q 98 198 7608213093815677 4611686018427387904
Q 98 200 -1706777345731609 2305843009213693952
Q 98 202 1467143366994407 4611686018427387904
Q 98 204 -2421112708640251 18446744073709551616
Q 98 206 480235886088747 9223372036854775808
Q 98 208 -5871457443391225 295147905179352825856
Q 98 210 4327154999889251 590295810358705651712
Q 98 212 -384953251198653 147573952589676412928
Q 98 214 264877844634367 295147905179352825856
Q 98 216 -352789053399139 1180591620717411303424
Q 98 218 7283306361626681 75557863725914323419136
Q 98 220 -1139057462377723 37778931862957161709568
Q 98 222 5532062447056275 604462909807314587353088
Q 98 224 -1630866812359313 604462909807314587353088
Q 98 226 7476407381466097 9671406556917033397649408
Q 98 228 -1041678185308387 4835703278458516698824704
Q 98 230 2259879742689403 38685626227668133590597632
Q 98 232 -4774049279407663 309485009821345068724781056
Q 98 234 4913069522588983 1237940039285380274899124224
Q 98 236 -1232214347509751 1237940039285380274899124224
Q 98 238 1205634586949549 4951760157141521099596496896
Q 98 240 -2301856466559779 39614081257132168796771975168
Q 98 242 4291318440177641 316912650057057350374175801344
Q 98 244 -3913830567561135 1267650600228229401496703205376
Q 98 246 3476916474785959 5070602400912917605986812821504
Q 98 248 -5776664979567519 40564819207303340847894502572032
Q 98 250 2260144891472575 81129638414606681695789005144064
Q 98 252 -3459878457477323 324518553658426726783156020576256
Q 98 254 4706565654712867 649037107316853453566312041152512
Q 99 1 4863354850915757 36028797018963968
Q 99 3 2292929305636673 18014398509481984
Q 99 5 2095201899749761 72057594037927936
Q 99 7 -6386302677699759 72057594037927936
Q 99 9 -21171348257361 140737488355328
Q 99 11 -264309277328645 2251799813685248
Q 99 13 -2915891797232115 288230376151711744
Q 99 15 7466147739761459 72057594037927936
Q 99 17 2657992325759 17592186044416
Q 99 19 7280697563657853 72057594037927936
Q 99 21 -1076001106920131 72057594037927936
Q 99 23 -8723205629537319 72057594037927936
Q 99 25 -658525058676787 4503599627370496
Q 99 27 -5201581321084261 72057594037927936
Q 99 29 929131004886049 18014398509481984
Q 99 31 1254137411395569 9007199254740992
Q 99 33 4602344860357409 36028797018963968
Q 99 35 3404601028218807 144115188075855872
Q 99 37 -7057876096121973 72057594037927936
Q 99 39 -1312685594552083 9007199254740992
Q 99 41 -1468309829012649 18014398509481984
Q 99 43 6728693012958271 144115188075855872
Q 99 45 4952343636640633 36028797018963968
Q 99 47 4164059864400115 36028797018963968
Q 99 49 -3648760195189479 1152921504606846976
Q 99 51 -8588747349155525 72057594037927936
Q 99 53 -2352967970279401 18014398509481984
Q 99 55 -7110202694583351 288230376151711744
Q 99 57 3746412212899109 36028797018963968
Q 99 59 2424465440959231 18014398509481984
Q 99 61 2531511089891767 72057594037927936
Q 99 63 -446399095863155 4503599627370496
Q 99 65 -597698573137949 4503599627370496
Q 99 67 -2025895849038255 72057594037927936
Q 99 69 7674828962019187 72057594037927936
Q 99 71 8969557734319653 72057594037927936
Q 99 73 749324448770983 288230376151711744
Q 99 75 -8810807983024455 72057594037927936
Q 99 77 -7392435005262665 72057594037927936
Q 99 79 5983523522309595 144115188075855872
Q 99 81 4826769432584573 36028797018963968
Q 99 83 3993323032756197 72057594037927936
Q 99 85 -6895829792383297 72057594037927936
Q 99 87 -8522439538625891 72057594037927936
Q 99 89 6372886820735043 288230376151711744
Q 99 91 591084593847129 4503599627370496
Q 99 93 7228070599751323 144115188075855872
Q 99 95 -3800582925173037 36028797018963968
Q 99 97 -225961529501461 2251799813685248
Q 99 99 4439764704175077 72057594037927936
Q 99 101 4498501112614511 36028797018963968
Q 99 103 -611116898863339 36028797018963968
Q 99 105 -4692000758924855 36028797018963968
Q 99 107 -2713523494607899 144115188075855872
Q 99 109 4534462877453691 36028797018963968
Q 99 111 1534644434144335 36028797018963968
Q 99 113 -4312499790032647 36028797018963968
Q 99 115 -7857360766416407 144115188075855872
Q 99 117 8413478747903687 72057594037927936
Q 99 119 1994813872440623 36028797018963968
Q 99 121 -4286842096348807 36028797018963968
Q 99 123 -6464250043640885 144115188075855872
Q 99 125 4508811358788055 36028797018963968
Q 99 127 6177959352545229 288230376151711744
Q 99 129 -4692412513768111 36028797018963968
Q 99 131 2338178714132265 144115188075855872
Q 99 133 8985767539403961 72057594037927936
Q 99 135 -589070022425495 9007199254740992
Q 99 137 -6873879026454769 72057594037927936
Q 99 139 4084167353936069 36028797018963968
Q 99 141 578704762788589 18014398509481984
Q 99 143 -1198802170117047 9007199254740992
Q 99 145 4123574227342741 72057594037927936
Q 99 147 3291888983295945 36028797018963968
Q 99 149 -2327460281145861 18014398509481984
Q 99 151 5211572877702763 288230376151711744
Q 99 153 1015960893373677 9007199254740992
Q 99 155 -1146648131035715 9007199254740992
Q 99 157 1321884630357823 72057594037927936
Q 99 159 7728725450197579 72057594037927936
Q 99 161 -641080227498573 4503599627370496
Q 99 163 598564807651929 9007199254740992
Q 99 165 2051237543723121 36028797018963968
Q 99 167 -5165740129782897 36028797018963968
Q 99 169 5272362311789015 36028797018963968
Q 99 171 -1332186778491089 18014398509481984
Q 99 173 -2267456593833517 72057594037927936
Q 99 175 1125911951291475 9007199254740992
Q 99 177 -6486995639769255 36028797018963968
Q 99 179 6931121093890641 36028797018963968
Q 99 181 -6225520560068419 36028797018963968
Q 99 183 4936717052989493 36028797018963968
Q 99 185 -7091644817046541 72057594037927936
Q 99 187 2343280013131255 36028797018963968
Q 99 189 -720009438734653 18014398509481984
Q 99 191 6634016966014593 288230376151711744
Q 99 193 -450110354756039 36028797018963968
Q 99 195 7403224464228909 1152921504606846976
Q 99 197 -7233566164051097 2305843009213693952
Q 99 199 6738904777015461 4611686018427387904
Q 99 201 -375111403927695 576460752303423488
Q 99 203 5121695589729259 18446744073709551616
Q 99 205 -8392310848814141 73786976294838206464
Q 99 207 6612765732018109 147573952589676412928
Q 99 209 -2509540602978273 147573952589676412928
Q 99 211 3674607817677841 590295810358705651712
Q 99 213 -5196622217000799 2361183241434822606848
Q 99 215 444122416917413 590295810358705651712
Q 99 217 -4702631550423665 18889465931478580854784
Q 99 219 6030515423115533 75557863725914323419136
Q 99 221 -937409680267791 37778931862957161709568
Q 99 223 2262736540638385 302231454903657293676544
Q 99 225 -2652474618208019 1208925819614629174706176
Q 99 227 6044384941293853 9671406556917033397649408
Q 99 229 -6698349577945839 38685626227668133590597632
Q 99 231 112881228018205 2417851639229258349412352
Q 99 233 -7587715693070753 618970019642690137449562112
Q 99 235 485310174796543 154742504910672534362390528
Q 99 237 -3873369276647357 4951760157141521099596496896
Q 99 239 471128548963055 2475880078570760549798248448
Q 99 241 -3578549853316873 79228162514264337593543950336
Q 99 243 3318033066395925 316912650057057350374175801344
Q 99 245 -6020678416802871 2535301200456458802993406410752
Q 99 247 1330888125095821 2535301200456458802993406410752
Q 99 249 -4419333642459861 40564819207303340847894502572032
Q 99 251 6994651776958415 324518553658426726783156020576256
Q 99 253 -5260424009223579 649037107316853453566312041152512
Q 99 255 6951971771465685 1298074214633706907132624082305024
Q 100 0 -3032148752462659 36028797018963968
Q 100 2 -661323721272969 4503599627370496
Q 100 4 -6571472320919405 72057594037927936
Q 100 6 6769275344276959 288230376151711744
Q 100 8 8952722789138241 72057594037927936
Q 100 10 2700780187029807 18014398509481984
Q 100 12 6119681172219015 72057594037927936
Q 100 14 -2281477600935829 72057594037927936
Q 100 16 -4645720181283067 36028797018963968
Q 100 18 -2644316860649051 18014398509481984
Q 100 20 -659781268888075 9007199254740992
Q 100 22 3346081825152097 72057594037927936
Q 100 24 1229493108441193 9007199254740992
Q 100 26 4979934098128579 36028797018963968
Q 100 28 1768863444564555 36028797018963968
Q 100 30 -1312040941610709 18014398509481984
Q 100 32 -5233490065673881 36028797018963968
Q 100 34 -8440413433298579 72057594037927936
Q 100 36 -3670314045926591 576460752303423488
Q 100 38 7853170534404015 72057594037927936
Q 100 40 5198202970075267 36028797018963968
Q 100 42 642361742199045 9007199254740992
Q 100 44 -8119267833355403 144115188075855872
Q 100 46 -5037261161195587 36028797018963968
Q 100 48 -4002800132910761 36028797018963968
Q 100 50 5111517914492955 576460752303423488
Q 100 52 8746105083585719 72057594037927936
Q 100 54 2329155821832891 18014398509481984
Q 100 56 6638595748133941 288230376151711744
Q 100 58 -7499812046567965 72057594037927936
Q 100 60 -4848771292662713 36028797018963968
Q 100 62 -5325597615758375 144115188075855872
Q 100 64 3486269965532265 36028797018963968
Q 100 66 2405330629836145 18014398509481984
Q 100 68 4754881483933759 144115188075855872
Q 100 70 -3687559844292135 36028797018963968
Q 100 72 -2285147312317611 18014398509481984
Q 100 74 -2982556525696795 288230376151711744
Q 100 76 2125019574586737 18014398509481984
Q 100 78 7790903475985881 72057594037927936
Q 100 80 -4568184167895909 144115188075855872
Q 100 82 -4770335854898555 36028797018963968
Q 100 84 -589208937449559 9007199254740992
Q 100 86 6240774446020763 72057594037927936
Q 100 88 8869274285531127 72057594037927936
Q 100 90 -5162457383941549 576460752303423488
Q 100 92 -4626650382414771 36028797018963968
Q 100 94 -4522589590594149 72057594037927936
Q 100 96 3448303124251417 36028797018963968
Q 100 98 7852968232960489 72057594037927936
Q 100 100 -6821298846373699 144115188075855872
Q 100 102 -4615622387567461 36028797018963968
Q 100 104 7039561148956685 9223372036854775808
Q 100 106 4624484008951201 36028797018963968
Q 100 108 2533943172668563 72057594037927936
Q 100 110 -8648635122244043 72057594037927936
Q 100 112 -1051046514169195 18014398509481984
Q 100 114 8024217143187927 72057594037927936
Q 100 116 2515849869353837 36028797018963968
Q 100 118 -1934443295796171 18014398509481984
Q 100 120 -319284147974567 4503599627370496
Q 100 122 7931223141821673 72057594037927936
Q 100 124 8845549502326751 144115188075855872
Q 100 126 -8532120239281111 72057594037927936
Q 100 128 -5670553451803355 144115188075855872
Q 100 130 1150531867974915 9007199254740992
Q 100 132 2824821877815031 1152921504606846976
Q 100 134 -1158067948814041 9007199254740992
Q 100 136 3481604637841799 72057594037927936
Q 100 138 3850559122189163 36028797018963968
Q 100 140 -7363376445665549 72057594037927936
Q 100 142 -894680762094849 18014398509481984
Q 100 144 1196185524044967 9007199254740992
Q 100 146 -5739330729589265 144115188075855872
Q 100 148 -1867188517489175 18014398509481984
Q 100 150 8777802273130537 72057594037927936
Q 100 152 6482875950829931 2361183241434822606848
Q 100 154 -2194496267588707 18014398509481984
Q 100 156 8539413443568433 72057594037927936
Q 100 158 -7766362189398837 9223372036854775808
Q 100 160 -8472792192744065 72057594037927936
Q 100 162 2476179117900869 18014398509481984
Q 100 164 -1837376671483207 36028797018963968
Q 100 166 -5157525588877227 72057594037927936
Q 100 168 5339437981902487 36028797018963968
Q 100 170 -5030141123185423 36028797018963968
Q 100 172 8678982116030099 144115188075855872
Q 100 174 205277622269313 4503599627370496
Q 100 176 -4847939732207249 36028797018963968
Q 100 178 1651074438594457 9007199254740992
Q 100 180 -3427553715971017 18014398509481984
Q 100 182 1508846346663701 9007199254740992
Q 100 184 -4711309373245635 36028797018963968
Q 100 186 834833691112817 9007199254740992
Q 100 188 -2181186861707083 36028797018963968
Q 100 190 5305176641165999 144115188075855872
Q 100 192 -6050651759878725 288230376151711744
Q 100 194 6508597792684527 576460752303423488
Q 100 196 -6632925685194221 1152921504606846976
Q 100 198 3213774227475029 1152921504606846976
Q 100 200 -2970327593998207 2305843009213693952
Q 100 202 5250473707881623 9223372036854775808
Q 100 204 -4447428371205965 18446744073709551616
Q 100 206 7235087033924987 73786976294838206464
Q 100 208 -353811022515047 9223372036854775808
Q 100 210 8534506940886311 590295810358705651712
Q 100 212 -6206457620467431 1180591620717411303424
Q 100 214 4359722976691057 2361183241434822606848
Q 100 216 -2961532415594195 4722366482869645213696
Q 100 218 7789820848662655 37778931862957161709568
Q 100 220 -2481741199163675 37778931862957161709568
Q 100 222 6134321265376003 302231454903657293676544
Q 100 224 -7358558508606435 1208925819614629174706176
Q 100 226 4287121317180999 2417851639229258349412352
Q 100 228 -2427863859757585 4835703278458516698824704
Q 100 230 2674777022405027 19342813113834066795298816
Q 100 232 -717029566512625 19342813113834066795298816
Q 100 234 5990164752358607 618970019642690137449562112
Q 100 236 -95239089092207 38685626227668133590597632
Q 100 238 6046718096477745 9903520314283042199192993792
Q 100 240 -5850713089164781 39614081257132168796771975168
Q 100 242 690640851850045 19807040628566084398385987584
Q 100 244 -2549293087154345 316912650057057350374175801344
Q 100 246 4588596962832689 2535301200456458802993406410752
Q 100 248 -3952481999632485 10141204801825835211973625643008
Q 100 250 6552207139375855 81129638414606681695789005144064
Q 100 252 -7503694161814771 324518553658426726783156020576256
Q 100 254 449649034954011 40564819207303340847894502572032
Q 101 1 -4840111198802889 36028797018963968
Q 101 3 -2402916527847787 18014398509481984
Q 101 5 -6445834716804985 144115188075855872
Q 101 7 2564200370955625 36028797018963968
Q 101 9 328640154340039 2251799813685248
Q 101 11 1227961871405049 9007199254740992
Q 101 13 3435180280009903 72057594037927936
Q 101 15 -4958144997180761 72057594037927936
Q 101 17 -2610290494560321 18014398509481984
Q 101 19 -4865602663299885 36028797018963968
Q 101 21 -6363656377794125 144115188075855872
Q 101 23 2651138398637647 36028797018963968
Q 101 25 5259002905812693 36028797018963968
Q 101 27 35737511673869 281474976710656
Q 101 29 7825181205520997 288230376151711744
Q 101 31 -812960600070813 9007199254740992
Q 101 33 -5336317226933041 36028797018963968
Q 101 35 -7661959291042323 72057594037927936
Q 101 37 4865971831573313 576460752303423488
Q 101 39 8452249205424037 72057594037927936
Q 101 41 2560497891086489 18014398509481984
Q 101 43 566248607809131 9007199254740992
Q 101 45 -286055476392753 4503599627370496
Q 101 47 -1271577909489065 9007199254740992
Q 101 49 -3887725751669407 36028797018963968
Q 101 51 881770261840601 72057594037927936
Q 101 53 4405676381021135 36028797018963968
Q 101 55 1160546740494907 9007199254740992
Q 101 57 3396581236377851 144115188075855872
Q 101 59 -3700173493556935 36028797018963968
Q 101 61 -2433791615539565 18014398509481984
Q 101 63 -5873378293819175 144115188075855872
Q 101 65 6690323614113197 72057594037927936
Q 101 67 151577784024419 1125899906842624
Q 101 69 5719866517415079 144115188075855872
Q 101 71 -6963833405715897 72057594037927936
Q 101 73 -583034167573323 4503599627370496
Q 101 75 -2861716516179185 144115188075855872
Q 101 77 8083574520346655 72057594037927936
Q 101 79 8217106487184749 72057594037927936
Q 101 81 -5772813769017351 288230376151711744
Q 101 83 -145889653356645 1125899906842624
Q 101 85 -2746742736073535 36028797018963968
Q 101 87 5441326342635153 72057594037927936
Q 101 89 1145486362563565 9007199254740992
Q 101 91 1662914474433365 288230376151711744
Q 101 93 -8913239126780371 72057594037927936
Q 101 95 -5460218818882299 72057594037927936
Q 101 97 6029387024952003 72057594037927936
Q 101 99 8411986739253165 72057594037927936
Q 101 101 -2242601832992261 72057594037927936
Q 101 103 -4665696529564787 36028797018963968
Q 101 105 -1200424790467983 72057594037927936
Q 101 107 1117331410462531 9007199254740992
Q 101 109 7488346465822465 144115188075855872
Q 101 111 -2008908553778825 18014398509481984
Q 101 113 -1331766115048663 18014398509481984
Q 101 115 1806500064806571 18014398509481984
Q 101 117 1523596184858501 18014398509481984
Q 101 119 -3431418703135371 36028797018963968
Q 101 121 -6178063681528961 72057594037927936
Q 101 123 3542642796105799 36028797018963968
Q 101 125 5575791793160917 72057594037927936
Q 101 127 -1959229102471209 18014398509481984
Q 101 129 -4122828664483185 72057594037927936
Q 101 131 8813199999171409 72057594037927936
Q 101 133 196980218138371 9007199254740992
Q 101 135 -2338033650523857 18014398509481984
Q 101 137 8502711701141271 288230376151711744
Q 101 139 8394748127435705 72057594037927936
Q 101 141 -3185835605051769 36028797018963968
Q 101 143 -4813933703842031 72057594037927936
Q 101 145 2337861478933857 18014398509481984
Q 101 147 -189376361805731 9007199254740992
Q 101 149 -4118664842311513 36028797018963968
Q 101 151 8061924347427921 72057594037927936
Q 101 153 5378035968959449 288230376151711744
Q 101 155 -580842195337363 4503599627370496
Q 101 157 7742492075578547 72057594037927936
Q 101 159 4953311065459413 288230376151711744
Q 101 161 -4554668435832117 36028797018963968
Q 101 163 2350299611157681 18014398509481984
Q 101 165 -4964293031269639 144115188075855872
Q 101 167 -6177441285641765 72057594037927936
Q 101 169 5458344861086795 36028797018963968
Q 101 171 -1182967865535837 9007199254740992
Q 101 173 6576330164031339 144115188075855872
Q 101 175 1075351149699015 18014398509481984
Q 101 177 -1292687846867073 9007199254740992
Q 101 179 209163113260255 1125899906842624
Q 101 181 -3377526503554543 18014398509481984
Q 101 183 364404284115633 2251799813685248
Q 101 185 -8960202010509953 72057594037927936
Q 101 187 6266385884602061 72057594037927936
Q 101 189 -1011219392299465 18014398509481984
Q 101 191 38019062169351 1125899906842624
Q 101 193 -1373831822835179 72057594037927936
Q 101 195 22876484309759 2251799813685248
Q 101 197 -1478946763758455 288230376151711744
Q 101 199 5684520502847617 2305843009213693952
Q 101 201 -2605793407477547 2305843009213693952
Q 101 203 4570302654442229 9223372036854775808
Q 101 205 -7684268498321173 36893488147419103232
Q 101 207 6204643925067687 73786976294838206464
Q 101 209 -4820091130331635 147573952589676412928
Q 101 211 7216145778909449 590295810358705651712
Q 101 213 -5211925533675573 1180591620717411303424
Q 101 215 909157484364715 590295810358705651712
Q 101 217 -2454117897371321 4722366482869645213696
Q 101 219 6413475832107465 37778931862957161709568
Q 101 221 -2030270768993615 37778931862957161709568
Q 101 223 2493483451252811 151115727451828646838272
Q 101 225 -5945293093589631 1208925819614629174706176
Q 101 227 430330691418725 302231454903657293676544
Q 101 229 -3875788307848847 9671406556917033397649408
Q 101 231 4244569516498911 38685626227668133590597632
Q 101 233 -4524627991580827 154742504910672534362390528
Q 101 235 4697451846875119 618970019642690137449562112
Q 101 237 -4752406980229273 2475880078570760549798248448
Q 101 239 4687690200531259 9903520314283042199192993792
Q 101 241 -4510191875824159 39614081257132168796771975168
Q 101 243 8471405202729879 316912650057057350374175801344
Q 101 245 -7776323075283759 1267650600228229401496703205376
Q 101 247 3480845139581441 2535301200456458802993406410752
Q 101 249 -1487484365398963 5070602400912917605986812821504
Q 101 251 613426223311105 10141204801825835211973625643008
Q 101 253 -5935558010709879 324518553658426726783156020576256
Q 101 255 1528332630629749 162259276829213363391578010288128
Q 102 0 -2993998245790319 36028797018963968
Q 102 2 -5354299127184483 36028797018963968
Q 102 4 -7368435656196611 72057594037927936
Q 102 6 2775685523157819 576460752303423488
Q 102 8 3949333746794021 36028797018963968
Q 102 10 5544008539232685 36028797018963968
Q 102 12 2036663435758321 18014398509481984
Q 102 14 5440543797100381 576460752303423488
Q 102 16 -448080394987517 4503599627370496
Q 102 18 -2743540351487393 18014398509481984
Q 102 20 -2129147706929559 18014398509481984
Q 102 22 -2271904542861641 144115188075855872
Q 102 24 3455651877905429 36028797018963968
Q 102 26 2711054996977503 18014398509481984
Q 102 28 4106288534727343 36028797018963968
Q 102 30 4161865859346045 576460752303423488
Q 102 32 -7499017189264787 72057594037927936
Q 102 34 -669782546450615 4503599627370496
Q 102 36 -6929205955931375 72057594037927936
Q 102 38 5941352285928011 288230376151711744
Q 102 40 4442988723496027 36028797018963968
Q 102 42 5040154246644867 36028797018963968
Q 102 44 8134433731138147 144115188075855872
Q 102 46 -4924606057011785 72057594037927936
Q 102 48 -5110247457443993 36028797018963968
Q 102 50 -3825936425701337 36028797018963968
Q 102 52 7648687673539883 576460752303423488
Q 102 54 8789833181308009 72057594037927936
Q 102 56 1164677480699691 9007199254740992
Q 102 58 1893608831989273 72057594037927936
Q 102 60 -1797436447572541 18014398509481984
Q 102 62 -4900625242710325 36028797018963968
Q 102 64 -6698301612738533 144115188075855872
Q 102 66 3142545782028831 36028797018963968
Q 102 68 2445785104745263 18014398509481984
Q 102 70 6931488922802707 144115188075855872
Q 102 72 -6425173472527921 72057594037927936
Q 102 74 -4753734623006753 36028797018963968
Q 102 76 -8941726389709177 288230376151711744
Q 102 78 7538665380656007 72057594037927936
Q 102 80 2160341771311661 18014398509481984
Q 102 82 -3763777211561303 576460752303423488
Q 102 84 -4505435421381777 36028797018963968
Q 102 86 -6305362921418959 72057594037927936
Q 102 88 2242548969472339 36028797018963968
Q 102 90 4683837837311017 36028797018963968
Q 102 92 787786889216931 36028797018963968
Q 102 94 -4202992639101475 36028797018963968
Q 102 96 -6392091120296929 72057594037927936
Q 102 98 4987565878463259 72057594037927936
Q 102 100 4432451700467465 36028797018963968
Q 102 102 -7561572055785197 576460752303423488
Q 102 104 -1157193382431443 9007199254740992
Q 102 106 -5034323466393983 144115188075855872
Q 102 108 1052792897543689 9007199254740992
Q 102 110 4949617545385225 72057594037927936
Q 102 112 -1802408121447921 18014398509481984
Q 102 114 -6394537588287531 72057594037927936
Q 102 116 1554593678120983 18014398509481984
Q 102 118 7071220930026101 72057594037927936
Q 102 120 -1445306348106841 18014398509481984
Q 102 122 -3576148868642519 36028797018963968
Q 102 124 6028516539792301 72057594037927936
Q 102 126 3323035029637511 36028797018963968
Q 102 128 -6920229734530771 72057594037927936
Q 102 130 -2682329235278517 36028797018963968
Q 102 132 4095742092275725 36028797018963968
Q 102 134 2992683108494619 72057594037927936
Q 102 136 -2304468158199745 18014398509481984
Q 102 138 5346542725812673 576460752303423488
Q 102 140 8915688086957287 72057594037927936
Q 102 142 -2598569317473051 36028797018963968
Q 102 144 -5981596460092847 72057594037927936
Q 102 146 8917444944789361 72057594037927936
Q 102 148 -5354711241827677 4611686018427387904
Q 102 150 -4427802205932399 36028797018963968
Q 102 152 7158898950577553 72057594037927936
Q 102 154 168884056260337 4503599627370496
Q 102 156 -2411862534623225 18014398509481984
Q 102 158 3391383957257391 36028797018963968
Q 102 160 2551649793471757 72057594037927936
Q 102 162 -2403743718994923 18014398509481984
Q 102 164 8741616616275229 72057594037927936
Q 102 166 -2448363993338529 144115188075855872
Q 102 168 -7142655317881055 72057594037927936
Q 102 170 689506360281051 4503599627370496
Q 102 172 -8754015203541699 72057594037927936
Q 102 174 8729943613336457 288230376151711744
Q 102 176 5307990614385865 72057594037927936
Q 102 178 -341754112373843 2251799813685248
Q 102 180 6751865972883621 36028797018963968
Q 102 182 -6630896400038597 36028797018963968
Q 102 184 2805862315721925 18014398509481984
Q 102 186 -4244302078997525 36028797018963968
Q 102 188 5856825404365219 72057594037927936
Q 102 190 -7470834814926841 144115188075855872
Q 102 192 2222660842447147 72057594037927936
Q 102 194 -4969283357536489 288230376151711744
Q 102 196 2622886457911969 288230376151711744
Q 102 198 -5251579439061947 1152921504606846976
Q 102 200 625397604728019 288230376151711744
Q 102 202 -4549312775337845 4611686018427387904
Q 102 204 989487607992991 2305843009213693952
Q 102 206 -6603681445952565 36893488147419103232
Q 102 208 661551038879827 9223372036854775808
Q 102 210 -2040788838211425 73786976294838206464
Q 102 212 3033602417040883 295147905179352825856
Q 102 214 -2175848462315285 590295810358705651712
Q 102 216 753939920342417 590295810358705651712
Q 102 218 -1010775901318639 2361183241434822606848
Q 102 220 5248373498981261 37778931862957161709568
Q 102 222 -6602874124696865 151115727451828646838272
Q 102 224 4028893950906225 302231454903657293676544
Q 102 226 -4773010141773229 1208925819614629174706176
Q 102 228 686685573868733 604462909807314587353088
Q 102 230 -6146906087988841 19342813113834066795298816
Q 102 232 6691190954586519 77371252455336267181195264
Q 102 234 -3545083175514565 154742504910672534362390528
Q 102 236 7317590215105461 1237940039285380274899124224
Q 102 238 -7359987627558039 4951760157141521099596496896
Q 102 240 3608935881007661 9903520314283042199192993792
Q 102 242 -863153901242041 9903520314283042199192993792
Q 102 244 3223674456086161 158456325028528675187087900672
Q 102 246 -2938873162756571 633825300114114700748351602688
Q 102 248 5233856884050069 5070602400912917605986812821504
Q 102 250 -2273877200872665 10141204801825835211973625643008
Q 102 252 3821253285631795 81129638414606681695789005144064
Q 102 254 -5878767838888561 649037107316853453566312041152512
Q 103 1 2406858226111419 18014398509481984
Q 103 3 5015956811476153 36028797018963968
Q 103 5 4365339123318267 72057594037927936
Q 103 7 -3715786474669591 72057594037927936
Q 103 9 -4922738104929649 36028797018963968
Q 103 11 -5394376023188465 36028797018963968
Q 103 13 -3015919804555157 36028797018963968
Q 103 15 7731303288541485 288230376151711744
Q 103 17 8863554396349815 72057594037927936
Q 103 19 5496469943935791 36028797018963968
Q 103 21 7091146174121357 72057594037927936
Q 103 23 -6055134465373009 576460752303423488
Q 103 25 -4088897948082623 36028797018963968
Q 103 27 -5449741231738541 36028797018963968
Q 103 29 -7244080786632837 72057594037927936
Q 103 31 2925578424140587 288230376151711744
Q 103 33 8262135687526271 72057594037927936
Q 103 35 5329865676046717 36028797018963968
Q 103 37 6288203689650691 72057594037927936
Q 103 39 -8671643353814195 288230376151711744
Q 103 41 -1147843134654783 9007199254740992
Q 103 43 -4971955356638871 36028797018963968
Q 103 45 -3764351054970121 72057594037927936
Q 103 47 1277400492062169 18014398509481984
Q 103 49 2557897639072267 18014398509481984
Q 103 51 3821127687293589 36028797018963968
Q 103 53 -6888745738832283 576460752303423488
Q 103 55 -8680074539902037 72057594037927936
Q 103 57 -4705440127960967 36028797018963968
Q 103 59 -4488369394241293 144115188075855872
Q 103 61 6858313896362161 72057594037927936
Q 103 63 4939603018151161 36028797018963968
Q 103 65 7785670171964563 144115188075855872
Q 103 67 -5743197621230979 72057594037927936
Q 103 69 -4921077527952411 36028797018963968
Q 103 71 -8365164028316713 144115188075855872
Q 103 73 5741962864772537 72057594037927936
Q 103 75 4822510166636381 36028797018963968
Q 103 77 3146155781205251 72057594037927936
Q 103 79 -3421013256584225 36028797018963968
Q 103 81 -2256789885025415 18014398509481984
Q 103 83 -626553334462389 72057594037927936
Q 103 85 4264735252613415 36028797018963968
Q 103 87 7113717868442205 72057594037927936
Q 103 89 -6730358986058719 144115188075855872
Q 103 91 -4718808342618937 36028797018963968
Q 103 93 -2810544583454393 72057594037927936
Q 103 95 3851229782007551 36028797018963968
Q 103 97 7274756224288759 72057594037927936
Q 103 99 -7533852621853869 144115188075855872
Q 103 101 -4582107447812725 36028797018963968
Q 103 103 -1845501191407019 288230376151711744
Q 103 105 1121282838191925 9007199254740992
Q 103 107 964377745015475 18014398509481984
Q 103 109 -3837068919057027 36028797018963968
Q 103 111 -6103004168139945 72057594037927936
Q 103 113 6158111637096559 72057594037927936
Q 103 115 1838907287122233 18014398509481984
Q 103 117 -4998778760548347 72057594037927936
Q 103 119 -1977642514263145 18014398509481984
Q 103 121 2247769561676349 36028797018963968
Q 103 123 997486092016489 9007199254740992
Q 103 125 -1190875861771101 18014398509481984
Q 103 127 -7582722048066281 72057594037927936
Q 103 129 5779409625143331 72057594037927936
Q 103 131 6511370308751945 72057594037927936
Q 103 133 -3663168806183423 36028797018963968
Q 103 135 -8765096913859967 144115188075855872
Q 103 137 1104444862152801 9007199254740992
Q 103 139 3429756079013673 288230376151711744
Q 103 141 -1153144306587363 9007199254740992
Q 103 143 3852611836079935 72057594037927936
Q 103 145 7038550315850575 72057594037927936
Q 103 147 -4127133653692515 36028797018963968
Q 103 149 -5571768057961699 288230376151711744
Q 103 151 2322432339637971 18014398509481984
Q 103 153 -6071917733633045 72057594037927936
Q 103 155 -2020098635475245 36028797018963968
Q 103 157 4907295496057459 36028797018963968
Q 103 159 -5666017331604325 72057594037927936
Q 103 161 -1925960610343893 36028797018963968
Q 103 163 1245863060738645 9007199254740992
Q 103 165 -495282860063173 4503599627370496
Q 103 167 -5261723854210319 4611686018427387904
Q 103 169 2008138351550519 18014398509481984
Q 103 171 -344174275274559 2251799813685248
Q 103 173 247881246931537 2251799813685248
Q 103 175 -4127502418119193 288230376151711744
Q 103 177 -6293220821456847 72057594037927936
Q 103 179 5736008082021545 36028797018963968
Q 103 181 -6778688658648039 36028797018963968
Q 103 183 6482909853230565 36028797018963968
Q 103 185 -5380322031749419 36028797018963968
Q 103 187 8010417548265733 72057594037927936
Q 103 189 -5452018055084011 72057594037927936
Q 103 191 429407294016329 9007199254740992
Q 103 193 -8086180061854719 288230376151711744
Q 103 195 8946912615057597 576460752303423488
Q 103 197 -2338517227025961 288230376151711744
Q 103 199 4639609502817853 1152921504606846976
Q 103 201 -8763506876649149 4611686018427387904
Q 103 203 7902026693675235 9223372036854775808
Q 103 205 -6819497636985175 18446744073709551616
Q 103 207 1411166789041129 9223372036854775808
Q 103 209 -8979095842964551 147573952589676412928
Q 103 211 429605570522727 18446744073709551616
Q 103 213 -39624997509191 4611686018427387904
Q 103 215 7224475876668939 2361183241434822606848
Q 103 217 -4972026840761637 4722366482869645213696
Q 103 219 6620594204946099 18889465931478580854784
Q 103 221 -8536970597228779 75557863725914323419136
Q 103 223 5334902863164785 151115727451828646838272
Q 103 225 -6468412404191633 604462909807314587353088
Q 103 227 1903590017942393 604462909807314587353088
Q 103 229 -8708758162951939 9671406556917033397649408
Q 103 231 4842145399861665 19342813113834066795298816
Q 103 233 -654833835172723 9671406556917033397649408
Q 103 235 2758748631071223 154742504910672534362390528
Q 103 237 -353778832230191 77371252455336267181195264
Q 103 239 22107873830959 19342813113834066795298816
Q 103 241 -5517865280724053 19807040628566084398385987584
Q 103 243 5248386322623261 79228162514264337593543950336
Q 103 245 -1218212273955045 79228162514264337593543950336
Q 103 247 8835261844132683 2535301200456458802993406410752
Q 103 249 -7814482939724427 10141204801825835211973625643008
Q 103 251 844065781347257 5070602400912917605986812821504
Q 103 253 -5833019750749649 162259276829213363391578010288128
Q 103 255 2582156559049993 324518553658426726783156020576256
Q 104 0 5909865579209339 72057594037927936
Q 104 2 5410673238230467 36028797018963968
Q 104 4 4075033279205363 36028797018963968
Q 104 6 8519972248780007 576460752303423488
Q 104 8 -3295833312395583 36028797018963968
Q 104 10 -5472517180448533 36028797018963968
Q 104 12 -2451096122217613 18014398509481984
Q 104 14 -1858885201585643 36028797018963968
Q 104 16 2130267262163103 36028797018963968
Q 104 18 5026467958450413 36028797018963968
Q 104 20 1327599195537721 9007199254740992
Q 104 22 5590469198021881 72057594037927936
Q 104 24 -4866168999466691 144115188075855872
Q 104 26 -2283118822766349 18014398509481984
Q 104 28 -5384408733339117 36028797018963968
Q 104 30 -6317974324737737 72057594037927936
Q 104 32 7112143156777793 288230376151711744
Q 104 34 4413143372473077 36028797018963968
Q 104 36 2638739610240151 18014398509481984
Q 104 38 721622336637367 9007199254740992
Q 104 40 -664068570167145 18014398509481984
Q 104 42 -4682843686833081 36028797018963968
Q 104 44 -4927899390729381 36028797018963968
Q 104 46 -7259997219224757 144115188075855872
Q 104 48 160479314367841 2251799813685248
Q 104 50 5105385532127797 36028797018963968
Q 104 52 3873726650956983 36028797018963968
Q 104 54 -297678511320663 36028797018963968
Q 104 56 -8473680826314523 72057594037927936
Q 104 58 -4776182801331581 36028797018963968
Q 104 60 -5492518894151227 144115188075855872
Q 104 62 799004172252759 9007199254740992
Q 104 64 2486256787210713 18014398509481984
Q 104 66 1138909575386959 18014398509481984
Q 104 68 -5049419976089819 72057594037927936
Q 104 70 -4922825128275053 36028797018963968
Q 104 72 -4991700787204967 72057594037927936
Q 104 74 612197583877449 9007199254740992
Q 104 76 4851282131693047 36028797018963968
Q 104 78 8284210530981627 144115188075855872
Q 104 80 -2985918525173679 36028797018963968
Q 104 82 -583188500787959 4503599627370496
Q 104 84 -7326798325421445 288230376151711744
Q 104 86 7860345316007635 72057594037927936
Q 104 88 7874056107777903 72057594037927936
Q 104 90 -4166028803584429 144115188075855872
Q 104 92 -4663925777801031 36028797018963968
Q 104 94 -2042876644132509 36028797018963968
Q 104 96 3389314471980121 36028797018963968
Q 104 98 8056247219640457 72057594037927936
Q 104 100 -2373962566499523 72057594037927936
Q 104 102 -4629860196170611 36028797018963968
Q 104 104 -3888555652398629 144115188075855872
Q 104 106 8433507416421269 72057594037927936
Q 104 108 1293057609323115 18014398509481984
Q 104 110 -6676218244016277 72057594037927936
Q 104 112 -7148118147539957 72057594037927936
Q 104 114 4879464326634169 72057594037927936
Q 104 116 2038278559339905 18014398509481984
Q 104 118 -447109906540289 9007199254740992
Q 104 120 -2139119049527457 18014398509481984
Q 104 122 3020967742156723 72057594037927936
Q 104 124 4302969865157177 36028797018963968
Q 104 126 -6610382970110819 144115188075855872
Q 104 128 -4165435516398849 36028797018963968
Q 104 130 8846772195727461 144115188075855872
Q 104 132 7508031118886917 72057594037927936
Q 104 134 -6214951974945123 72057594037927936
Q 104 136 -5693155059745755 72057594037927936
Q 104 138 8186020363775531 72057594037927936
Q 104 140 2408799298474557 72057594037927936
Q 104 142 -580429920265999 4503599627370496
Q 104 144 1180530445393205 36028797018963968
Q 104 146 7938688294865057 72057594037927936
Q 104 148 -3678084281512971 36028797018963968
Q 104 150 -359513184592035 9007199254740992
Q 104 152 148555031042187 1125899906842624
Q 104 154 -4811746969230899 72057594037927936
Q 104 156 -2660636720180579 36028797018963968
Q 104 158 4886134469519179 36028797018963968
Q 104 160 -2202066444582583 36028797018963968
Q 104 162 -5108277818516467 72057594037927936
Q 104 164 1267976256887253 9007199254740992
Q 104 166 -6952733201299885 72057594037927936
Q 104 168 -177091478691257 9007199254740992
Q 104 170 2206484600240455 18014398509481984
Q 104 172 -5425660821814101 36028797018963968
Q 104 174 7001789321989905 72057594037927936
Q 104 176 4883189298763561 2305843009213693952
Q 104 178 -3622837531362061 36028797018963968
Q 104 180 5970930728848955 36028797018963968
Q 104 182 -1693133105710627 9007199254740992
Q 104 184 3155853311959419 18014398509481984
Q 104 186 -321101790357495 2251799813685248
Q 104 188 7528367759756815 72057594037927936
Q 104 190 -1263490439105427 18014398509481984
Q 104 192 1572783838625533 36028797018963968
Q 104 194 -7321625081443173 288230376151711744
Q 104 196 8016956646482211 576460752303423488
Q 104 198 -2075018653319289 288230376151711744
Q 104 200 509844896349141 144115188075855872
Q 104 202 -7636096723563925 4611686018427387904
Q 104 204 6827026401160951 9223372036854775808
Q 104 206 -5843533598973081 18446744073709551616
Q 104 208 4798489158023559 36893488147419103232
Q 104 210 -7574268740739739 147573952589676412928
Q 104 212 1438690608432559 73786976294838206464
Q 104 214 -4215258514437045 590295810358705651712
Q 104 216 5961136223136917 2361183241434822606848
Q 104 218 -8147558138471391 9444732965739290427392
Q 104 220 673395592264499 2361183241434822606848
Q 104 222 -1724882441876625 18889465931478580854784
Q 104 224 8565911945465119 302231454903657293676544
Q 104 226 -1289738081038879 151115727451828646838272
Q 104 228 3016866515029025 1208925819614629174706176
Q 104 230 -3428523496124511 4835703278458516698824704
Q 104 232 947161056351561 4835703278458516698824704
Q 104 234 -8146983670501819 154742504910672534362390528
Q 104 236 8528056736904253 618970019642690137449562112
Q 104 238 -8696081197565325 2475880078570760549798248448
Q 104 240 4321415667222943 4951760157141521099596496896
Q 104 242 -8376404427207135 39614081257132168796771975168
Q 104 244 1979800015175713 39614081257132168796771975168
Q 104 246 -7309611775049461 633825300114114700748351602688
Q 104 248 826082363370349 316912650057057350374175801344
Q 104 250 -1460467704387097 2535301200456458802993406410752
Q 104 252 2362600145388349 20282409603651670423947251286016
Q 104 254 -5291919919496873 324518553658426726783156020576256
Q 105 1 4783808272111063 36028797018963968
Q 105 3 1303810015186583 9007199254740992
Q 105 5 5515691012357609 72057594037927936
Q 105 7 -8631390205347185 288230376151711744
Q 105 9 -4407109233364431 36028797018963968
Q 105 11 -2818144769237983 18014398509481984
Q 105 13 -4171999391876805 36028797018963968
Q 105 15 -2800173545341695 144115188075855872
Q 105 17 6225669087999265 72057594037927936
Q 105 19 1349179682541479 9007199254740992
Q 105 21 2496027710524567 18014398509481984
Q 105 23 8245202993666311 144115188075855872
Q 105 25 -7722478707366575 144115188075855872
Q 105 27 -4910662121736103 36028797018963968
Q 105 29 -5265356789317519 36028797018963968
Q 105 31 -2745734015554481 36028797018963968
Q 105 33 326500009891235 9007199254740992
Q 105 35 1153073981525041 9007199254740992
Q 105 37 5222434757655113 36028797018963968
Q 105 39 675955347558167 9007199254740992
Q 105 41 -5904649672017301 144115188075855872
Q 105 43 -590670148452113 4503599627370496
Q 105 45 -4914754641984797 36028797018963968
Q 105 47 -3668767045209925 72057594037927936
Q 105 49 156279906649715 2251799813685248
Q 105 51 1269241888673601 9007199254740992
Q 105 53 7961583238082533 72057594037927936
Q 105 55 -628788754052983 288230376151711744
Q 105 57 -4077793936702109 36028797018963968
Q 105 59 -1215178508840933 9007199254740992
Q 105 61 -212021462124109 4503599627370496
Q 105 63 2886893272486231 36028797018963968
Q 105 65 2491768101568415 18014398509481984
Q 105 67 332428648092473 4503599627370496
Q 105 69 -8378000479414209 144115188075855872
Q 105 71 -2438708042061513 18014398509481984
Q 105 73 -5865916217632003 72057594037927936
Q 105 75 969635122809107 18014398509481984
Q 105 77 4817899544496841 36028797018963968
Q 105 79 1298122104383595 18014398509481984
Q 105 81 -1227668090748257 18014398509481984
Q 105 83 -2375775395618653 18014398509481984
Q 105 85 -3117628337639065 72057594037927936
Q 105 87 3487336481570489 36028797018963968
Q 105 89 8532912502956337 72057594037927936
Q 105 91 -5212607758740835 576460752303423488
Q 105 93 -4390710038269 35184372088832
Q 105 95 -1338427438699777 18014398509481984
Q 105 97 702392372820847 9007199254740992
Q 105 99 2169278734468831 18014398509481984
Q 105 101 -6631790802931093 576460752303423488
Q 105 103 -568839591172739 4503599627370496
Q 105 105 -6912929003675975 144115188075855872
Q 105 107 7618423414029635 72057594037927936
Q 105 109 6400676993461195 72057594037927936
Q 105 111 -2711300291743355 36028797018963968
Q 105 113 -4010652316631799 36028797018963968
Q 105 115 3386259700021919 72057594037927936
Q 105 117 4362943343335851 36028797018963968
Q 105 119 -988639579710769 36028797018963968
Q 105 121 -8951447318742147 72057594037927936
Q 105 123 5550389841911247 288230376151711744
Q 105 125 4487435698537071 36028797018963968
Q 105 127 -210382005025801 9007199254740992
Q 105 129 -2208577213789265 18014398509481984
Q 105 131 5749913567288535 144115188075855872
Q 105 133 2074090878004551 18014398509481984
Q 105 135 -4867031636386097 72057594037927936
Q 105 137 -3432942397474449 36028797018963968
Q 105 139 3629935771896071 36028797018963968
Q 105 141 7867106446278875 144115188075855872
Q 105 143 -4534867974879155 36028797018963968
Q 105 145 6051786114639223 576460752303423488
Q 105 147 8634837680737159 72057594037927936
Q 105 149 -3113343764290971 36028797018963968
Q 105 151 -4320343195163843 72057594037927936
Q 105 153 4740176425627733 36028797018963968
Q 105 155 -6795260239996255 144115188075855872
Q 105 157 -1626091875265993 18014398509481984
Q 105 159 593873805543537 4503599627370496
Q 105 161 -6031317171701383 144115188075855872
Q 105 163 -6286994310654243 72057594037927936
Q 105 165 5063431697050429 36028797018963968
Q 105 167 -729226833545895 9007199254740992
Q 105 169 -5511727722698397 144115188075855872
Q 105 171 4750791055590261 36028797018963968
Q 105 173 -5268873820182985 36028797018963968
Q 105 175 5968819029192577 72057594037927936
Q 105 177 5433372896198499 288230376151711744
Q 105 179 -8153705101216457 72057594037927936
Q 105 181 771187513669971 4503599627370496
Q 105 183 -841584327940991 4503599627370496
Q 105 185 3059120640977841 18014398509481984
Q 105 187 -2442596423064203 18014398509481984
Q 105 189 7045270847732333 72057594037927936
Q 105 191 -2332295918724921 36028797018963968
Q 105 193 44803113177893 1125899906842624
Q 105 195 -6598693514717329 288230376151711744
Q 105 197 1787340693597151 144115188075855872
Q 105 199 -7328583562416431 1152921504606846976
Q 105 201 7135058651926497 2305843009213693952
Q 105 203 -6619049034488201 4611686018427387904
Q 105 205 5866715677825943 9223372036854775808
Q 105 207 -2489893156811513 9223372036854775808
Q 105 209 8112529576334673 73786976294838206464
Q 105 211 -6352577265098583 147573952589676412928
Q 105 213 4789757063570769 295147905179352825856
Q 105 215 -6964613644646563 1180591620717411303424
Q 105 217 152774399109253 73786976294838206464
Q 105 219 -6634267042152309 9444732965739290427392
Q 105 221 4355913640983413 18889465931478580854784
Q 105 223 -1385117715407949 18889465931478580854784
Q 105 225 6832181139327491 302231454903657293676544
Q 105 227 -1021862769886045 151115727451828646838272
Q 105 229 4749259338434843 2417851639229258349412352
Q 105 231 -5362486938121865 9671406556917033397649408
Q 105 233 5888033920251011 38685626227668133590597632
Q 105 235 -3145476405648441 77371252455336267181195264
Q 105 237 1636087157374129 154742504910672534362390528
Q 105 239 -1658091231194999 618970019642690137449562112
Q 105 241 6551779452382509 9903520314283042199192993792
Q 105 243 -3155858655041547 19807040628566084398385987584
Q 105 245 2965927418219955 79228162514264337593543950336
Q 105 247 -5443532774334565 633825300114114700748351602688
Q 105 249 4894427093443311 2535301200456458802993406410752
Q 105 251 -2153342309408065 5070602400912917605986812821504
Q 105 253 3464968982194147 40564819207303340847894502572032
Q 105 255 -7627751255768777 649037107316853453566312041152512
Q 106 0 -2914707659627201 36028797018963968
Q 106 2 -5459114215359411 36028797018963968
Q 106 4 -8912206399201235 72057594037927936
Q 106 6 -2533484314576657 72057594037927936
Q 106 8 5037053995939151 72057594037927936
Q 106 10 5168624054121045 36028797018963968
Q 106 12 685312682347043 4503599627370496
Q 106 14 413082304643629 4503599627370496
Q 106 16 -3109428433276467 288230376151711744
Q 106 18 -7805342328000137 72057594037927936
Q 106 20 -1395867262987975 9007199254740992
Q 106 22 -2300090122687489 18014398509481984
Q 106 24 -691930823977377 18014398509481984
Q 106 26 5034051010663519 72057594037927936
Q 106 28 5148282953778903 36028797018963968
Q 106 30 5126615251014723 36028797018963968
Q 106 32 4806612202573667 72057594037927936
Q 106 34 -3233174241487761 72057594037927936
Q 106 36 -4742976831405857 36028797018963968
Q 106 38 -647585900352363 4503599627370496
Q 106 40 -5208346907789355 72057594037927936
Q 106 42 764267319746389 18014398509481984
Q 106 44 1180651470802373 9007199254740992
Q 106 46 2467270244658053 18014398509481984
Q 106 48 1940854903995633 36028797018963968
Q 106 50 -4701008310411363 72057594037927936
Q 106 52 -1255972398931757 9007199254740992
Q 106 54 -4135659563764175 36028797018963968
Q 106 56 -7266741616376247 1152921504606846976
Q 106 58 3852390728090005 36028797018963968
Q 106 60 4944451044689943 36028797018963968
Q 106 62 8338479392251947 144115188075855872
Q 106 64 -2492623405292623 36028797018963968
Q 106 66 -4953074758177953 36028797018963968
Q 106 68 -6155061702283775 72057594037927936
Q 106 70 3150395360996019 72057594037927936
Q 106 72 4762699846103601 36028797018963968
Q 106 74 1691904264912945 18014398509481984
Q 106 76 -5355527815219643 144115188075855872
Q 106 78 -4698109937323989 36028797018963968
Q 106 80 -6254680245285023 72057594037927936
Q 106 82 7298251143620803 144115188075855872
Q 106 84 4744376148930029 36028797018963968
Q 106 86 8886937881701077 144115188075855872
Q 106 88 -5851040734874707 72057594037927936
Q 106 90 -564298753406843 4503599627370496
Q 106 92 -7211038127615053 576460752303423488
Q 106 94 8387655477768965 72057594037927936
Q 106 96 3276857204701639 36028797018963968
Q 106 98 -2110762983293567 36028797018963968
Q 106 100 -4536342459623387 36028797018963968
Q 106 102 -6648285793626241 576460752303423488
Q 106 104 2160906982330321 18014398509481984
Q 106 106 616992538683219 9007199254740992
Q 106 108 -3253906593706899 36028797018963968
Q 106 110 -1868027732348513 18014398509481984
Q 106 112 3923112098174461 72057594037927936
Q 106 114 8654213809042273 72057594037927936
Q 106 116 -3416678748659733 144115188075855872
Q 106 118 -2253123489531561 18014398509481984
Q 106 120 7737553115588333 2305843009213693952
Q 106 122 565017992106541 4503599627370496
Q 106 124 1431275086215599 288230376151711744
Q 106 126 -1129279374824353 9007199254740992
Q 106 128 -7329061485981237 9223372036854775808
Q 106 130 4519532131447071 36028797018963968
Q 106 132 -4690594402121847 288230376151711744
Q 106 134 -8817831368088363 72057594037927936
Q 106 136 1653558510422275 36028797018963968
Q 106 138 489879011361625 4503599627370496
Q 106 140 -6060315867322129 72057594037927936
Q 106 142 -5371163388329625 72057594037927936
Q 106 144 8550697267257691 72057594037927936
Q 106 146 7326175234901331 576460752303423488
Q 106 148 -4540582712576329 36028797018963968
Q 106 150 2440158421475715 36028797018963968
Q 106 152 1418612297536899 18014398509481984
Q 106 154 -4592624631189715 36028797018963968
Q 106 156 7431681445696865 288230376151711744
Q 106 158 3773050836149687 36028797018963968
Q 106 160 -8990865546813805 72057594037927936
Q 106 162 6104448442476743 288230376151711744
Q 106 164 3676180797157939 36028797018963968
Q 106 166 -309399800594211 2251799813685248
Q 106 168 4580525128763483 72057594037927936
Q 106 170 509155755352061 9007199254740992
Q 106 172 -5019427792848515 36028797018963968
Q 106 174 2516980320354213 18014398509481984
Q 106 176 -2420980361674239 36028797018963968
Q 106 178 -2571395646369669 72057594037927936
Q 106 180 4502836019862447 36028797018963968
Q 106 182 -3164390813439921 18014398509481984
Q 106 184 3329428652547743 18014398509481984
Q 106 186 -5903802475317645 36028797018963968
Q 106 188 2312359972019743 18014398509481984
Q 106 190 -6563987677631223 72057594037927936
Q 106 192 8571502397073265 144115188075855872
Q 106 194 -5203359725107097 144115188075855872
Q 106 196 739833609380195 36028797018963968
Q 106 198 -6344211697981091 576460752303423488
Q 106 200 1609486555087803 288230376151711744
Q 106 202 -6208173554066923 2305843009213693952
Q 106 204 1426676646295455 1152921504606846976
Q 106 206 -1253443921475657 2305843009213693952
Q 106 208 8439655247243245 36893488147419103232
Q 106 210 -6818223119064733 73786976294838206464
Q 106 212 5296615848292421 147573952589676412928
Q 106 214 -1981329896465759 147573952589676412928
Q 106 216 2859214625670707 590295810358705651712
Q 106 218 -498047042411743 295147905179352825856
Q 106 220 5367841519532717 9444732965739290427392
Q 106 222 -6998807376517757 37778931862957161709568
Q 106 224 4420034234624707 75557863725914323419136
Q 106 226 -5413203006230609 302231454903657293676544
Q 106 228 6433414478476111 1208925819614629174706176
Q 106 230 -1856366069842541 1208925819614629174706176
Q 106 232 4164708074836121 9671406556917033397649408
Q 106 234 -1135843293611177 9671406556917033397649408
Q 106 236 1205844247293473 38685626227668133590597632
Q 106 238 -4986126552606591 618970019642690137449562112
Q 106 240 5021819349442821 2475880078570760549798248448
Q 106 242 -1232572267896345 2475880078570760549798248448
Q 106 244 4720599481134405 39614081257132168796771975168
Q 106 246 -4410601252389373 158456325028528675187087900672
Q 106 248 1006693327349261 158456325028528675187087900672
Q 106 250 -3590656301895555 2535301200456458802993406410752
Q 106 252 6118376669587383 20282409603651670423947251286016
Q 106 254 -4518138506699775 81129638414606681695789005144064
Q 107 1 -593740482925505 4503599627370496
Q 107 3 -5402501833929839 36028797018963968
Q 107 5 -416650269611139 4503599627370496
Q 107 7 7463791581803971 1152921504606846976
Q 107 9 7416386154592301 72057594037927936
Q 107 11 2800376850459859 18014398509481984
Q 107 13 5093740016739421 36028797018963968
Q 107 15 4775131960761777 72057594037927936
Q 107 17 -680464395593509 18014398509481984
Q 107 19 -2254288978521989 18014398509481984
Q 107 21 -5633078515532121 36028797018963968
Q 107 23 -8371283430223803 72057594037927936
Q 107 25 -6324993692141985 288230376151711744
Q 107 27 5960011869090551 72057594037927936
Q 107 29 663105310764619 4503599627370496
Q 107 31 2498044095845103 18014398509481984
Q 107 33 4293241362566109 72057594037927936
Q 107 35 -7288959101454759 144115188075855872
Q 107 37 -1204007488864519 9007199254740992
Q 107 39 -2581329155080869 18014398509481984
Q 107 41 -1296183756839201 18014398509481984
Q 107 43 2969025544108493 72057594037927936
Q 107 45 4673552233941261 36028797018963968
Q 107 47 1246091742214353 9007199254740992
Q 107 49 8531912574377979 144115188075855872
Q 107 51 -4225921082945435 72057594037927936
Q 107 53 -2467434576586533 18014398509481984
Q 107 55 -8654718366559651 72057594037927936
Q 107 57 -4946816035547591 288230376151711744
Q 107 59 7095641353510547 72057594037927936
Q 107 61 5008164121020969 36028797018963968
Q 107 63 2527775623561837 36028797018963968
Q 107 65 -4009584296476855 72057594037927936
Q 107 67 -4858092996358851 36028797018963968
Q 107 69 -3512931385039017 36028797018963968
Q 107 71 7715217772084941 288230376151711744
Q 107 73 1138672588705843 9007199254740992
Q 107 75 7647075815633419 72057594037927936
Q 107 77 -5194103233019261 288230376151711744
Q 107 79 -8933707846881275 72057594037927936
Q 107 81 -7272785526373389 72057594037927936
Q 107 83 2190092099177369 72057594037927936
Q 107 85 4615642104497879 36028797018963968
Q 107 87 359562603420983 4503599627370496
Q 107 89 -4480125888259639 72057594037927936
Q 107 91 -2323597874527057 18014398509481984
Q 107 93 -2530345123428519 72057594037927936
Q 107 95 1869862977724627 18014398509481984
Q 107 97 7612473198955637 72057594037927936
Q 107 99 -5201522198042921 144115188075855872
Q 107 101 -4588401109213827 36028797018963968
Q 107 103 -5100157622642597 144115188075855872
Q 107 105 981252867190585 9007199254740992
Q 107 107 6306284654988937 72057594037927936
Q 107 109 -5101127148982545 72057594037927936
Q 107 111 -8308490120087605 72057594037927936
Q 107 113 1103624174702171 36028797018963968
Q 107 115 4488984573487609 36028797018963968
Q 107 117 3349096352964541 2305843009213693952
Q 107 119 -4477950426509497 36028797018963968
Q 107 121 -6276281063635757 288230376151711744
Q 107 123 8774967622593947 72057594037927936
Q 107 125 8604020242529381 288230376151711744
Q 107 127 -8739438849941125 72057594037927936
Q 107 129 -3706351549216285 144115188075855872
Q 107 131 4448923577943439 36028797018963968
Q 107 133 157040043523533 18014398509481984
Q 107 135 -4508812374214109 36028797018963968
Q 107 137 394100423328395 18014398509481984
Q 107 139 8546171886729535 72057594037927936
Q 107 141 -4605762508094377 72057594037927936
Q 107 143 -6654733055521393 72057594037927936
Q 107 145 7717965262629747 72057594037927936
Q 107 147 5198411619130985 144115188075855872
Q 107 149 -2309018203700999 18014398509481984
Q 107 151 6687745886542473 144115188075855872
Q 107 153 6883116267303103 72057594037927936
Q 107 155 -2151782577300111 18014398509481984
Q 107 157 921353684388155 288230376151711744
Q 107 159 262573370229987 2251799813685248
Q 107 161 -8233230740279047 72057594037927936
Q 107 163 -8183913367305483 18446744073709551616
Q 107 165 8267811491699823 72057594037927936
Q 107 167 -4727493007636249 36028797018963968
Q 107 169 6422134197433225 144115188075855872
Q 107 171 5340149891030813 72057594037927936
Q 107 173 -5209212003267087 36028797018963968
Q 107 175 2359995962190909 18014398509481984
Q 107 177 -908136420314199 18014398509481984
Q 107 179 -3776656917388781 72057594037927936
Q 107 181 611887675290589 4503599627370496
Q 107 183 -6446320712818133 36028797018963968
Q 107 185 3275655037093229 18014398509481984
Q 107 187 -5669997897118713 36028797018963968
Q 107 189 8716089125577071 72057594037927936
Q 107 191 -760922049841959 9007199254740992
Q 107 193 61236905231223 1125899906842624
Q 107 195 -2349197956348241 72057594037927936
Q 107 197 1320599736238897 72057594037927936
Q 107 199 -5601026762608999 576460752303423488
Q 107 201 2812952707364765 576460752303423488
Q 107 203 -335789183640853 144115188075855872
Q 107 205 4892963570909663 4611686018427387904
Q 107 207 -8521238676832203 18446744073709551616
Q 107 209 7110331459760865 36893488147419103232
Q 107 211 -2848276647030809 36893488147419103232
Q 107 213 4389546853165981 147573952589676412928
Q 107 215 -3258225678062397 295147905179352825856
Q 107 217 72903374518419 18446744073709551616
Q 107 219 -403322979458359 295147905179352825856
Q 107 221 2157508330666597 4722366482869645213696
Q 107 223 -2792798656714677 18889465931478580854784
Q 107 225 3502608239940567 75557863725914323419136
Q 107 227 -2129922409614461 151115727451828646838272
Q 107 229 2514049857166701 604462909807314587353088
Q 107 231 -5764409583768463 4835703278458516698824704
Q 107 233 3211645883726635 9671406556917033397649408
Q 107 235 -3480756974157781 38685626227668133590597632
Q 107 237 3671441659014945 154742504910672534362390528
Q 107 239 -3771157770086315 618970019642690137449562112
Q 107 241 3774267945499243 2475880078570760549798248448
Q 107 243 -3682437848395791 9903520314283042199192993792
Q 107 245 7008237064598869 79228162514264337593543950336
Q 107 247 -6508555565733427 316912650057057350374175801344
Q 107 249 1477311735300705 316912650057057350374175801344
Q 107 251 -1310843395158557 1267650600228229401496703205376
Q 107 253 4418734565369899 20282409603651670423947251286016
Q 107 255 -6268877195333459 162259276829213363391578010288128
Q 108 0 -1436507276483209 18014398509481984
Q 108 2 -5498854813043131 36028797018963968
Q 108 4 -4825048224355669 36028797018963968
Q 108 6 -4046898958566795 72057594037927936
Q 108 8 6489324986555143 144115188075855872
Q 108 10 4618083574656937 36028797018963968
Q 108 12 719058181167437 4503599627370496
Q 108 14 4553822383202727 36028797018963968
Q 108 16 2979852257966881 72057594037927936
Q 108 18 -137032968944635 2251799813685248
Q 108 20 -619066090363233 4503599627370496
Q 108 22 -2795868340031937 18014398509481984
Q 108 24 -7580247480791063 72057594037927936
Q 108 26 -4790358309735389 576460752303423488
Q 108 28 3327924849623175 36028797018963968
Q 108 30 5403164747680993 36028797018963968
Q 108 32 4895304828261351 36028797018963968
Q 108 34 7943809653233929 144115188075855872
Q 108 36 -3848265130107739 72057594037927936
Q 108 38 -1209405248534139 9007199254740992
Q 108 40 -2586551992939973 18014398509481984
Q 108 42 -1335161425465831 18014398509481984
Q 108 44 2683555522675441 72057594037927936
Q 108 46 2286126842938863 18014398509481984
Q 108 48 632012208356893 4503599627370496
Q 108 50 1203365732831343 18014398509481984
Q 108 52 -3563328314549423 72057594037927936
Q 108 54 -2397065458757467 18014398509481984
Q 108 56 -8866893896771 70368744177664
Q 108 58 -1091382300779841 36028797018963968
Q 108 60 1575033444812017 18014398509481984
Q 108 62 2513938590505181 18014398509481984
Q 108 64 752352994560653 9007199254740992
Q 108 66 -5670234987767675 144115188075855872
Q 108 68 -4672919726814951 36028797018963968
Q 108 70 -7879935996792427 72057594037927936
Q 108 72 4243598902571483 576460752303423488
Q 108 74 8458214127987721 72057594037927936
Q 108 76 8441476353815915 72057594037927936
Q 108 78 7714477187725587 2305843009213693952
Q 108 80 -512532784729259 4503599627370496
Q 108 82 -1022150626046439 9007199254740992
Q 108 84 8856043496172325 1152921504606846976
Q 108 86 8676351376316723 72057594037927936
Q 108 88 3486949259496495 36028797018963968
Q 108 90 -5740039714646455 144115188075855872
Q 108 92 -2315175770826025 18014398509481984
Q 108 94 -521235985152517 9007199254740992
Q 108 96 6246734684416095 72057594037927936
Q 108 98 2111602348955703 18014398509481984
Q 108 100 -6349628740105691 576460752303423488
Q 108 102 -8927249596972669 72057594037927936
Q 108 104 -4252077899591655 72057594037927936
Q 108 106 3349978646915401 36028797018963968
Q 108 108 233715579738381 2251799813685248
Q 108 110 -3419564683495343 72057594037927936
Q 108 112 -4414513751253563 36028797018963968
Q 108 114 5238626478363653 1152921504606846976
Q 108 116 8928838459755063 72057594037927936
Q 108 118 1981856018102505 72057594037927936
Q 108 120 -8509418169782767 72057594037927936
Q 108 122 -6751993004264203 144115188075855872
Q 108 124 4060191776652209 36028797018963968
Q 108 126 7821268617742449 144115188075855872
Q 108 128 -2014805738746115 18014398509481984
Q 108 130 -3625680713681891 72057594037927936
Q 108 132 8375226509695729 72057594037927936
Q 108 134 4910414241900943 144115188075855872
Q 108 136 -4424730209227379 36028797018963968
Q 108 138 -8520987164499585 2305843009213693952
Q 108 140 558123362108561 4503599627370496
Q 108 142 -5863956628197705 144115188075855872
Q 108 144 -3856973080338317 36028797018963968
Q 108 146 3287045203002441 36028797018963968
Q 108 148 8454823571858089 144115188075855872
Q 108 150 -2266373055113363 18014398509481984
Q 108 152 6629548664904149 288230376151711744
Q 108 154 246536802102047 2251799813685248
Q 108 156 -7741055186697267 72057594037927936
Q 108 158 -5752996954050771 288230376151711744
Q 108 160 4515108022816003 36028797018963968
Q 108 162 -7232005192172709 72057594037927936
Q 108 164 -6477251335310049 288230376151711744
Q 108 166 4498639383687637 36028797018963968
Q 108 168 -1098070135867085 9007199254740992
Q 108 170 874589719932583 36028797018963968
Q 108 172 6526137547162579 72057594037927936
Q 108 174 -5311493609113895 36028797018963968
Q 108 176 270485003916297 2251799813685248
Q 108 178 -2354509838295467 72057594037927936
Q 108 180 -309885052203447 4503599627370496
Q 108 182 164007170494535 1125899906842624
Q 108 184 -3260108379157907 18014398509481984
Q 108 186 3205381223015633 18014398509481984
Q 108 188 -5418731425082107 36028797018963968
Q 108 190 8174198956965421 72057594037927936
Q 108 192 -5618244218856637 72057594037927936
Q 108 194 7132798306610923 144115188075855872
Q 108 196 -8442379204213077 288230376151711744
Q 108 198 1172574781844149 72057594037927936
Q 108 200 -4918808000908293 576460752303423488
Q 108 202 611208156539409 144115188075855872
Q 108 204 -4623713783761739 2305843009213693952
Q 108 206 8342777823028649 9223372036854775808
Q 108 208 -7199047580347797 18446744073709551616
Q 108 210 5954746021942691 36893488147419103232
Q 108 212 -4730497243636705 73786976294838206464
Q 108 214 7230555293087259 295147905179352825856
Q 108 216 -665526004435499 73786976294838206464
Q 108 218 7564988760230653 2361183241434822606848
Q 108 220 -5191672661576413 4722366482869645213696
Q 108 222 861411096897419 2361183241434822606848
Q 108 224 -4427670362375095 37778931862957161709568
Q 108 226 2756600709748491 75557863725914323419136
Q 108 228 -6657899527256411 604462909807314587353088
Q 108 230 7804213531273275 2417851639229258349412352
Q 108 232 -4443028666290073 4835703278458516698824704
Q 108 234 1229405469855377 4835703278458516698824704
Q 108 236 -2647194838747067 38685626227668133590597632
Q 108 238 5547952252063505 309485009821345068724781056
Q 108 240 -5661883929688535 1237940039285380274899124224
Q 108 242 5630450206299331 4951760157141521099596496896
Q 108 244 -682371265609583 2475880078570760549798248448
Q 108 246 5162584615436845 79228162514264337593543950336
Q 108 248 -4763459445669325 316912650057057350374175801344
Q 108 250 8579379055359611 2535301200456458802993406410752
Q 108 252 -7554851108730185 10141204801825835211973625643008
Q 108 254 6308206952541863 40564819207303340847894502572032
Q 109 1 -2355729817330663 18014398509481984
Q 109 3 -697037109811107 4503599627370496
Q 109 5 -7808876730427423 72057594037927936
Q 109 7 -2686914553600679 144115188075855872
Q 109 9 2826445350335933 36028797018963968
Q 109 11 5255917251575195 36028797018963968
Q 109 13 1421946734455745 9007199254740992
Q 109 15 3939194172774191 36028797018963968
Q 109 17 2647918952355467 144115188075855872
Q 109 19 -5752935169978369 72057594037927936
Q 109 21 -657923949433681 4503599627370496
Q 109 23 -2750868826230173 18014398509481984
Q 109 25 -3446264563606195 36028797018963968
Q 109 27 2530673769083569 1152921504606846976
Q 109 29 7140104554257839 72057594037927936
Q 109 31 2730679241776493 18014398509481984
Q 109 33 4839485169326655 36028797018963968
Q 109 35 3856280740781609 72057594037927936
Q 109 37 -960932875129379 18014398509481984
Q 109 39 -601061254792293 4503599627370496
Q 109 41 -2605432882565331 18014398509481984
Q 109 43 -5673876184480537 72057594037927936
Q 109 45 8772872507562275 288230376151711744
Q 109 47 8815739219717545 72057594037927936
Q 109 49 2567929357889753 18014398509481984
Q 109 51 5508863299767541 72057594037927936
Q 109 53 -2700399337367197 72057594037927936
Q 109 55 -1145461491181549 9007199254740992
Q 109 57 -4751201742347115 36028797018963968
Q 109 59 -3275556764496053 72057594037927936
Q 109 61 2645555080996707 36028797018963968
Q 109 63 4975159594261449 36028797018963968
Q 109 65 7012608624790147 72057594037927936
Q 109 67 -2919952546709557 144115188075855872
Q 109 69 -4370725737233779 36028797018963968
Q 109 71 -2162931399634119 18014398509481984
Q 109 73 -4090199369497343 288230376151711744
Q 109 75 3763689443865143 36028797018963968
Q 109 77 4537603256258003 36028797018963968
Q 109 79 3806937422257275 144115188075855872
Q 109 81 -7156913748454209 72057594037927936
Q 109 83 -8885787995022599 72057594037927936
Q 109 85 -1218912680955979 72057594037927936
Q 109 87 3889017044564265 36028797018963968
Q 109 89 4009322270547805 36028797018963968
Q 109 91 -8414290616161169 576460752303423488
Q 109 93 -1107856578062231 9007199254740992
Q 109 95 -5733938350599361 72057594037927936
Q 109 97 1172366777312365 18014398509481984
Q 109 99 8966136551500723 72057594037927936
Q 109 101 4548645655361233 288230376151711744
Q 109 103 -8272871975319003 72057594037927936
Q 109 105 -2920789200751037 36028797018963968
Q 109 107 1298797895054001 18014398509481984
Q 109 109 130584629062763 1125899906842624
Q 109 111 -6042823332254761 288230376151711744
Q 109 113 -8956669987310639 72057594037927936
Q 109 115 -409771083800301 18014398509481984
Q 109 117 2113831326378411 18014398509481984
Q 109 119 1915668148915615 36028797018963968
Q 109 121 -7643559161621591 72057594037927936
Q 109 123 -5082427171045405 72057594037927936
Q 109 125 7060706485198895 72057594037927936
Q 109 127 5540547141672817 72057594037927936
Q 109 129 -6981566263141219 72057594037927936
Q 109 131 -2578826595983 35184372088832
Q 109 133 7453266217200733 72057594037927936
Q 109 135 8441519543008353 144115188075855872
Q 109 137 -1035124871189941 9007199254740992
Q 109 139 -2144650680281371 72057594037927936
Q 109 141 8937493318124939 72057594037927936
Q 109 143 -4373791685673321 288230376151711744
Q 109 145 -8479009427566349 72057594037927936
Q 109 147 5138806083881613 72057594037927936
Q 109 149 2863072994347491 36028797018963968
Q 109 151 -4273219652142421 36028797018963968
Q 109 153 -8042992171014937 4611686018427387904
Q 109 155 8636460130497691 72057594037927936
Q 109 157 -3297167338282823 36028797018963968
Q 109 159 -3092629102116695 72057594037927936
Q 109 161 1173796029732475 9007199254740992
Q 109 163 -6000012876885267 72057594037927936
Q 109 165 -3115815081395 70368744177664
Q 109 167 4753387099586035 36028797018963968
Q 109 169 -3945688314130401 36028797018963968
Q 109 171 7168395189353557 2305843009213693952
Q 109 173 1899968254283247 18014398509481984
Q 109 175 -5319020972307637 36028797018963968
Q 109 177 7719855511847343 72057594037927936
Q 109 179 -4097015418205923 288230376151711744
Q 109 181 -6099397155667551 72057594037927936
Q 109 183 2778602384222059 18014398509481984
Q 109 185 -6549187064154799 36028797018963968
Q 109 187 6238444584983573 36028797018963968
Q 109 189 -5152172658385989 36028797018963968
Q 109 191 7627763241110143 72057594037927936
Q 109 193 -5159299699461953 72057594037927936
Q 109 195 6457735331747641 144115188075855872
Q 109 197 -7545434326251307 288230376151711744
Q 109 199 8284726387287225 576460752303423488
Q 109 201 -8592146882368069 1152921504606846976
Q 109 203 8451929695179509 2305843009213693952
Q 109 205 -3956361294022959 2305843009213693952
Q 109 207 7070688463687333 9223372036854775808
Q 109 209 -1511375993914069 4611686018427387904
Q 109 211 619549600831335 4611686018427387904
Q 109 213 -975925538469407 18446744073709551616
Q 109 215 2958600189382195 147573952589676412928
Q 109 217 -2160929145112215 295147905179352825856
Q 109 219 3046149212986287 1180591620717411303424
Q 109 221 -2074368564822417 2361183241434822606848
Q 109 223 683165997724345 2361183241434822606848
Q 109 225 -6970977797887011 75557863725914323419136
Q 109 227 1077122904481589 37778931862957161709568
Q 109 229 -5165917139791373 604462909807314587353088
Q 109 231 6012845512239409 2417851639229258349412352
Q 109 233 -6799064172344005 9671406556917033397649408
Q 109 235 467132023739499 2417851639229258349412352
Q 109 237 -1998193112543175 38685626227668133590597632
Q 109 239 8320156459678287 618970019642690137449562112
Q 109 241 -8435584660390925 2475880078570760549798248448
Q 109 243 2083669291198067 2475880078570760549798248448
Q 109 245 -8029366751549823 39614081257132168796771975168
Q 109 247 3772913549720633 79228162514264337593543950336
Q 109 249 -865057916510123 79228162514264337593543950336
Q 109 251 3098324453734567 1267650600228229401496703205376
Q 109 253 -5415994417079307 10141204801825835211973625643008
Q 109 255 4456068846751277 40564819207303340847894502572032
Q 110 0 5658906461515033 72057594037927936
Q 110 2 5528888978020059 36028797018963968
Q 110 4 323692030028969 2251799813685248
Q 110 6 698965589519425 9007199254740992
Q 110 8 -2459134037220103 144115188075855872
Q 110 10 -7623785863507619 72057594037927936
Q 110 12 -2827543341420207 18014398509481984
Q 110 14 -5475072917945525 36028797018963968
Q 110 16 -828579372953917 9007199254740992
Q 110 18 1009011544348643 576460752303423488
Q 110 20 6834893037775307 72057594037927936
Q 110 22 2735915906759395 18014398509481984
Q 110 24 2699648692351937 18014398509481984
Q 110 26 6357321513331515 72057594037927936
Q 110 28 -5414772329373807 576460752303423488
Q 110 30 -3713981625983573 36028797018963968
Q 110 32 -5491543728674681 36028797018963968
Q 110 34 -4837622698282403 36028797018963968
Q 110 36 -1977346708937395 36028797018963968
Q 110 38 7250916440640127 144115188075855872
Q 110 40 4723469847855767 36028797018963968
Q 110 42 5268430747725369 36028797018963968
Q 110 44 3087439989874449 36028797018963968
Q 110 46 -5957137415547631 288230376151711744
Q 110 48 -8330055767344575 72057594037927936
Q 110 50 -650435626142935 4503599627370496
Q 110 52 -3163232818629465 36028797018963968
Q 110 54 3254732238866919 144115188075855872
Q 110 56 8550126242647681 72057594037927936
Q 110 58 4932911499926691 36028797018963968
Q 110 60 8969758574807371 144115188075855872
Q 110 62 -2023480968194247 36028797018963968
Q 110 64 -4818067416378557 36028797018963968
Q 110 66 -7973901529566789 72057594037927936
Q 110 68 -3273447242630319 2305843009213693952
Q 110 70 3925877390296131 36028797018963968
Q 110 72 2315370389934503 18014398509481984
Q 110 74 5374180766560091 144115188075855872
Q 110 76 -6282774327582723 72057594037927936
Q 110 78 -591379684773079 4503599627370496
Q 110 80 -1813656634953977 36028797018963968
Q 110 82 1444587605773955 18014398509481984
Q 110 84 4653613593287307 36028797018963968
Q 110 86 6119001691252931 144115188075855872
Q 110 88 -1626662381279969 18014398509481984
Q 110 90 -8787835087324317 72057594037927936
Q 110 92 -915423536384173 72057594037927936
Q 110 94 8048192534409275 72057594037927936
Q 110 96 7117322225701271 72057594037927936
Q 110 98 -708870019167351 18014398509481984
Q 110 100 -1135432563124775 9007199254740992
Q 110 102 -6203057992809093 144115188075855872
Q 110 104 7182199714228621 72057594037927936
Q 110 106 3603487283191141 36028797018963968
Q 110 108 -6733426450063863 144115188075855872
Q 110 110 -8844615464694561 72057594037927936
Q 110 112 -548108774368437 72057594037927936
Q 110 114 8626460699197833 72057594037927936
Q 110 116 1795018013663855 36028797018963968
Q 110 118 -940796510653325 9007199254740992
Q 110 120 -173206886086081 2251799813685248
Q 110 122 6353368450919023 72057594037927936
Q 110 124 1644613123007797 18014398509481984
Q 110 126 -5605808625498087 72057594037927936
Q 110 128 -3467044071150891 36028797018963968
Q 110 130 1379884790670523 18014398509481984
Q 110 132 104950953770303 1125899906842624
Q 110 134 -6137190399274541 72057594037927936
Q 110 136 -182025061506569 2251799813685248
Q 110 138 7299543650276497 72057594037927936
Q 110 140 7933402017131647 144115188075855872
Q 110 142 -8530608963636155 72057594037927936
Q 110 144 -3345651171164409 288230376151711744
Q 110 146 4442770412664031 36028797018963968
Q 110 148 -6902530200698971 144115188075855872
Q 110 150 -1754132553113883 18014398509481984
Q 110 152 7670609686223581 72057594037927936
Q 110 154 7756125570169211 288230376151711744
Q 110 156 -2268298295737449 18014398509481984
Q 110 158 5188326931766997 72057594037927936
Q 110 160 4670695852493391 72057594037927936
Q 110 162 -2362395911825113 18014398509481984
Q 110 164 4560956566511949 72057594037927936
Q 110 166 4695533087846263 72057594037927936
Q 110 168 -2441531200350339 18014398509481984
Q 110 170 3392444584533133 36028797018963968
Q 110 172 1330240489653435 72057594037927936
Q 110 174 -8530077821535813 72057594037927936
Q 110 176 5226318635965933 36028797018963968
Q 110 178 -3321130764969759 36028797018963968
Q 110 180 -2716684364964681 576460752303423488
Q 110 182 3591837218161395 36028797018963968
Q 110 184 -2908774980048191 18014398509481984
Q 110 186 3266308997875459 18014398509481984
Q 110 188 -754509460290489 4503599627370496
Q 110 190 609089917092499 4503599627370496
Q 110 192 -7080832085767629 72057594037927936
Q 110 194 1178276701748937 18014398509481984
Q 110 196 -2907782163197929 72057594037927936
Q 110 198 3353642789530907 144115188075855872
Q 110 200 -7276362213826761 576460752303423488
Q 110 202 932726659009943 144115188075855872
Q 110 204 -226947199349323 72057594037927936
Q 110 206 6730456698689481 4611686018427387904
Q 110 208 -5956189193585769 9223372036854775808
Q 110 210 2522661829954759 9223372036854775808
Q 110 212 -8198654528071059 73786976294838206464
Q 110 214 3200636522937923 73786976294838206464
Q 110 216 -4810589727281699 295147905179352825856
Q 110 218 6969515378264271 1180591620717411303424
Q 110 220 -4872942093017933 2361183241434822606848
Q 110 222 6584819105370553 9444732965739290427392
Q 110 224 -8608051913849291 37778931862957161709568
Q 110 226 5448537381874385 75557863725914323419136
Q 110 228 -6685451337252703 302231454903657293676544
Q 110 230 7957914856920767 1208925819614629174706176
Q 110 232 -4598343471552585 2417851639229258349412352
Q 110 234 5163208006229343 9671406556917033397649408
Q 110 236 -704588800440947 4835703278458516698824704
Q 110 238 2993455262336035 77371252455336267181195264
Q 110 240 -6190372522851141 618970019642690137449562112
Q 110 242 3117384055917615 1237940039285380274899124224
Q 110 244 -191251759777809 309485009821345068724781056
Q 110 246 5857745677734669 39614081257132168796771975168
Q 110 248 -5468193880318635 158456325028528675187087900672
Q 110 250 1245201742151905 158456325028528675187087900672
Q 110 252 -8882057947925881 5070602400912917605986812821504
Q 110 254 3766296939190201 10141204801825835211973625643008
Q 111 1 4667607161530275 36028797018963968
Q 111 3 5734801790208969 36028797018963968
Q 111 5 2233276437917827 18014398509481984
Q 111 7 3253599667906019 72057594037927936
Q 111 9 -3533256210819415 72057594037927936
Q 111 11 -4576773336251707 36028797018963968
Q 111 13 -5863660508225325 36028797018963968
Q 111 15 -2589772675888277 18014398509481984
Q 111 17 -1365131129272141 18014398509481984
Q 111 19 5324288587663903 288230376151711744
Q 111 21 956665051704639 9007199254740992
Q 111 23 5606435210522381 36028797018963968
Q 111 25 332091699661955 2251799813685248
Q 111 27 6010418577819075 72057594037927936
Q 111 29 -7587408308635279 576460752303423488
Q 111 31 -1881826822410683 18014398509481984
Q 111 33 -5498885446232899 36028797018963968
Q 111 35 -4892346491123405 36028797018963968
Q 111 37 -8540860940919567 144115188075855872
Q 111 39 6366307991859807 144115188075855872
Q 111 41 2285641524114399 18014398509481984
Q 111 43 2665649230645905 18014398509481984
Q 111 45 1706083831282821 18014398509481984
Q 111 47 -4516865486155923 576460752303423488
Q 111 49 -3824689660299493 36028797018963968
Q 111 51 -2616040269584613 18014398509481984
Q 111 53 -7226570109816075 72057594037927936
Q 111 55 5478543964269025 1152921504606846976
Q 111 57 7698747159624277 72057594037927936
Q 111 59 1262407605674269 9007199254740992
Q 111 61 1440630192280945 18014398509481984
Q 111 63 -5115598896252723 144115188075855872
Q 111 65 -4523035020676945 36028797018963968
Q 111 67 -8821646485636527 72057594037927936
Q 111 69 -1816496028891755 72057594037927936
Q 111 71 829333665411421 9007199254740992
Q 111 73 4808701450796085 36028797018963968
Q 111 75 8788873834087383 144115188075855872
Q 111 77 -588606631010539 9007199254740992
Q 111 79 -2377541926836009 18014398509481984
Q 111 81 -1331120797566147 18014398509481984
Q 111 83 4064200323650679 72057594037927936
Q 111 85 4673671594519865 36028797018963968
Q 111 87 4872151965968971 72057594037927936
Q 111 89 -2428986615118467 36028797018963968
Q 111 91 -4588265565831385 36028797018963968
Q 111 93 -5881349485236409 144115188075855872
Q 111 95 3393103990691373 36028797018963968
Q 111 97 4100186945683659 36028797018963968
Q 111 99 -1493923937522749 144115188075855872
Q 111 101 -8721062924899551 72057594037927936
Q 111 103 -4981625704975249 72057594037927936
Q 111 105 2826514674603183 36028797018963968
Q 111 107 8226891241411547 72057594037927936
Q 111 109 -2561248469964195 144115188075855872
Q 111 111 -2212986342535515 18014398509481984
Q 111 113 -5297211487885059 144115188075855872
Q 111 115 7795459973673483 72057594037927936
Q 111 117 675136668754723 9007199254740992
Q 111 119 -6140080248101607 72057594037927936
Q 111 121 -6991947304389071 72057594037927936
Q 111 123 1166379368813479 18014398509481984
Q 111 125 3873641951262625 36028797018963968
Q 111 127 -7594117037510413 144115188075855872
Q 111 129 -7980809093935351 72057594037927936
Q 111 131 7432870751748013 144115188075855872
Q 111 133 3912182758348181 36028797018963968
Q 111 135 -4460490530918935 72057594037927936
Q 111 137 -223757286753819 2251799813685248
Q 111 139 5917538729543439 72057594037927936
Q 111 141 2814121794240249 36028797018963968
Q 111 143 -7690937245127523 72057594037927936
Q 111 145 -5533087508223019 144115188075855872
Q 111 147 8880239003609787 72057594037927936
Q 111 149 -6285280510818423 288230376151711744
Q 111 151 -8019340482505651 72057594037927936
Q 111 153 6447744699996513 72057594037927936
Q 111 155 7410546810893743 144115188075855872
Q 111 157 -4577930002764971 36028797018963968
Q 111 159 1779858493311967 36028797018963968
Q 111 161 6105615430638895 72057594037927936
Q 111 163 -573966670965765 4503599627370496
Q 111 165 5899982216028933 144115188075855872
Q 111 167 6080442561553177 72057594037927936
Q 111 169 -2437704690016903 18014398509481984
Q 111 171 685350920084243 9007199254740992
Q 111 173 5749947389394355 144115188075855872
Q 111 175 -4643304869458739 36028797018963968
Q 111 177 1257511422059359 9007199254740992
Q 111 179 -5436051419956809 72057594037927936
Q 111 181 -1716453097991133 72057594037927936
Q 111 183 8194513991098639 72057594037927936
Q 111 185 -753181586434785 4503599627370496
Q 111 187 404412546849903 2251799813685248
Q 111 189 -2902919790295009 18014398509481984
Q 111 191 1145738344864679 9007199254740992
Q 111 193 -6537437532185027 72057594037927936
Q 111 195 8564083852069307 144115188075855872
Q 111 197 -5208302751507313 144115188075855872
Q 111 199 5928637021962093 288230376151711744
Q 111 201 -1588481699553455 144115188075855872
Q 111 203 3221009212546889 576460752303423488
Q 111 205 -1550638720356075 576460752303423488
Q 111 207 5689602809726373 4611686018427387904
Q 111 209 -2492910368339021 4611686018427387904
Q 111 211 2091801891908683 9223372036854775808
Q 111 213 -1684143032824997 18446744073709551616
Q 111 215 2606706532564831 73786976294838206464
Q 111 217 -7768803782728041 590295810358705651712
Q 111 219 1395203656067219 295147905179352825856
Q 111 221 -3870302452845859 2361183241434822606848
Q 111 223 1297111826690869 2361183241434822606848
Q 111 225 -6729961971396697 37778931862957161709568
Q 111 227 4227368073302835 75557863725914323419136
Q 111 229 -5148328313177001 302231454903657293676544
Q 111 231 6083290507876297 1208925819614629174706176
Q 111 233 -872446506241275 604462909807314587353088
Q 111 235 3890683696361133 9671406556917033397649408
Q 111 237 -4217825040350175 38685626227668133590597632
Q 111 239 4449046367910069 154742504910672534362390528
Q 111 241 -4569036125222081 618970019642690137449562112
Q 111 243 2285504759374437 1237940039285380274899124224
Q 111 245 -4457286937895407 9903520314283042199192993792
Q 111 247 8476905594703399 79228162514264337593543950336
Q 111 249 -7862229953917083 316912650057057350374175801344
Q 111 251 7116534293491587 1267650600228229401496703205376
Q 111 253 -3155136646840767 2535301200456458802993406410752
Q 111 255 83357864855001 316912650057057350374175801344
Q 112 0 -5566970505245389 72057594037927936
Q 112 2 -5547859516170509 36028797018963968
Q 112 4 -1378695024863719 9007199254740992
Q 112 6 -7151953695874977 72057594037927936
Q 112 8 -1973730065486459 144115188075855872
Q 112 10 5495132712243035 72057594037927936
Q 112 12 5141343959066681 36028797018963968
Q 112 14 1483852789127853 9007199254740992
Q 112 16 2429451435500305 18014398509481984
Q 112 18 8902206673427203 144115188075855872
Q 112 20 -4540728862557785 144115188075855872
Q 112 22 -8234480507810303 72057594037927936
Q 112 24 -5690867020432833 36028797018963968
Q 112 26 -5265666271880235 36028797018963968
Q 112 28 -183647012458705 2251799813685248
Q 112 30 3858060421149545 288230376151711744
Q 112 32 1858973885410505 18014398509481984
Q 112 34 2740385169107913 18014398509481984
Q 112 36 2499695674692919 18014398509481984
Q 112 38 4800598941941801 72057594037927936
Q 112 40 -5005678921770487 144115188075855872
Q 112 42 -4334723965531115 36028797018963968
Q 112 44 -2688623603125943 18014398509481984
Q 112 46 -7589627588368367 72057594037927936
Q 112 48 -2327723624666657 288230376151711744
Q 112 50 3365754151919393 36028797018963968
Q 112 52 5187975676571813 36028797018963968
Q 112 54 8151478424619111 72057594037927936
Q 112 56 4568139398315445 288230376151711744
Q 112 58 -1640788939875085 18014398509481984
Q 112 60 -5059699483350301 36028797018963968
Q 112 62 -7037883861872917 72057594037927936
Q 112 64 6665049101042431 576460752303423488
Q 112 66 4058027921497815 36028797018963968
Q 112 68 2364307024603977 18014398509481984
Q 112 70 7239045328391743 144115188075855872
Q 112 72 -2533161649046915 36028797018963968
Q 112 74 -4810383545531611 36028797018963968
Q 112 76 -6047033259212061 72057594037927936
Q 112 78 5636330174622251 144115188075855872
Q 112 80 570625366206619 4503599627370496
Q 112 82 1719855917379957 18014398509481984
Q 112 84 -2047145612650253 72057594037927936
Q 112 86 -8918761410386139 72057594037927936
Q 112 88 -6532577130122063 72057594037927936
Q 112 90 5726258682228529 144115188075855872
Q 112 92 567762359889621 4503599627370496
Q 112 94 4900237173942269 72057594037927936
Q 112 96 -5079704779443105 72057594037927936
Q 112 98 -4428692535772207 36028797018963968
Q 112 100 -2949762650463549 144115188075855872
Q 112 102 3912327671007013 36028797018963968
Q 112 104 829524214266469 9007199254740992
Q 112 106 -1861001239484841 36028797018963968
Q 112 108 -8780176695308831 72057594037927936
Q 112 110 -1916200458910927 144115188075855872
Q 112 112 1038931033728977 9007199254740992
Q 112 114 1163418268424285 18014398509481984
Q 112 116 -6453526566772571 72057594037927936
Q 112 118 -866504654861893 9007199254740992
Q 112 120 8664050470985569 144115188075855872
Q 112 122 4025384036962193 36028797018963968
Q 112 124 -5288404383927813 144115188075855872
Q 112 126 -2118626215934299 18014398509481984
Q 112 128 6846283846266285 288230376151711744
Q 112 130 8575582847409345 72057594037927936
Q 112 132 -6597422119359883 288230376151711744
Q 112 134 -8500799248373089 72057594037927936
Q 112 136 2488740336729213 72057594037927936
Q 112 138 8120173879338785 72057594037927936
Q 112 140 -8354482415340103 144115188075855872
Q 112 142 -3509240764151549 36028797018963968
Q 112 144 6425516551790831 72057594037927936
Q 112 146 2295670745788563 36028797018963968
Q 112 148 -8427039454347373 72057594037927936
Q 112 150 -1682104329539627 288230376151711744
Q 112 152 4330160501236969 36028797018963968
Q 112 154 -4908433145877141 72057594037927936
Q 112 156 -5338642119007383 72057594037927936
Q 112 158 4426654516744443 36028797018963968
Q 112 160 -7044274642518431 288230376151711744
Q 112 162 -7328707181733173 72057594037927936
Q 112 164 8579153916128753 72057594037927936
Q 112 166 -1213768197151755 72057594037927936
Q 112 168 -1822556528641987 18014398509481984
Q 112 170 4721937215759333 36028797018963968
Q 112 172 -2005734817041163 36028797018963968
Q 112 174 -8736152682586021 144115188075855872
Q 112 176 2460408490171001 18014398509481984
Q 112 178 -4729317570988603 36028797018963968
Q 112 180 8237101144970915 144115188075855872
Q 112 182 6168554776899019 144115188075855872
Q 112 184 -4558031443014291 36028797018963968
Q 112 186 6177880396712567 36028797018963968
Q 112 188 -6363949463758379 36028797018963968
Q 112 190 2775173824034891 18014398509481984
Q 112 192 -4285591513020423 36028797018963968
Q 112 194 6001518895073717 72057594037927936
Q 112 196 -7736509921021675 144115188075855872
Q 112 198 4637533209000169 144115188075855872
Q 112 200 -1302395066877549 72057594037927936
Q 112 202 1378785697442755 144115188075855872
Q 112 204 -21591852591437 4503599627370496
Q 112 206 2632140980137211 1152921504606846976
Q 112 208 -2389485138765711 2305843009213693952
Q 112 210 8292635479552157 18446744073709551616
Q 112 212 -6891972298257957 36893488147419103232
Q 112 214 5497708503207919 73786976294838206464
Q 112 216 -8433357382734057 295147905179352825856
Q 112 218 6229026716235543 590295810358705651712
Q 112 220 -2218461286339801 590295810358705651712
Q 112 222 1525837391915853 1180591620717411303424
Q 112 224 -8116195702697759 18889465931478580854784
Q 112 226 2611169801553303 18889465931478580854784
Q 112 228 -3255063890171201 75557863725914323419136
Q 112 230 7868408692501311 604462909807314587353088
Q 112 232 -4614132916384275 1208925819614629174706176
Q 112 234 2627645480147583 2417851639229258349412352
Q 112 236 -2908454443613353 9671406556917033397649408
Q 112 238 6261407055856297 77371252455336267181195264
Q 112 240 -6558630088149639 309485009821345068724781056
Q 112 242 6689250362600339 1237940039285380274899124224
Q 112 244 -830849906058841 618970019642690137449562112
Q 112 246 6437946194693463 19807040628566084398385987584
Q 112 248 -380059788610759 4951760157141521099596496896
Q 112 250 5603497589352315 316912650057057350374175801344
Q 112 252 -5035167083410679 1267650600228229401496703205376
Q 112 254 4245402326746133 5070602400912917605986812821504
Q 113 1 -4617245851686069 36028797018963968
Q 113 3 -5875627766707713 36028797018963968
Q 113 5 -2506775342872611 18014398509481984
Q 113 7 -5241064950574933 72057594037927936
Q 113 9 4309969261260809 288230376151711744
Q 113 11 7094904541433459 72057594037927936
Q 113 13 5538908460893183 36028797018963968
Q 113 15 5923242957167511 36028797018963968
Q 113 17 2280700995794539 18014398509481984
Q 113 19 7313391415711663 144115188075855872
Q 113 21 -2934034393913761 72057594037927936
Q 113 23 -8600910228535825 72057594037927936
Q 113 25 -358860276792583 2251799813685248
Q 113 27 -2634690480808789 18014398509481984
Q 113 29 -2985864558829569 36028797018963968
Q 113 31 1430183679876971 144115188075855872
Q 113 33 7139683729581053 72057594037927936
Q 113 35 2713025768654041 18014398509481984
Q 113 37 2573291179191895 18014398509481984
Q 113 39 2766647414642629 36028797018963968
Q 113 41 -3139575341190783 144115188075855872
Q 113 43 -7982884287917171 72057594037927936
Q 113 45 -5375715633609951 36028797018963968
Q 113 47 -8420469495539425 72057594037927936
Q 113 49 -7756986695221869 288230376151711744
Q 113 51 2767696676831989 36028797018963968
Q 113 53 5031486874128845 36028797018963968
Q 113 55 2255466648168493 18014398509481984
Q 113 57 5583408173274481 144115188075855872
Q 113 59 -5107212109301755 72057594037927936
Q 113 61 -4916976981684783 36028797018963968
Q 113 63 -4107398409049203 36028797018963968
Q 113 65 -4357295878935689 288230376151711744
Q 113 67 3397214139326225 36028797018963968
Q 113 69 4884055908138105 36028797018963968
Q 113 71 2707600617382893 36028797018963968
Q 113 73 -3152060608153115 72057594037927936
Q 113 75 -2293724513894067 18014398509481984
Q 113 77 -7518144327666889 72057594037927936
Q 113 79 5291748124620015 576460752303423488
Q 113 81 8246432597156979 72057594037927936
Q 113 83 2038082871849103 18014398509481984
Q 113 85 1582444305988763 576460752303423488
Q 113 87 -7954140546299067 72057594037927936
Q 113 89 -3946400473524265 36028797018963968
Q 113 91 4782887005569863 576460752303423488
Q 113 93 4214196586309985 36028797018963968
Q 113 95 6640737535371627 72057594037927936
Q 113 97 -5952191606646077 144115188075855872
Q 113 99 -8969371491664719 72057594037927936
Q 113 101 -7377137857756161 144115188075855872
Q 113 103 398554108716245 4503599627370496
Q 113 105 3954564526667445 36028797018963968
Q 113 107 -1472755104866413 72057594037927936
Q 113 109 -8759593648095137 72057594037927936
Q 113 111 -6410848078838217 144115188075855872
Q 113 113 7189370568428651 72057594037927936
Q 113 115 6403754015651367 72057594037927936
Q 113 117 -2316910007953011 36028797018963968
Q 113 119 -8037057941281393 72057594037927936
Q 113 121 4363818683653047 144115188075855872
Q 113 123 8597547158831031 72057594037927936
Q 113 125 -6314421941259807 1152921504606846976
Q 113 127 -8659938802957185 72057594037927936
Q 113 129 -1072304346766635 144115188075855872
Q 113 131 2157468091523467 18014398509481984
Q 113 133 2278796725455463 288230376151711744
Q 113 135 -8657854559446281 72057594037927936
Q 113 137 2570215290455239 576460752303423488
Q 113 139 8607254162400365 72057594037927936
Q 113 141 -4307638936051759 144115188075855872
Q 113 143 -2006913185925531 18014398509481984
Q 113 145 4771670838255371 72057594037927936
Q 113 147 6195797122778237 72057594037927936
Q 113 149 -7513323144893779 72057594037927936
Q 113 151 -4849715532265735 144115188075855872
Q 113 153 8876336609955071 72057594037927936
Q 113 155 -6211946090054211 144115188075855872
Q 113 157 -6749066011520573 72057594037927936
Q 113 159 4075438401304091 36028797018963968
Q 113 161 558232501167825 288230376151711744
Q 113 163 -8273005303796385 72057594037927936
Q 113 165 3818921263478605 36028797018963968
Q 113 167 2360621406466787 288230376151711744
Q 113 169 -4135390558771347 36028797018963968
Q 113 171 8837636331626367 72057594037927936
Q 113 173 -1202941281776513 36028797018963968
Q 113 175 -90079840264667 1125899906842624
Q 113 177 2542711730355033 18014398509481984
Q 113 179 -8651947651400519 72057594037927936
Q 113 181 2710930944121633 72057594037927936
Q 113 183 8839898981972557 144115188075855872
Q 113 185 -4966755790407657 36028797018963968
Q 113 187 6272677580623659 36028797018963968
Q 113 189 -776774976917213 4503599627370496
Q 113 191 2636294651432339 18014398509481984
Q 113 193 -1991715822959265 18014398509481984
Q 113 195 5476849698607617 72057594037927936
Q 113 197 -6947271035905009 144115188075855872
Q 113 199 513048715581449 18014398509481984
Q 113 201 -4549617698816671 288230376151711744
Q 113 203 2378552412387395 288230376151711744
Q 113 205 -2356259272026505 576460752303423488
Q 113 207 8877598286896055 4611686018427387904
Q 113 209 -3987372746354623 4611686018427387904
Q 113 211 6849539514200565 18446744073709551616
Q 113 213 -5637583709839217 36893488147419103232
Q 113 215 4455081910843103 73786976294838206464
Q 113 217 -6772143043992173 295147905179352825856
Q 113 219 2479024587430319 295147905179352825856
Q 113 221 -7002762949352893 2361183241434822606848
Q 113 223 4776227809781127 4722366482869645213696
Q 113 225 -1574898463729235 4722366482869645213696
Q 113 227 8042209486972803 75557863725914323419136
Q 113 229 -2486742992391107 75557863725914323419136
Q 113 231 1491265471097765 151115727451828646838272
Q 113 233 -6943295949371445 2417851639229258349412352
Q 113 235 7849583892476473 9671406556917033397649408
Q 113 237 -2156301764551865 9671406556917033397649408
Q 113 239 2304445534812109 38685626227668133590597632
Q 113 241 -4793599841114785 309485009821345068724781056
Q 113 243 2427531075532975 618970019642690137449562112
Q 113 245 -2395586282758181 2475880078570760549798248448
Q 113 247 4609228277491733 19807040628566084398385987584
Q 113 249 -2162216064346249 39614081257132168796771975168
Q 113 251 7917179826828723 633825300114114700748351602688
Q 113 253 -7073498249139241 2535301200456458802993406410752
Q 113 255 5948469385510329 10141204801825835211973625643008
Q 114 0 -2734353601138661 36028797018963968
Q 114 2 -1388466216072573 9007199254740992
Q 114 4 -5827867765731261 36028797018963968
Q 114 6 -2177035208608737 18014398509481984
Q 114 8 -3375385798367573 72057594037927936
Q 114 10 2861643945949115 72057594037927936
Q 114 12 130442262748599 1125899906842624
Q 114 14 45375621277975 281474976710656
Q 114 16 1468711459362031 9007199254740992
Q 114 18 2162821018315955 18014398509481984
Q 114 20 1559195253428497 36028797018963968
Q 114 22 -6630386466448895 144115188075855872
Q 114 24 -8765273785102631 72057594037927936
Q 114 26 -5767032238136651 36028797018963968
Q 114 28 -5329633014514521 36028797018963968
Q 114 30 -393859612298221 4503599627370496
Q 114 32 6025420956274609 2305843009213693952
Q 114 34 6612467870973543 72057594037927936
Q 114 36 5314413575972581 36028797018963968
Q 114 38 2656172287243165 18014398509481984
Q 114 40 6442930659132203 72057594037927936
Q 114 42 -373648548360791 72057594037927936
Q 114 44 -7031334991614361 72057594037927936
Q 114 46 -5287675001708741 36028797018963968
Q 114 48 -4622090056570411 36028797018963968
Q 114 50 -1738066381482099 36028797018963968
Q 114 52 8058188026068343 144115188075855872
Q 114 54 4719009014224249 36028797018963968
Q 114 56 4867297130270627 36028797018963968
Q 114 58 2271124489109765 36028797018963968
Q 114 60 -6631368849743301 144115188075855872
Q 114 62 -4574515758359979 36028797018963968
Q 114 64 -143295425415299 1125899906842624
Q 114 66 -6269173018143611 144115188075855872
Q 114 68 5054510795568395 72057594037927936
Q 114 70 1204488951733011 9007199254740992
Q 114 72 7071799960596625 72057594037927936
Q 114 74 -7508826507421111 576460752303423488
Q 114 76 -4099291415731537 36028797018963968
Q 114 78 -2164006528516669 18014398509481984
Q 114 80 -3326200200327235 144115188075855872
Q 114 82 6814168368785285 72057594037927936
Q 114 84 8987662317944611 72057594037927936
Q 114 86 5093081152116613 144115188075855872
Q 114 88 -6422510975712899 72057594037927936
Q 114 90 -8791275264864861 72057594037927936
Q 114 92 -1810724288929433 72057594037927936
Q 114 94 7161762610837563 72057594037927936
Q 114 96 7987988743671193 72057594037927936
Q 114 98 -2307869740680831 288230376151711744
Q 114 100 -8441113903553441 72057594037927936
Q 114 102 -5716269334560493 72057594037927936
Q 114 104 8822882312479331 144115188075855872
Q 114 106 8643498228969083 72057594037927936
Q 114 108 7673951195008185 576460752303423488
Q 114 110 -8088717748053545 72057594037927936
Q 114 112 -1320790905461847 18014398509481984
Q 114 114 2750080611281661 36028797018963968
Q 114 116 1932089284037879 18014398509481984
Q 114 118 -605355958649865 18014398509481984
Q 114 120 -8579181540122343 72057594037927936
Q 114 122 -5855681647966435 2305843009213693952
Q 114 124 4266264074050765 36028797018963968
Q 114 126 7748358046538371 288230376151711744
Q 114 128 -8231547777666229 72057594037927936
Q 114 130 -5592625131096303 144115188075855872
Q 114 132 4042256043833203 36028797018963968
Q 114 134 5592384334961401 144115188075855872
Q 114 136 -8233869746559093 72057594037927936
Q 114 138 -7640521178368247 288230376151711744
Q 114 140 8544480161000557 72057594037927936
Q 114 142 5624092693609113 9223372036854775808
Q 114 144 -133696351105347 1125899906842624
Q 114 146 2800320771159867 72057594037927936
Q 114 148 3731374432179655 36028797018963968
Q 114 150 -3077802448399453 36028797018963968
Q 114 152 -4327066917806265 72057594037927936
Q 114 154 8622043483204309 72057594037927936
Q 114 156 -2233797209598121 144115188075855872
Q 114 158 -3923682438787047 36028797018963968
Q 114 160 7054207523889007 72057594037927936
Q 114 162 4120216560892845 144115188075855872
Q 114 164 -4438699633227619 36028797018963968
Q 114 166 6376939231774711 72057594037927936
Q 114 168 4789266445662841 144115188075855872
Q 114 170 -560734533318789 4503599627370496
Q 114 172 7935388089143421 72057594037927936
Q 114 174 -2837461898143239 288230376151711744
Q 114 176 -3510369524910059 36028797018963968
Q 114 178 5127352499932285 36028797018963968
Q 114 180 -7649549959553611 72057594037927936
Q 114 182 4951617931841099 288230376151711744
Q 114 184 2849932093402151 36028797018963968
Q 114 186 -1329187457492081 9007199254740992
Q 114 188 6308640568234747 36028797018963968
Q 114 190 -3011793348585141 18014398509481984
Q 114 192 4975870943613319 36028797018963968
Q 114 194 -3679296275807385 36028797018963968
Q 114 196 4966968073008731 72057594037927936
Q 114 198 -6199569969139417 144115188075855872
Q 114 200 7219106827433763 288230376151711744
Q 114 202 -7895392268555989 576460752303423488
Q 114 204 8152715722283995 1152921504606846976
Q 114 206 -7981667676699739 2305843009213693952
Q 114 208 7434496583926317 4611686018427387904
Q 114 210 -3303780073489593 4611686018427387904
Q 114 212 351094826329357 1152921504606846976
Q 114 214 -2289127525149541 18446744073709551616
Q 114 216 7167397726823947 147573952589676412928
Q 114 218 -5397580507521475 295147905179352825856
Q 114 220 7832956534129105 1180591620717411303424
Q 114 222 -5483646845834907 2361183241434822606848
Q 114 224 7416924716972045 9444732965739290427392
Q 114 226 -2425412349827037 9444732965739290427392
Q 114 228 6142581324063783 75557863725914323419136
Q 114 230 -235538079588697 9444732965739290427392
Q 114 232 8969674036246861 1208925819614629174706176
Q 114 234 -1295122957502353 604462909807314587353088
Q 114 236 5812774763369889 9671406556917033397649408
Q 114 238 -6340042606838663 38685626227668133590597632
Q 114 240 6726449468823987 154742504910672534362390528
Q 114 242 -6946019941945703 618970019642690137449562112
Q 114 244 3492753525295167 1237940039285380274899124224
Q 114 246 -3422826634135041 4951760157141521099596496896
Q 114 248 408793264350357 2475880078570760549798248448
Q 114 250 -6095124395899417 158456325028528675187087900672
Q 114 252 5527970894354841 633825300114114700748351602688
Q 114 254 -2336407506092837 1267650600228229401496703205376
Q 115 1 -4558749679041643 36028797018963968
Q 115 3 -5995489958727845 36028797018963968
Q 115 5 -5537939368353615 36028797018963968
Q 115 7 -3638469079258189 36028797018963968
Q 115 9 -1681144993301155 72057594037927936
Q 115 11 8656884032635239 144115188075855872
Q 115 13 2322834124375971 18014398509481984
Q 115 15 1496664461980265 9007199254740992
Q 115 17 5830057845313343 36028797018963968
Q 115 19 2090627773121699 18014398509481984
Q 115 21 5734739072598093 144115188075855872
Q 115 23 -6807798551626603 144115188075855872
Q 115 25 -2181370365383921 18014398509481984
Q 115 27 -90066458230971 562949953421312
Q 115 29 -680236530737921 4503599627370496
Q 115 31 -3430850827414321 36028797018963968
Q 115 33 -5019644416290619 576460752303423488
Q 115 35 1454329825043435 18014398509481984
Q 115 37 5116085710079563 36028797018963968
Q 115 39 2731951243402027 18014398509481984
Q 115 41 935466640043045 9007199254740992
Q 115 43 8670295905116311 576460752303423488
Q 115 45 -2881333743402445 36028797018963968
Q 115 47 -5066563440766073 36028797018963968
Q 115 49 -622599650906311 4503599627370496
Q 115 51 -5131992283538145 72057594037927936
Q 115 53 8803572866390329 288230376151711744
Q 115 55 8414129186377491 72057594037927936
Q 115 57 5081754768875039 36028797018963968
Q 115 59 3145719461545287 36028797018963968
Q 115 61 -2415118863005589 144115188075855872
Q 115 63 -3990625012973293 36028797018963968
Q 115 65 -4880746828010233 36028797018963968
Q 115 67 -2591375740950973 36028797018963968
Q 115 69 2910032712589769 72057594037927936
Q 115 71 8950070068578499 72057594037927936
Q 115 73 8424345359763191 72057594037927936
Q 115 75 5897162997924717 288230376151711744
Q 115 77 -1660995239720567 18014398509481984
Q 115 79 -2323613015243057 18014398509481984
Q 115 81 -8008141914492267 144115188075855872
Q 115 83 4836161215334233 72057594037927936
Q 115 85 1153663796057851 9007199254740992
Q 115 87 4823749829394641 72057594037927936
Q 115 89 -8694776853684457 144115188075855872
Q 115 91 -4534855334796759 36028797018963968
Q 115 93 -8364844003956781 144115188075855872
Q 115 95 5290997570813415 72057594037927936
Q 115 97 8762747792105511 72057594037927936
Q 115 99 7826173937345819 288230376151711744
Q 115 101 -7221606965765551 72057594037927936
Q 115 103 -7354650887225395 72057594037927936
Q 115 105 8102294476355517 288230376151711744
Q 115 107 8701056793203141 72057594037927936
Q 115 109 1693691398972721 36028797018963968
Q 115 111 -6740763156423205 72057594037927936
Q 115 113 -6990385307625139 72057594037927936
Q 115 115 3318891322793063 72057594037927936
Q 115 117 8463029532975441 72057594037927936
Q 115 119 2682694380006659 4611686018427387904
Q 115 121 -2112093822230675 18014398509481984
Q 115 123 -5178561158566497 144115188075855872
Q 115 125 7794526502170811 72057594037927936
Q 115 127 521178493729923 9007199254740992
Q 115 129 -7160247953020565 72057594037927936
Q 115 131 -4890672382897201 72057594037927936
Q 115 133 6922904844748281 72057594037927936
Q 115 135 1214935736862637 18014398509481984
Q 115 137 -900758450231551 9007199254740992
Q 115 139 -4046432176409621 72057594037927936
Q 115 141 7886937348810575 72057594037927936
Q 115 143 2276114230317847 72057594037927936
Q 115 145 -8527577202126115 72057594037927936
Q 115 147 38559251322249 4503599627370496
Q 115 149 8282121863647927 72057594037927936
Q 115 151 -2202004540893889 36028797018963968
Q 115 153 -6003242349024805 72057594037927936
Q 115 155 984577102551283 9007199254740992
Q 115 157 960207402813117 72057594037927936
Q 115 159 -8551503644956131 72057594037927936
Q 115 161 2796200491441401 36028797018963968
Q 115 163 7814577941928951 144115188075855872
Q 115 165 -2272796463087789 18014398509481984
Q 115 167 4831608794284439 72057594037927936
Q 115 169 8250049264264121 144115188075855872
Q 115 171 -4674767347515507 36028797018963968
Q 115 173 3376332366715251 36028797018963968
Q 115 175 2054477069685471 144115188075855872
Q 115 177 -4045191515794681 36028797018963968
Q 115 179 5039801978864963 36028797018963968
Q 115 181 -6467027488599783 72057594037927936
Q 115 183 -4363551075813557 1152921504606846976
Q 115 185 6900504564943941 72057594037927936
Q 115 187 -2801122748171763 18014398509481984
Q 115 189 6285564675896085 36028797018963968
Q 115 191 -5794999967285857 36028797018963968
Q 115 193 582968037479799 4503599627370496
Q 115 195 -6751948479825099 72057594037927936
Q 115 197 4475112264916269 72057594037927936
Q 115 199 -1373997522995269 36028797018963968
Q 115 201 1576628664688469 72057594037927936
Q 115 203 -6804499372496115 576460752303423488
Q 115 205 1734490595026717 288230376151711744
Q 115 207 -6711930979448857 2305843009213693952
Q 115 209 3090741655057071 2305843009213693952
Q 115 211 -5434904799958285 9223372036854775808
Q 115 213 4572943006949793 18446744073709551616
Q 115 215 -7379856019444377 73786976294838206464
Q 115 217 1430315642847503 36893488147419103232
Q 115 219 -8536925979249361 590295810358705651712
Q 115 221 1534603257730979 295147905179352825856
Q 115 223 -2129768904489373 1180591620717411303424
Q 115 225 5711819264217557 9444732965739290427392
Q 115 227 -7408674085032263 37778931862957161709568
Q 115 229 4652322363837723 75557863725914323419136
Q 115 231 -5662750653693499 302231454903657293676544
Q 115 233 6685879105934445 1208925819614629174706176
Q 115 235 -3831613680460815 2417851639229258349412352
Q 115 237 8533205645671761 19342813113834066795298816
Q 115 239 -4618854576498121 38685626227668133590597632
Q 115 241 4864334417308821 154742504910672534362390528
Q 115 243 -1246689006070051 154742504910672534362390528
Q 115 245 2489667769915559 1237940039285380274899124224
Q 115 247 -1211333618662981 2475880078570760549798248448
Q 115 249 4597329466324305 39614081257132168796771975168
Q 115 251 -1063708769678223 39614081257132168796771975168
Q 115 253 7667824633127455 1267650600228229401496703205376
Q 115 255 -6448428719015429 5070602400912917605986812821504
Q 116 0 2680930614243693 36028797018963968
Q 116 2 5544097583263625 36028797018963968
Q 116 4 6112565018332977 36028797018963968
Q 116 6 5117869952121487 36028797018963968
Q 116 8 5896255296411373 72057594037927936
Q 116 10 3903441436033967 1152921504606846976
Q 116 12 -2733566745005131 36028797018963968
Q 116 14 -622881266194189 4503599627370496
Q 116 16 -6106915973804687 36028797018963968
Q 116 18 -5819235998096207 36028797018963968
Q 116 20 -8299471956299737 72057594037927936
Q 116 22 -5858006777765117 144115188075855872
Q 116 24 6365563333547399 144115188075855872
Q 116 26 4230493040575615 36028797018963968
Q 116 28 89359953588197 562949953421312
Q 116 30 5590209619682725 36028797018963968
Q 116 32 3815250185099189 36028797018963968
Q 116 34 6953393554416933 288230376151711744
Q 116 36 -4710637757272041 72057594037927936
Q 116 38 -4792365644089541 36028797018963968
Q 116 40 -2777783319047363 18014398509481984
Q 116 42 -8581771229647339 72057594037927936
Q 116 44 -694464954144291 18014398509481984
Q 116 46 32298916480955 562949953421312
Q 116 48 291316763661341 2251799813685248
Q 116 50 326412474493741 2251799813685248
Q 116 52 3403611492127629 36028797018963968
Q 116 54 -4712373041385361 4611686018427387904
Q 116 56 -6917876788809489 72057594037927936
Q 116 58 -1270662832304549 9007199254740992
Q 116 60 -3946916607254371 36028797018963968
Q 116 62 -2297860838232329 144115188075855872
Q 116 64 3137670967645345 36028797018963968
Q 116 66 2457461263938467 18014398509481984
Q 116 68 3532604956193315 36028797018963968
Q 116 70 -6912027386227315 1152921504606846976
Q 116 72 -7627857520662735 72057594037927936
Q 116 74 -4642117602978547 36028797018963968
Q 116 76 -7850718589103135 144115188075855872
Q 116 78 4518078929045847 72057594037927936
Q 116 80 4635600680025389 36028797018963968
Q 116 82 3078465431786709 36028797018963968
Q 116 84 -4765393273620985 144115188075855872
Q 116 86 -8743192220977685 72057594037927936
Q 116 88 -6808460769273669 72057594037927936
Q 116 90 7296646868322155 288230376151711744
Q 116 92 4298482043286199 36028797018963968
Q 116 94 3145048999879075 36028797018963968
Q 116 96 -5790546559993519 144115188075855872
Q 116 98 -8803957687585673 72057594037927936
Q 116 100 -4405537551283143 72057594037927936
Q 116 102 1331482978099947 18014398509481984
Q 116 104 8393985035957913 72057594037927936
Q 116 106 4900836702952319 576460752303423488
Q 116 108 -1996609756490033 18014398509481984
Q 116 110 -5582422458927981 72057594037927936
Q 116 112 4757097940312457 72057594037927936
Q 116 114 8122181977837595 72057594037927936
Q 116 116 -3157980098080499 288230376151711744
Q 116 118 -1058921867153863 9007199254740992
Q 116 120 -2559196146265091 72057594037927936
Q 116 122 7582066419229103 72057594037927936
Q 116 124 4825471494685667 72057594037927936
Q 116 126 -6378109180593601 72057594037927936
Q 116 128 -1524162793815283 18014398509481984
Q 116 130 5473948477630437 72057594037927936
Q 116 132 3312463347839543 36028797018963968
Q 116 134 -2591530541282859 36028797018963968
Q 116 136 -410983872110429 4503599627370496
Q 116 138 2800931211788217 36028797018963968
Q 116 140 5910875778300683 72057594037927936
Q 116 142 -3316613816336501 36028797018963968
Q 116 144 -8756085468799141 144115188075855872
Q 116 146 3948110521067849 36028797018963968
Q 116 148 6562270621690303 288230376151711744
Q 116 150 -8561770033806907 72057594037927936
Q 116 152 4689521204558273 144115188075855872
Q 116 154 7328244428332195 72057594037927936
Q 116 156 -6649939246117317 72057594037927936
Q 116 158 -1503968882806271 36028797018963968
Q 116 160 8793624256536351 72057594037927936
Q 116 162 -7640172969660749 144115188075855872
Q 116 164 -5580652415135111 72057594037927936
Q 116 166 4439398297921577 36028797018963968
Q 116 168 -6111004648671549 144115188075855872
Q 116 170 -2851040503849371 36028797018963968
Q 116 172 4685194200279845 36028797018963968
Q 116 174 -5318146503033845 72057594037927936
Q 116 176 -5493608802615391 144115188075855872
Q 116 178 8932030510035775 72057594037927936
Q 116 180 -37652153152827 281474976710656
Q 116 182 2563029188078511 36028797018963968
Q 116 184 1790618202320161 72057594037927936
Q 116 186 -999880554049007 9007199254740992
Q 116 188 2909274297228257 18014398509481984
Q 116 190 -6204258676892627 36028797018963968
Q 116 192 5531917443764041 36028797018963968
Q 116 194 -2169962625862341 18014398509481984
Q 116 196 6152323958714087 72057594037927936
Q 116 198 -8008325008797843 144115188075855872
Q 116 200 604808215591671 18014398509481984
Q 116 202 -5470599740436673 288230376151711744
Q 116 204 5822500352162265 576460752303423488
Q 116 206 -5861351305621779 1152921504606846976
Q 116 208 5602471516973791 2305843009213693952
Q 116 210 -5100971983092035 4611686018427387904
Q 116 212 4436109892000355 9223372036854775808
Q 116 214 -7387159457657597 36893488147419103232
Q 116 216 5900755858838153 73786976294838206464
Q 116 218 -283130514730161 9223372036854775808
Q 116 220 6695793616948873 590295810358705651712
Q 116 222 -4770453595781793 1180591620717411303424
Q 116 224 1640382075672779 1180591620717411303424
Q 116 226 -8722124378860157 18889465931478580854784
Q 116 228 1402141032251801 9444732965739290427392
Q 116 230 -3492652259865493 75557863725914323419136
Q 116 232 4216597189240035 302231454903657293676544
Q 116 234 -77167015397785 18889465931478580854784
Q 116 236 5616269260149245 4835703278458516698824704
Q 116 238 -6205714928638477 19342813113834066795298816
Q 116 240 3333603160858035 38685626227668133590597632
Q 116 242 -3484625310929693 154742504910672534362390528
Q 116 244 7092238372983995 1237940039285380274899124224
Q 116 246 -3515261656606291 2475880078570760549798248448
Q 116 248 1698180283398483 4951760157141521099596496896
Q 116 250 -3199534129878153 39614081257132168796771975168
Q 116 252 2932536976664233 158456325028528675187087900672
Q 116 254 -5005405129027807 1267650600228229401496703205376
Q 117 1 4489601201196599 36028797018963968
Q 117 3 6089560959450027 36028797018963968
Q 117 5 6029776614688689 36028797018963968
Q 117 7 2330866124695173 18014398509481984
Q 117 9 2345819325550919 36028797018963968
Q 117 11 -7036436543793141 576460752303423488
Q 117 13 -6278905125054111 72057594037927936
Q 117 15 -2602101859845933 18014398509481984
Q 117 17 -1547943482362579 9007199254740992
Q 117 19 -1465461637698767 9007199254740992
Q 117 21 -8489318578899363 72057594037927936
Q 117 23 -415583547171897 9007199254740992
Q 117 25 656247966138159 18014398509481984
Q 117 27 7930493548446939 72057594037927936
Q 117 29 700415725311165 4503599627370496
Q 117 31 1436126364156681 9007199254740992
Q 117 33 4281709323011975 36028797018963968
Q 117 35 3136310699251467 72057594037927936
Q 117 37 -6500089185617075 144115188075855872
Q 117 39 -8595421465387655 72057594037927936
Q 117 41 -5527845266185897 36028797018963968
Q 117 43 -4813254283524377 36028797018963968
Q 117 45 -1161863570005355 18014398509481984
Q 117 47 1063980979884169 36028797018963968
Q 117 49 4020727240397905 36028797018963968
Q 117 51 5270929910146735 36028797018963968
Q 117 53 1044404765232857 9007199254740992
Q 117 55 2278518670546051 72057594037927936
Q 117 57 -2454350393752055 36028797018963968
Q 117 59 -4796404834455453 36028797018963968
Q 117 61 -4580442497199157 36028797018963968
Q 117 63 -7243446156699001 144115188075855872
Q 117 65 4027073798126813 72057594037927936
Q 117 67 576645717507707 4503599627370496
Q 117 69 2142040921468637 18014398509481984
Q 117 71 4471463203098807 144115188075855872
Q 117 73 -2820176569518211 36028797018963968
Q 117 75 -4729313496825535 36028797018963968
Q 117 77 -6190324748751629 72057594037927936
Q 117 79 476316386378575 18014398509481984
Q 117 81 8455315424920723 72057594037927936
Q 117 83 7874203859340859 72057594037927936
Q 117 85 6275674102174893 1152921504606846976
Q 117 87 -7446756975407713 72057594037927936
Q 117 89 -2062559131770665 18014398509481984
Q 117 91 -7736619165807663 576460752303423488
Q 117 93 7298995332554089 72057594037927936
Q 117 95 492287739143941 4503599627370496
Q 117 97 -2246259451633969 1152921504606846976
Q 117 99 -1999696920035155 18014398509481984
Q 117 101 -6505427123893317 72057594037927936
Q 117 103 5710468454656417 144115188075855872
Q 117 105 4322944584888499 36028797018963968
Q 117 107 3264874986251737 72057594037927936
Q 117 109 -6473882888941075 72057594037927936
Q 117 111 -7290790095113357 72057594037927936
Q 117 113 4524394892625201 144115188075855872
Q 117 115 8495811830087583 72057594037927936
Q 117 117 3748447222195949 144115188075855872
Q 117 119 -7670633453534099 72057594037927936
Q 117 121 -4887882458231379 72057594037927936
Q 117 123 2992929768483183 36028797018963968
Q 117 125 6657824347930969 72057594037927936
Q 117 127 -2174389380866147 36028797018963968
Q 117 129 -7507103077138571 72057594037927936
Q 117 131 3268565949109479 72057594037927936
Q 117 133 7806814499666857 72057594037927936
Q 117 135 -2966477150628653 72057594037927936
Q 117 137 -7762015711910851 72057594037927936
Q 117 139 1753750226919795 36028797018963968
Q 117 141 7323230908622835 72057594037927936
Q 117 143 -604399010785955 9007199254740992
Q 117 145 -3085510482883987 36028797018963968
Q 117 147 832800939478089 9007199254740992
Q 117 149 3807902468063167 72057594037927936
Q 117 151 -8239237199531581 72057594037927936
Q 117 153 799231696815221 576460752303423488
Q 117 155 8185761754094979 72057594037927936
Q 117 157 -1246885712318529 18014398509481984
Q 117 159 -2447767603954315 36028797018963968
Q 117 161 4263724260288699 36028797018963968
Q 117 163 -3636033202807133 144115188075855872
Q 117 165 -109030928112383 1125899906842624
Q 117 167 32126562411673 281474976710656
Q 117 169 -8963689882107427 576460752303423488
Q 117 171 -7045582258824059 72057594037927936
Q 117 173 4506754779168599 36028797018963968
Q 117 175 -3674026044768509 72057594037927936
Q 117 177 -8775223538030741 144115188075855872
Q 117 179 2377037833651321 18014398509481984
Q 117 181 -8934072646383961 72057594037927936
Q 117 183 7308472134000045 144115188075855872
Q 117 185 6567209747344429 144115188075855872
Q 117 187 -8973934601195329 72057594037927936
Q 117 189 2981081053632055 18014398509481984
Q 117 191 -6066520655381053 36028797018963968
Q 117 193 2619156949768221 18014398509481984
Q 117 195 -8016407489948491 72057594037927936
Q 117 197 5564810086435449 72057594037927936
Q 117 199 -889147429816881 18014398509481984
Q 117 201 4228265196855201 144115188075855872
Q 117 203 -4710131142610271 288230376151711744
Q 117 205 2472263002468613 288230376151711744
Q 117 207 -1228425667028683 288230376151711744
Q 117 209 4639782759886319 2305843009213693952
Q 117 211 -8351570448992561 9223372036854775808
Q 117 213 7183010251117429 18446744073709551616
Q 117 215 -369838600015583 2305843009213693952
Q 117 217 2339270542040901 36893488147419103232
Q 117 219 -7112716587951041 295147905179352825856
Q 117 221 5206296372293991 590295810358705651712
Q 117 223 -7349588695333435 2361183241434822606848
Q 117 225 1252195667542735 1180591620717411303424
Q 117 227 -6599346952344075 18889465931478580854784
Q 117 229 4206988530301743 37778931862957161709568
Q 117 231 -2597755389707909 75557863725914323419136
Q 117 233 3110315105959529 302231454903657293676544
Q 117 235 -3613465923199791 1208925819614629174706176
Q 117 237 8153161415631101 9671406556917033397649408
Q 117 239 -279329851946653 1208925819614629174706176
Q 117 241 595599803970485 9671406556917033397649408
Q 117 243 -1235765750955343 77371252455336267181195264
Q 117 245 4992913327286631 1237940039285380274899124224
Q 117 247 -4913238721783553 4951760157141521099596496896
Q 117 249 2356414399827135 9903520314283042199192993792
Q 117 251 -8816376418940103 158456325028528675187087900672
Q 117 253 2005985093661143 158456325028528675187087900672
Q 117 255 -6802519420001169 2535301200456458802993406410752
Q 118 0 -5242777103390081 72057594037927936
Q 118 2 -5514071943229661 36028797018963968
Q 118 4 -6360475940849485 36028797018963968
Q 118 6 -731362634022105 4503599627370496
Q 118 8 -8494404382240265 72057594037927936
Q 118 10 -7519499247778843 144115188075855872
Q 118 12 6594234203047229 288230376151711744
Q 118 14 3381513693165633 36028797018963968
Q 118 16 332395461561299 2251799813685248
Q 118 18 1562792808363819 9007199254740992
Q 118 20 372777259526333 2251799813685248
Q 118 22 4470529813743579 36028797018963968
Q 118 24 4070042492337047 72057594037927936
Q 118 26 -6781879046956419 288230376151711744
Q 118 28 -7071914978942051 72057594037927936
Q 118 30 -1343500455393109 9007199254740992
Q 118 32 -5857220985152935 36028797018963968
Q 118 34 -1197665541573751 9007199254740992
Q 118 36 -1196395576940477 18014398509481984
Q 118 38 5630694121812015 288230376151711744
Q 118 40 896122316950277 9007199254740992
Q 118 42 2654291094382845 18014398509481984
Q 118 44 2615974286954441 18014398509481984
Q 118 46 6579540735636635 72057594037927936
Q 118 48 918466700781911 288230376151711744
Q 118 50 -1552690260540601 18014398509481984
Q 118 52 -1260412002189541 9007199254740992
Q 118 54 -4789700678525265 36028797018963968
Q 118 56 -2356497638143421 36028797018963968
Q 118 58 4808563830668443 144115188075855872
Q 118 60 8318102083969705 72057594037927936
Q 118 62 4935201656365225 36028797018963968
Q 118 64 6004577584982749 72057594037927936
Q 118 66 -5239058089316215 288230376151711744
Q 118 68 -244925624639771 2251799813685248
Q 118 70 -4723749980695281 36028797018963968
Q 118 72 -2433339958398993 36028797018963968
Q 118 74 6084596879349769 144115188075855872
Q 118 76 4390682063381035 36028797018963968
Q 118 78 7991980307194261 72057594037927936
Q 118 80 8106487577158181 576460752303423488
Q 118 82 -6782332622766269 72057594037927936
Q 118 84 -4444410060602523 36028797018963968
Q 118 86 -6484690755408307 144115188075855872
Q 118 88 5343029835318997 72057594037927936
Q 118 90 4449235337183813 36028797018963968
Q 118 92 3758347890883799 72057594037927936
Q 118 94 -2595984159329035 36028797018963968
Q 118 96 -8684558695210631 72057594037927936
Q 118 98 -2716334647331899 72057594037927936
Q 118 100 6316952588298577 72057594037927936
Q 118 102 7970937538702021 72057594037927936
Q 118 104 -5182984205057845 36893488147419103232
Q 118 106 -7978535089793943 72057594037927936
Q 118 108 -5635771467103187 72057594037927936
Q 118 110 8465580846271125 144115188075855872
Q 118 112 8263667332364385 72057594037927936
Q 118 114 8465549146165375 1152921504606846976
Q 118 116 -7982803492397769 72057594037927936
Q 118 118 -549744615704625 9007199254740992
Q 118 120 6058035393118021 72057594037927936
Q 118 122 6759707769930525 72057594037927936
Q 118 124 -3751248131580547 72057594037927936
Q 118 126 -3927271491832955 36028797018963968
Q 118 128 463280457843495 18014398509481984
Q 118 130 4103933068629949 36028797018963968
Q 118 132 -2853398398420443 288230376151711744
Q 118 134 -2067351725044857 18014398509481984
Q 118 136 7064977009769179 1152921504606846976
Q 118 138 8259990913011767 72057594037927936
Q 118 140 -8576384685971069 576460752303423488
Q 118 142 -8118345458457457 72057594037927936
Q 118 144 651050789872223 18014398509481984
Q 118 146 7477385610613115 72057594037927936
Q 118 148 -4879758810846939 72057594037927936
Q 118 150 -2852227846993207 36028797018963968
Q 118 152 7293444323152487 72057594037927936
Q 118 154 2176461523315123 72057594037927936
Q 118 156 -8479879956926829 72057594037927936
Q 118 158 5947067371161685 144115188075855872
Q 118 160 3243333810632967 36028797018963968
Q 118 162 -7735510616211571 72057594037927936
Q 118 164 -4931015409431349 1152921504606846976
Q 118 166 8001822848661669 72057594037927936
Q 118 168 -7136026269868575 72057594037927936
Q 118 170 -7079721640784599 576460752303423488
Q 118 172 2019653973765399 18014398509481984
Q 118 174 -8273862552977305 72057594037927936
Q 118 176 7503056364924045 288230376151711744
Q 118 178 2942716435922635 36028797018963968
Q 118 180 -2446903241367843 18014398509481984
Q 118 182 3987450017750233 36028797018963968
Q 118 184 -8338766228302547 288230376151711744
Q 118 186 -4718386977576807 72057594037927936
Q 118 188 1225678199792843 9007199254740992
Q 118 190 -3015427140272515 18014398509481984
Q 118 192 5875066705338757 36028797018963968
Q 118 194 -4918542968528617 36028797018963968
Q 118 196 7344688039908721 72057594037927936
Q 118 198 -4994079021580857 72057594037927936
Q 118 200 6268820356806667 144115188075855872
Q 118 202 -1832992182001399 72057594037927936
Q 118 204 502887818369477 36028797018963968
Q 118 206 -1041252835719539 144115188075855872
Q 118 208 8170850287902783 2305843009213693952
Q 118 210 -3810403272369453 2305843009213693952
Q 118 212 6778685353444051 9223372036854775808
Q 118 214 -2882566748750353 9223372036854775808
Q 118 216 4698428643033183 36893488147419103232
Q 118 218 -7352697754597339 147573952589676412928
Q 118 220 345825258438231 18446744073709551616
Q 118 222 -8021732150035107 1180591620717411303424
Q 118 224 5608675022695901 2361183241434822606848
Q 118 226 -7574536293764665 9444732965739290427392
Q 118 228 4945276012913349 18889465931478580854784
Q 118 230 -6249963020361005 75557863725914323419136
Q 118 232 7652522492446525 302231454903657293676544
Q 118 234 -2271425287270291 302231454903657293676544
Q 118 236 5234409440882393 2417851639229258349412352
Q 118 238 -5857692357118255 9671406556917033397649408
Q 118 240 6371144298669459 38685626227668133590597632
Q 118 242 -6739584318199371 154742504910672534362390528
Q 118 244 6938229070844445 618970019642690137449562112
Q 118 246 -1738855835532475 618970019642690137449562112
Q 118 248 6793637459577691 9903520314283042199192993792
Q 118 250 -6467870929972571 39614081257132168796771975168
Q 118 252 5990994653684777 158456325028528675187087900672
Q 118 254 -5167658420658887 633825300114114700748351602688
Q 119 1 -8810922240325367 72057594037927936
Q 119 3 -6149954950007515 36028797018963968
Q 119 5 -1618633931444681 9007199254740992
Q 119 7 -5664068557774701 36028797018963968
Q 119 9 -7876591241299501 72057594037927936
Q 119 11 -1589665412976951 36028797018963968
Q 119 13 2024191408155377 72057594037927936
Q 119 15 3451834419021537 36028797018963968
Q 119 17 665061549815635 4503599627370496
Q 119 19 3138922128452189 18014398509481984
Q 119 21 6117098122111403 36028797018963968
Q 119 23 4819380848311755 36028797018963968
Q 119 25 1292048987170435 18014398509481984
Q 119 27 -5715628325360665 1152921504606846976
Q 119 29 -725788986389709 9007199254740992
Q 119 31 -4972639418164499 36028797018963968
Q 119 33 -2930007101376405 18014398509481984
Q 119 35 -659845314392477 4503599627370496
Q 119 37 -3302176513196333 36028797018963968
Q 119 39 -3238001284639265 288230376151711744
Q 119 41 5223584633053097 72057594037927936
Q 119 43 4817884606737641 36028797018963968
Q 119 45 5447255879841019 36028797018963968
Q 119 47 8394382017738699 72057594037927936
Q 119 49 177633817364963 4503599627370496
Q 119 51 -7597103732938647 144115188075855872
Q 119 53 -4454005450646079 36028797018963968
Q 119 55 -9999660709635 70368744177664
Q 119 57 -7005728723599855 72057594037927936
Q 119 59 -7839226395870757 1152921504606846976
Q 119 61 3133414893918309 36028797018963968
Q 119 63 2447467964946423 18014398509481984
Q 119 65 1002078877281161 9007199254740992
Q 119 67 6798771953838353 288230376151711744
Q 119 69 -1406453060317599 18014398509481984
Q 119 71 -4729536187058631 36028797018963968
Q 119 73 -7153908766583181 72057594037927936
Q 119 75 4739007971834279 295147905179352825856
Q 119 77 7155420542421847 72057594037927936
Q 119 79 564169999658353 4503599627370496
Q 119 81 246878876953165 4503599627370496
Q 119 83 -8588344305612771 144115188075855872
Q 119 85 -8953232691046171 72057594037927936
Q 119 87 -5834719443601575 72057594037927936
Q 119 89 5108411228893745 144115188075855872
Q 119 91 8545565414162329 72057594037927936
Q 119 93 6206092874220133 72057594037927936
Q 119 95 -4826258656846315 144115188075855872
Q 119 97 -8499387880334411 72057594037927936
Q 119 99 -2668058440034591 36028797018963968
Q 119 101 961114095332341 18014398509481984
Q 119 103 533455336686481 4503599627370496
Q 119 105 5816518590977473 144115188075855872
Q 119 107 -6355969238030971 72057594037927936
Q 119 109 -7400405226227027 72057594037927936
Q 119 111 5787282195324391 288230376151711744
Q 119 113 259257254053853 2251799813685248
Q 119 115 1658306068642913 36028797018963968
Q 119 117 -204494883542047 2251799813685248
Q 119 119 -6469259721251157 72057594037927936
Q 119 121 1866875793756941 36028797018963968
Q 119 123 1977788807669685 18014398509481984
Q 119 125 -8530170581297955 576460752303423488
Q 119 127 -4108793129435931 36028797018963968
Q 119 129 -3518075972913665 288230376151711744
Q 119 131 8054539932039111 72057594037927936
Q 119 133 3904563196332047 144115188075855872
Q 119 135 -7897991960156031 72057594037927936
Q 119 137 -4321428661633167 144115188075855872
Q 119 139 3979472206632409 36028797018963968
Q 119 141 5981181014802555 288230376151711744
Q 119 143 -4083998611323545 36028797018963968
Q 119 145 7180636578954963 4611686018427387904
Q 119 147 8139434117027065 72057594037927936
Q 119 149 -5322958387848397 144115188075855872
Q 119 151 -3573884473719123 36028797018963968
Q 119 153 2877513768345513 36028797018963968
Q 119 155 8611900108167985 144115188075855872
Q 119 157 -4073700828285059 36028797018963968
Q 119 159 2922957150559139 288230376151711744
Q 119 161 3824667727375833 36028797018963968
Q 119 163 -3217784060177889 36028797018963968
Q 119 165 -4862845614770063 144115188075855872
Q 119 167 2141733990150761 18014398509481984
Q 119 169 -2824418625054087 36028797018963968
Q 119 171 -5716551500929869 144115188075855872
Q 119 173 545769827253201 4503599627370496
Q 119 175 -7164582240177665 72057594037927936
Q 119 177 -2254541213162079 18446744073709551616
Q 119 179 896991041845817 9007199254740992
Q 119 181 -4873746031691539 36028797018963968
Q 119 183 1695099122109665 18014398509481984
Q 119 185 -7288801691344481 1152921504606846976
Q 119 187 -6061272942869923 72057594037927936
Q 119 189 2618988168905343 18014398509481984
Q 119 191 -376477799883891 2251799813685248
Q 119 193 704174610217277 4503599627370496
Q 119 195 -4577183902790063 36028797018963968
Q 119 197 6671941915032945 72057594037927936
Q 119 199 -8888523167440755 144115188075855872
Q 119 201 5478284991620237 144115188075855872
Q 119 203 -6303090945242401 288230376151711744
Q 119 205 3406788595196475 288230376151711744
Q 119 207 -6955620218533273 1152921504606846976
Q 119 209 1683336324649979 576460752303423488
Q 119 211 -3101087216038377 2305843009213693952
Q 119 213 5451624969228033 9223372036854775808
Q 119 215 -4584043588423675 18446744073709551616
Q 119 217 461905762556281 4611686018427387904
Q 119 219 -2861067035671419 73786976294838206464
Q 119 221 4262445171253951 295147905179352825856
Q 119 223 -1529662242795055 295147905179352825856
Q 119 225 8474307116318005 4722366482869645213696
Q 119 227 -2834501062965067 4722366482869645213696
Q 119 229 7335137871035471 37778931862957161709568
Q 119 231 -1148509734224057 18889465931478580854784
Q 119 233 1394043904654615 75557863725914323419136
Q 119 235 -6564229270426433 1208925819614629174706176
Q 119 237 7500492575217435 4835703278458516698824704
Q 119 239 -1040624213139051 2417851639229258349412352
Q 119 241 4491011517031785 38685626227668133590597632
Q 119 243 -4713238203138839 154742504910672534362390528
Q 119 245 2407249243192387 309485009821345068724781056
Q 119 247 -4789564107587881 2475880078570760549798248448
Q 119 249 580374334509423 1237940039285380274899124224
Q 119 251 -1096912337304541 9903520314283042199192993792
Q 119 253 4034361389852447 158456325028528675187087900672
Q 119 255 -6911448107974379 1267650600228229401496703205376
Q 120 0 -5104505570404797 72057594037927936
Q 120 2 -5455448964912085 36028797018963968
Q 120 4 -6557465393365049 36028797018963968
Q 120 6 -6528330440269451 36028797018963968
Q 120 8 -5544147230069951 36028797018963968
Q 120 10 -7578598850194537 72057594037927936
Q 120 12 -6046417863838167 144115188075855872
Q 120 14 978090144486615 36028797018963968
Q 120 16 3328544857162431 36028797018963968
Q 120 18 5185804114918741 36028797018963968
Q 120 20 6241703991391741 36028797018963968
Q 120 22 785937517961123 4503599627370496
Q 120 24 5264091179483735 36028797018963968
Q 120 26 6595109931739747 72057594037927936
Q 120 28 5658452221604719 288230376151711744
Q 120 30 -8097843519072901 144115188075855872
Q 120 32 -8656020933683057 72057594037927936
Q 120 34 -5661961857955967 36028797018963968
Q 120 36 -5652136110909695 36028797018963968
Q 120 38 -4221066833564371 36028797018963968
Q 120 40 -6662288617048597 144115188075855872
Q 120 42 5439374255968315 144115188075855872
Q 120 44 7958335634296061 72057594037927936
Q 120 46 2670527376348769 18014398509481984
Q 120 48 614766132791127 4503599627370496
Q 120 50 1379218890261341 18014398509481984
Q 120 52 -6878377233017559 576460752303423488
Q 120 54 -6898206258590489 72057594037927936
Q 120 56 -2518735700919939 18014398509481984
Q 120 58 -4424344601767883 36028797018963968
Q 120 60 -7103975278171657 144115188075855872
Q 120 62 1731570844832425 36028797018963968
Q 120 64 8717743222063381 72057594037927936
Q 120 66 4659614658919895 36028797018963968
Q 120 68 4702502013622359 72057594037927936
Q 120 70 -5348539382545445 144115188075855872
Q 120 72 -8407145111747841 72057594037927936
Q 120 74 -8731671205086733 72057594037927936
Q 120 76 -6364877642772977 144115188075855872
Q 120 78 4603700277677571 72057594037927936
Q 120 80 4505649534678247 36028797018963968
Q 120 82 6519218749206869 72057594037927936
Q 120 84 -1176920306591059 72057594037927936
Q 120 86 -986784794823581 9007199254740992
Q 120 88 -7776381498601041 72057594037927936
Q 120 90 -5225377047971375 576460752303423488
Q 120 92 7081833537781479 72057594037927936
Q 120 94 990570789388343 9007199254740992
Q 120 96 47406254059401 4503599627370496
Q 120 98 -3601553983704161 36028797018963968
Q 120 100 -7329033950906643 72057594037927936
Q 120 102 1618763544758663 144115188075855872
Q 120 104 8002274686649813 72057594037927936
Q 120 106 2757772976134039 36028797018963968
Q 120 108 -3875579676509317 72057594037927936
Q 120 110 -8248600076259161 72057594037927936
Q 120 112 -6320186271942597 288230376151711744
Q 120 114 7274027802867479 72057594037927936
Q 120 116 2868235423399731 36028797018963968
Q 120 118 -2130594550406025 36028797018963968
Q 120 120 -7774221290659011 72057594037927936
Q 120 122 1830129133184941 144115188075855872
Q 120 124 8123611157081505 72057594037927936
Q 120 126 7141456257753675 288230376151711744
Q 120 128 -1904937754709739 18014398509481984
Q 120 130 -1773606187663565 36028797018963968
Q 120 132 6983303289055031 72057594037927936
Q 120 134 8865737129728787 144115188075855872
Q 120 136 -3328908682803377 36028797018963968
Q 120 138 -4560885304561443 72057594037927936
Q 120 140 6820966134372943 72057594037927936
Q 120 142 7872591387730615 144115188075855872
Q 120 144 -7404201403011567 72057594037927936
Q 120 146 -2414240073309983 72057594037927936
Q 120 148 31410143615117 281474976710656
Q 120 150 -5795362683638699 2305843009213693952
Q 120 152 -7971715012281379 72057594037927936
Q 120 154 7427731571394735 144115188075855872
Q 120 156 1524461458014657 18014398509481984
Q 120 158 -7169880883803227 72057594037927936
Q 120 160 -197818926693989 9007199254740992
Q 120 162 8267473652037131 72057594037927936
Q 120 164 -2342745544662273 36028797018963968
Q 120 166 -8817421505258703 144115188075855872
Q 120 168 8608165619965797 72057594037927936
Q 120 170 -3827188849991141 72057594037927936
Q 120 172 -4687007134719253 72057594037927936
Q 120 174 8950804857282425 72057594037927936
Q 120 176 -5718769154841193 72057594037927936
Q 120 178 -3801971545155779 144115188075855872
Q 120 180 4098590859004281 36028797018963968
Q 120 182 -292957736926529 2251799813685248
Q 120 184 5378707178716409 72057594037927936
Q 120 186 297670944389179 18014398509481984
Q 120 188 -7278739460494905 72057594037927936
Q 120 190 171410193174665 1125899906842624
Q 120 192 -1485165116318385 9007199254740992
Q 120 194 668195890945435 4503599627370496
Q 120 196 -2109417266745085 18014398509481984
Q 120 198 3002431610483935 36028797018963968
Q 120 200 -3918806528078577 72057594037927936
Q 120 202 2371759033764217 72057594037927936
Q 120 204 -5368383705665001 288230376151711744
Q 120 206 1428897250831363 144115188075855872
Q 120 208 -1438147828577355 288230376151711744
Q 120 210 686869399901699 288230376151711744
Q 120 212 -4997882452733163 4611686018427387904
Q 120 214 2170221492429145 4611686018427387904
Q 120 216 -901953948394159 4611686018427387904
Q 120 218 5752407942429579 73786976294838206464
Q 120 220 -8812828258748659 295147905179352825856
Q 120 222 812135622904623 73786976294838206464
Q 120 224 -36067303592825 9223372036854775808
Q 120 226 791486408141853 590295810358705651712
Q 120 228 -8391481650261231 18889465931478580854784
Q 120 230 672349685430033 4722366482869645213696
Q 120 232 -834603709489549 18889465931478580854784
Q 120 234 4016404509643005 302231454903657293676544
Q 120 236 -2343637706140917 604462909807314587353088
Q 120 238 663814991453103 604462909807314587353088
Q 120 240 -5845363970254521 19342813113834066795298816
Q 120 242 6255293130089883 77371252455336267181195264
Q 120 244 -6512240178309269 309485009821345068724781056
Q 120 246 6599750803463889 1237940039285380274899124224
Q 120 248 -6514594480988181 4951760157141521099596496896
Q 120 250 783256552115077 2475880078570760549798248448
Q 120 252 -5862624854018169 79228162514264337593543950336
Q 120 254 1276307714929385 79228162514264337593543950336
Q 121 1 -4296776842825799 36028797018963968
Q 121 3 -385025964601591 2251799813685248
Q 121 5 -1711528576837463 9007199254740992
Q 121 7 -3301508737815185 18014398509481984
Q 121 9 -2777404806349595 18014398509481984
Q 121 11 -7697773505541723 72057594037927936
Q 121 13 -421176038534363 9007199254740992
Q 121 15 5482760817806067 288230376151711744
Q 121 17 742398568102949 9007199254740992
Q 121 19 4862758646527391 36028797018963968
Q 121 21 6082150711876769 36028797018963968
Q 121 23 6411551485204691 36028797018963968
Q 121 25 22449941058525 140737488355328
Q 121 27 8274373869128185 72057594037927936
Q 121 29 1803439292868547 36028797018963968
Q 121 31 -6928855170477323 288230376151711744
Q 121 33 -6728136547676349 72057594037927936
Q 121 35 -2575979662668181 18014398509481984
Q 121 37 -2890867895842643 18014398509481984
Q 121 39 -2513925371101767 18014398509481984
Q 121 41 -5987231162611257 72057594037927936
Q 121 43 -4758743425596483 1152921504606846976
Q 121 45 5478037205392363 72057594037927936
Q 121 47 4790024077569979 36028797018963968
Q 121 49 1322204044051395 9007199254740992
Q 121 51 992830621422037 9007199254740992
Q 121 53 4839537237763859 144115188075855872
Q 121 55 -4033698107745893 72057594037927936
Q 121 57 -8848153367556417 72057594037927936
Q 121 59 -2466876838883569 18014398509481984
Q 121 61 -6423814466527489 72057594037927936
Q 121 63 2582813115669327 2305843009213693952
Q 121 65 6544791092185003 72057594037927936
Q 121 67 2389538731658787 18014398509481984
Q 121 69 7277877267464379 72057594037927936
Q 121 71 1535032979648029 144115188075855872
Q 121 73 -1552649108605851 18014398509481984
Q 121 75 -4611933471780101 36028797018963968
Q 121 77 -6073821325845599 72057594037927936
Q 121 79 5282086464388245 288230376151711744
Q 121 81 7750665918437253 72057594037927936
Q 121 83 8271957610166741 72057594037927936
Q 121 85 1107026188853401 36028797018963968
Q 121 87 -1419913872909365 18014398509481984
Q 121 89 -8667577821383923 72057594037927936
Q 121 91 -7724216979735909 144115188075855872
Q 121 93 4555744589615001 72057594037927936
Q 121 95 8543906179233735 72057594037927936
Q 121 97 1950814285815725 36028797018963968
Q 121 99 -4832386413942659 72057594037927936
Q 121 101 -8308193394751815 72057594037927936
Q 121 103 -4819468021218087 144115188075855872
Q 121 105 394153943040531 4503599627370496
Q 121 107 1846213054227781 18014398509481984
Q 121 109 -1590381843005981 144115188075855872
Q 121 111 -7943795858472801 72057594037927936
Q 121 113 -8874785523565299 144115188075855872
Q 121 115 2610279001430733 36028797018963968
Q 121 117 57829547157505 562949953421312
Q 121 119 -2723481916826541 144115188075855872
Q 121 121 -1005941265859947 9007199254740992
Q 121 123 -8256786360475895 288230376151711744
Q 121 125 1817480084058495 18014398509481984
Q 121 127 4440859084683499 72057594037927936
Q 121 129 -1510707485364427 18014398509481984
Q 121 131 -5800019643533141 72057594037927936
Q 121 133 1260259526659879 18014398509481984
Q 121 135 1600889170359969 18014398509481984
Q 121 137 -2309440073927027 36028797018963968
Q 121 139 -6455878975137029 72057594037927936
Q 121 141 4903399905854149 72057594037927936
Q 121 143 5964218525278349 72057594037927936
Q 121 145 -2920692393535933 36028797018963968
Q 121 147 -4707930574982115 72057594037927936
Q 121 149 7129786669598511 72057594037927936
Q 121 151 2333251609933825 72057594037927936
Q 121 153 -2011842899277991 18014398509481984
Q 121 155 5289467023755431 288230376151711744
Q 121 157 3682475628275131 36028797018963968
Q 121 159 -698021609171483 9007199254740992
Q 121 161 -1889791071297195 36028797018963968
Q 121 163 8253536231430611 72057594037927936
Q 121 165 -323252441786645 9007199254740992
Q 121 167 -761111625645989 9007199254740992
Q 121 169 1011035510472775 9007199254740992
Q 121 171 -7061100147640461 288230376151711744
Q 121 173 -1563429008475359 18014398509481984
Q 121 175 2173994564287641 18014398509481984
Q 121 177 -7981208693541469 144115188075855872
Q 121 179 -1856551670601057 36028797018963968
Q 121 181 4446046168254797 36028797018963968
Q 121 183 -2166729561908299 18014398509481984
Q 121 185 7614218253656821 144115188075855872
Q 121 187 2807590248877479 72057594037927936
Q 121 189 -8337574591426507 72057594037927936
Q 121 191 5637487799486179 36028797018963968
Q 121 193 -2891387369735355 18014398509481984
Q 121 195 2507905997177397 18014398509481984
Q 121 197 -3847817608661987 36028797018963968
Q 121 199 1337306617221723 18014398509481984
Q 121 201 -6840601324320203 144115188075855872
Q 121 203 8130481141498595 288230376151711744
Q 121 205 -4524932597933335 288230376151711744
Q 121 207 4744173443305667 576460752303423488
Q 121 209 -73544903847261 18014398509481984
Q 121 211 2217851523539869 1152921504606846976
Q 121 213 -248940194664203 288230376151711744
Q 121 215 854260810259927 2305843009213693952
Q 121 217 -5614358442118069 36893488147419103232
Q 121 219 8851338208858697 147573952589676412928
Q 121 221 -3353432806906219 147573952589676412928
Q 121 223 611590720856127 73786976294838206464
Q 121 225 -3441291962156895 1180591620717411303424
Q 121 227 4673275027667891 4722366482869645213696
Q 121 229 -6133804294556185 18889465931478580854784
Q 121 231 3894786360162311 37778931862957161709568
Q 121 233 -2395198257797865 75557863725914323419136
Q 121 235 5711624453624071 604462909807314587353088
Q 121 237 -6607173172456153 2417851639229258349412352
Q 121 239 3710664313128473 4835703278458516698824704
Q 121 241 -8099850311173929 38685626227668133590597632
Q 121 243 8596088393237815 154742504910672534362390528
Q 121 245 -8876347794378303 618970019642690137449562112
Q 121 247 1115453908805275 309485009821345068724781056
Q 121 249 -8739144417666431 9903520314283042199192993792
Q 121 251 8340628135433687 39614081257132168796771975168
Q 121 253 -3872167021760163 79228162514264337593543950336
Q 121 255 3348430944747759 316912650057057350374175801344
Q 122 0 2463733363501103 36028797018963968
Q 122 2 5345547705788475 36028797018963968
Q 122 4 3334703920139951 18014398509481984
Q 122 6 3549711349453847 18014398509481984
Q 122 8 6764007478019783 36028797018963968
Q 122 10 5748790782771823 36028797018963968
Q 122 12 4162104539719033 36028797018963968
Q 122 14 4307421825497603 72057594037927936
Q 122 16 -81190912601393 36028797018963968
Q 122 18 -4615336950462669 72057594037927936
Q 122 20 -2133149569315197 18014398509481984
Q 122 22 -5698346507828023 36028797018963968
Q 122 24 -6380157172938699 36028797018963968
Q 122 26 -3081926391326297 18014398509481984
Q 122 28 -5018430340594441 36028797018963968
Q 122 30 -6124521973687921 72057594037927936
Q 122 32 -4605363123300571 288230376151711744
Q 122 34 1008936820218227 18014398509481984
Q 122 36 526251137152751 4503599627370496
Q 122 38 43009100007819 281474976710656
Q 122 40 1386298686354193 9007199254740992
Q 122 42 529211401180529 4503599627370496
Q 122 44 7280978143509845 144115188075855872
Q 122 46 -1098579643030255 36028797018963968
Q 122 48 -3692488738729047 36028797018963968
Q 122 50 -2562106853104407 18014398509481984
Q 122 52 -2420908025554887 18014398509481984
Q 122 54 -710036898501891 9007199254740992
Q 122 56 3691848607509573 576460752303423488
Q 122 58 6419327152655275 72057594037927936
Q 122 60 1208837294431447 9007199254740992
Q 122 62 8614760721579967 72057594037927936
Q 122 64 7020063896246941 144115188075855872
Q 122 66 -6666940621428423 144115188075855872
Q 122 68 -8438414022376941 72057594037927936
Q 122 70 -557160206385981 4503599627370496
Q 122 72 -8505992401092789 144115188075855872
Q 122 74 2981296361921815 72057594037927936
Q 122 76 1040568319158197 9007199254740992
Q 122 78 2034039435687259 18014398509481984
Q 122 80 4578299259839645 144115188075855872
Q 122 82 -326420507759413 4503599627370496
Q 122 84 -2191499404296887 18014398509481984
Q 122 86 -2677741806525807 36028797018963968
Q 122 88 2486495686839347 72057594037927936
Q 122 90 4091996238916043 36028797018963968
Q 122 92 6530219218931021 72057594037927936
Q 122 94 -4913212821329621 288230376151711744
Q 122 96 -7792628283923841 72057594037927936
Q 122 98 -3241502995712277 36028797018963968
Q 122 100 3260184245928919 144115188075855872
Q 122 102 7967656114335595 72057594037927936
Q 122 104 662896792988377 9007199254740992
Q 122 106 -7144995402378999 144115188075855872
Q 122 108 -8113246158281309 72057594037927936
Q 122 110 -4920800161689411 144115188075855872
Q 122 112 6391490059009239 72057594037927936
Q 122 114 3324028405811949 36028797018963968
Q 122 116 -1168771440886175 36028797018963968
Q 122 118 -1991373565275223 18014398509481984
Q 122 120 -888714468208281 36028797018963968
Q 122 122 7132236330014433 72057594037927936
Q 122 124 4774426311274331 72057594037927936
Q 122 126 -5361852343973767 72057594037927936
Q 122 128 -101460675438351 1125899906842624
Q 122 130 7222290956326871 144115188075855872
Q 122 132 1820009245904199 18014398509481984
Q 122 134 -4816770148025699 144115188075855872
Q 122 136 -7549334398742059 72057594037927936
Q 122 138 1973416656678337 72057594037927936
Q 122 140 944313057735079 9007199254740992
Q 122 142 -4750334125353745 144115188075855872
Q 122 144 -7293764137822757 72057594037927936
Q 122 146 898630200490607 18014398509481984
Q 122 148 1620911760505705 18014398509481984
Q 122 150 -2719154445791903 36028797018963968
Q 122 152 -1152981359944621 18014398509481984
Q 122 154 7305091897394219 72057594037927936
Q 122 156 4826000866312437 288230376151711744
Q 122 158 -3971286508887017 36028797018963968
Q 122 160 6980991060684947 144115188075855872
Q 122 162 5655711813077235 72057594037927936
Q 122 164 -7561294969490105 72057594037927936
Q 122 166 2249317340567379 576460752303423488
Q 122 168 457620161720705 4503599627370496
Q 122 170 -3502681466670477 36028797018963968
Q 122 172 -413485207717869 72057594037927936
Q 122 174 930186676910953 9007199254740992
Q 122 176 -248498895331161 2251799813685248
Q 122 178 4112060206701565 144115188075855872
Q 122 180 2675172500247953 36028797018963968
Q 122 182 -4605150718790663 36028797018963968
Q 122 184 3816984480587577 36028797018963968
Q 122 186 -8448359639254923 288230376151711744
Q 122 188 -8689376719105809 144115188075855872
Q 122 190 4602088933100579 36028797018963968
Q 122 192 -5688748779214299 36028797018963968
Q 122 194 5550944979070659 36028797018963968
Q 122 196 -4647978844587037 36028797018963968
Q 122 198 3467787922308969 36028797018963968
Q 122 200 -4709434286978765 72057594037927936
Q 122 202 5900511634534983 144115188075855872
Q 122 204 -6885594394777695 288230376151711744
Q 122 206 3768365042401615 288230376151711744
Q 122 208 -7780066516694903 1152921504606846976
Q 122 210 7607454392919043 2305843009213693952
Q 122 212 -3535737793803939 2305843009213693952
Q 122 214 783454341322027 1152921504606846976
Q 122 216 -5310521356846659 18446744073709551616
Q 122 218 8621992810194727 73786976294838206464
Q 122 220 -1679742830495155 36893488147419103232
Q 122 222 2517520532228389 147573952589676412928
Q 122 224 -7267895704062675 1180591620717411303424
Q 122 226 39523302569347 18446744073709551616
Q 122 228 -6801008772643269 9444732965739290427392
Q 122 230 4419545174728193 18889465931478580854784
Q 122 232 -1389737408968327 18889465931478580854784
Q 122 234 6773442914696061 302231454903657293676544
Q 122 236 -2000583993914009 302231454903657293676544
Q 122 238 4587179928348093 2417851639229258349412352
Q 122 240 -2553658729032607 4835703278458516698824704
Q 122 242 5526401586340305 38685626227668133590597632
Q 122 244 -5815529921436193 154742504910672534362390528
Q 122 246 744423216962661 77371252455336267181195264
Q 122 248 -2969136498905829 1237940039285380274899124224
Q 122 250 5768044733962853 9903520314283042199192993792
Q 122 252 -5447969602044157 39614081257132168796771975168
Q 122 254 2392117951322523 79228162514264337593543950336
Q 123 1 2063654000467679 18014398509481984
Q 123 3 6063510038884223 36028797018963968
Q 123 5 1766414615485021 9007199254740992
Q 123 7 1842898808585123 9007199254740992
Q 123 9 1763120424634251 9007199254740992
Q 123 11 1540097260241407 9007199254740992
Q 123 13 4764062378302847 36028797018963968
Q 123 15 5927861061844279 72057594037927936
Q 123 17 7193755667399715 288230376151711744
Q 123 19 -625563527818145 18014398509481984
Q 123 21 -6549395963878887 72057594037927936
Q 123 23 -4940557790916753 36028797018963968
Q 123 25 -3011913140667913 18014398509481984
Q 123 27 -6339274057377551 36028797018963968
Q 123 29 -5780800221699261 36028797018963968
Q 123 31 -8720904015716385 72057594037927936
Q 123 33 -4474754230475669 72057594037927936
Q 123 35 8804218194377215 1152921504606846976
Q 123 37 684011211885363 9007199254740992
Q 123 39 4643626637207129 36028797018963968
Q 123 41 5540854731741693 36028797018963968
Q 123 43 2571527885370401 18014398509481984
Q 123 45 108000674766163 1125899906842624
Q 123 47 3365091352664661 144115188075855872
Q 123 49 -2014936981355689 36028797018963968
Q 123 51 -8507768777607685 72057594037927936
Q 123 53 -637981469290981 4503599627370496
Q 123 55 -8360503852723013 72057594037927936
Q 123 57 -428248674804223 9007199254740992
Q 123 59 1425513430969079 36028797018963968
Q 123 61 3972119406482341 36028797018963968
Q 123 63 4773335704216631 36028797018963968
Q 123 65 6715667233606939 72057594037927936
Q 123 67 2371015131305427 288230376151711744
Q 123 69 -729562013609027 9007199254740992
Q 123 71 -4544899653969269 36028797018963968
Q 123 73 -446288155585403 4503599627370496
Q 123 75 -7180165001743421 576460752303423488
Q 123 77 369501968282403 4503599627370496
Q 123 79 8809511193472665 72057594037927936
Q 123 81 350065854392329 4503599627370496
Q 123 83 -6679426291569697 288230376151711744
Q 123 85 -959317257985377 9007199254740992
Q 123 87 -7600328361539715 72057594037927936
Q 123 89 -2486146662525133 144115188075855872
Q 123 91 6185813082435797 72057594037927936
Q 123 93 4029090296494639 36028797018963968
Q 123 95 4788036618541309 144115188075855872
Q 123 97 -1399918510775251 18014398509481984
Q 123 99 -7928433163432115 72057594037927936
Q 123 101 -7696012022014545 288230376151711744
Q 123 103 6179996587623441 72057594037927936
Q 123 105 3643369890914257 36028797018963968
Q 123 107 -5166193647035821 2305843009213693952
Q 123 109 -3706607325318095 36028797018963968
Q 123 111 -5324087935312411 72057594037927936
Q 123 113 3708881787746023 72057594037927936
Q 123 115 7737729031214199 72057594037927936
Q 123 117 7777979840896299 576460752303423488
Q 123 119 -899356604360357 9007199254740992
Q 123 121 -2324335865972639 36028797018963968
Q 123 123 5043535604449353 72057594037927936
Q 123 125 3367804387532085 36028797018963968
Q 123 127 -2591870380918369 72057594037927936
Q 123 129 -7547873103833725 72057594037927936
Q 123 131 614405485147407 72057594037927936
Q 123 133 7676773534687779 72057594037927936
Q 123 135 2357043106917013 288230376151711744
Q 123 137 -7616085772535623 72057594037927936
Q 123 139 -7662818752692567 576460752303423488
Q 123 141 3811397778416657 36028797018963968
Q 123 143 59510843223671 9007199254740992
Q 123 145 -7680023448272585 72057594037927936
Q 123 147 7127537766104263 576460752303423488
Q 123 149 3734615884004693 36028797018963968
Q 123 151 -3101802220855555 72057594037927936
Q 123 153 -6364389178870779 72057594037927936
Q 123 155 719622986968765 9007199254740992
Q 123 157 7213680015416457 144115188075855872
Q 123 159 -7710418399623859 72057594037927936
Q 123 161 8463098159551029 576460752303423488
Q 123 163 7002493357548429 72057594037927936
Q 123 165 -387439813590605 4503599627370496
Q 123 167 -8173370235460505 288230376151711744
Q 123 169 996221474036317 9007199254740992
Q 123 171 -1350077807256243 18014398509481984
Q 123 173 -159853878851405 4503599627370496
Q 123 175 8140039734139565 72057594037927936
Q 123 177 -3364994537396243 36028797018963968
Q 123 179 3557941165765645 18446744073709551616
Q 123 181 419509942872271 4503599627370496
Q 123 183 -284690375979931 2251799813685248
Q 123 185 3149349425151987 36028797018963968
Q 123 187 -5606842967298637 1152921504606846976
Q 123 189 -1436555664336259 18014398509481984
Q 123 191 2460766778204621 18014398509481984
Q 123 193 -1408044147857059 9007199254740992
Q 123 195 163923330686795 1125899906842624
Q 123 197 -4245068239820291 36028797018963968
Q 123 199 6162960789981681 72057594037927936
Q 123 201 -8176639517582323 144115188075855872
Q 123 203 5018167412038085 144115188075855872
Q 123 205 -718561089396583 36028797018963968
Q 123 207 3093068209705499 288230376151711744
Q 123 209 -392871746233817 72057594037927936
Q 123 211 6056270464810459 2305843009213693952
Q 123 213 -5551487543096631 4611686018427387904
Q 123 215 151735337265385 288230376151711744
Q 123 217 -1015551344911401 4611686018427387904
Q 123 219 6515512311706483 73786976294838206464
Q 123 221 -5018309805620649 147573952589676412928
Q 123 223 1859161022286433 147573952589676412928
Q 123 225 -663604385592045 147573952589676412928
Q 123 227 3656303452241077 2361183241434822606848
Q 123 229 -4864853591997351 9444732965739290427392
Q 123 231 3129746767490569 18889465931478580854784
Q 123 233 -487279026300861 9444732965739290427392
Q 123 235 2352326410279095 151115727451828646838272
Q 123 237 -5506434658508729 1208925819614629174706176
Q 123 239 6255342402767049 4835703278458516698824704
Q 123 241 -1725599693710733 4835703278458516698824704
Q 123 243 3701661396341375 38685626227668133590597632
Q 123 245 -1930906274804507 77371252455336267181195264
Q 123 247 980315542032557 154742504910672534362390528
Q 123 249 -7755021059117729 4951760157141521099596496896
Q 123 251 933899370722343 2475880078570760549798248448
Q 123 253 -7000452177054535 79228162514264337593543950336
Q 123 255 762970890609687 39614081257132168796771975168
Q 124 0 -4613229939120849 72057594037927936
Q 124 2 -5073310906488359 36028797018963968
Q 124 4 -6542859551286373 36028797018963968
Q 124 6 -7368137857655517 36028797018963968
Q 124 8 -7660920351236285 36028797018963968
Q 124 10 -7456116509696723 36028797018963968
Q 124 12 -1693826253527123 9007199254740992
Q 124 14 -2824601631492063 18014398509481984
Q 124 16 -4130687979395017 36028797018963968
Q 124 18 -1152042778066779 18014398509481984
Q 124 20 -4658335547834301 576460752303423488
Q 124 22 6990603046395867 144115188075855872
Q 124 24 1809254333050525 18014398509481984
Q 124 26 2554254279607183 18014398509481984
Q 124 28 6009850364502133 36028797018963968
Q 124 30 1538415760995261 9007199254740992
Q 124 32 2725064157229107 18014398509481984
Q 124 34 7856241000883297 72057594037927936
Q 124 36 1763964485436731 36028797018963968
Q 124 38 -1426948393708721 72057594037927936
Q 124 40 -6107224306822971 72057594037927936
Q 124 42 -1189478300676201 9007199254740992
Q 124 44 -168523462321339 1125899906842624
Q 124 46 -2360918766499831 18014398509481984
Q 124 48 -5643742025549223 72057594037927936
Q 124 50 -8567835359938591 2305843009213693952
Q 124 52 5188355196138333 72057594037927936
Q 124 54 4493170832749613 36028797018963968
Q 124 56 4860161816937209 36028797018963968
Q 124 58 6924454198258235 72057594037927936
Q 124 60 5819577943981647 288230376151711744
Q 124 62 -4611054137881701 72057594037927936
Q 124 64 -8673594020465639 72057594037927936
Q 124 66 -4373714121595093 36028797018963968
Q 124 68 -1142382194579207 18014398509481984
Q 124 70 1952745703886017 72057594037927936
Q 124 72 7418934235936753 72057594037927936
Q 124 74 1082581215924467 9007199254740992
Q 124 76 589535879962127 9007199254740992
Q 124 78 -8778525283687401 288230376151711744
Q 124 80 -3828562473360041 36028797018963968
Q 124 82 -1955638014800763 18014398509481984
Q 124 84 -4643009602227997 144115188075855872
Q 124 86 4938718062351515 72057594037927936
Q 124 88 4143833709187961 36028797018963968
Q 124 90 2391535888613077 36028797018963968
Q 124 92 -5696267589532973 144115188075855872
Q 124 94 -3958944337057863 36028797018963968
Q 124 96 -2785315117968695 36028797018963968
Q 124 98 8830588517627405 288230376151711744
Q 124 100 7747525881816159 72057594037927936
Q 124 102 5123615947929351 72057594037927936
Q 124 104 -3107199444454631 72057594037927936
Q 124 106 -3904553938369403 36028797018963968
Q 124 108 -6625056250729177 144115188075855872
Q 124 110 5228371194072825 72057594037927936
Q 124 112 3578445982782379 36028797018963968
Q 124 114 -2281371479905333 576460752303423488
Q 124 116 -7340916161304005 72057594037927936
Q 124 118 -4112746156885981 72057594037927936
Q 124 120 5070277545925991 72057594037927936
Q 124 122 6669696037782339 72057594037927936
Q 124 124 -8123506416205117 288230376151711744
Q 124 126 -1873713989327361 18014398509481984
Q 124 128 -5104777366727119 576460752303423488
Q 124 130 7300170018998207 72057594037927936
Q 124 132 2487312642055741 72057594037927936
Q 124 134 -6800937236950337 72057594037927936
Q 124 136 -3489191188341137 72057594037927936
Q 124 138 6476039671349685 72057594037927936
Q 124 140 7472088681206245 144115188075855872
Q 124 142 -6542098397739219 72057594037927936
Q 124 144 -3250102162015393 72057594037927936
Q 124 146 6970067907865881 72057594037927936
Q 124 148 3853297407002093 144115188075855872
Q 124 150 -3724782961738815 36028797018963968
Q 124 152 2982730628328547 576460752303423488
Q 124 154 7311887672883053 72057594037927936
Q 124 156 -7043736682470177 144115188075855872
Q 124 158 -5576062191220611 72057594037927936
Q 124 160 6621435854365011 72057594037927936
Q 124 162 5891854772241503 288230376151711744
Q 124 164 -1907334926581885 18014398509481984
Q 124 166 8493005906763179 144115188075855872
Q 124 168 8329523765766747 144115188075855872
Q 124 170 -3961714536361013 36028797018963968
Q 124 172 6735525528355091 144115188075855872
Q 124 174 8981582096535833 144115188075855872
Q 124 176 -4128361426010645 36028797018963968
Q 124 178 5077615301795471 72057594037927936
Q 124 180 8047835259451943 288230376151711744
Q 124 182 -7696504882704301 72057594037927936
Q 124 184 8565043784584235 72057594037927936
Q 124 186 -2351382153736039 36028797018963968
Q 124 188 -5632398395878269 288230376151711744
Q 124 190 6951301079868605 72057594037927936
Q 124 192 -1277381284064481 9007199254740992
Q 124 194 5462224347656989 36028797018963968
Q 124 196 -2434042244548229 18014398509481984
Q 124 198 7621554317760859 72057594037927936
Q 124 200 -5383895702882945 72057594037927936
Q 124 202 6977900986006357 144115188075855872
Q 124 204 -8389212420151705 288230376151711744
Q 124 206 4715684835112403 288230376151711744
Q 124 208 -623474746281355 72057594037927936
Q 124 210 1246862037895473 288230376151711744
Q 124 212 -1183303712085167 576460752303423488
Q 124 214 2138595838898903 2305843009213693952
Q 124 216 -1845254399258667 4611686018427387904
Q 124 218 380962249535663 2305843009213693952
Q 124 220 -4827769225272465 73786976294838206464
Q 124 222 7348081383385031 295147905179352825856
Q 124 224 -5381840423909175 590295810358705651712
Q 124 226 1899550781449941 590295810358705651712
Q 124 228 -2588194527655043 2361183241434822606848
Q 124 230 3407450565821285 9444732965739290427392
Q 124 232 -135604776709233 1180591620717411303424
Q 124 234 2675411694921287 75557863725914323419136
Q 124 236 -3197351137734373 302231454903657293676544
Q 124 238 3706536990879847 1208925819614629174706176
Q 124 240 -2085656220863899 2417851639229258349412352
Q 124 242 1140166682381141 4835703278458516698824704
Q 124 244 -605967465933751 9671406556917033397649408
Q 124 246 626614883232457 38685626227668133590597632
Q 124 248 -5045994678996809 1237940039285380274899124224
Q 124 250 618314435253647 618970019642690137449562112
Q 124 252 -2356646355099873 9903520314283042199192993792
Q 124 254 2085460149948907 39614081257132168796771975168
Q 125 1 -7398939378035957 72057594037927936
Q 125 3 -5553705883819031 36028797018963968
Q 125 5 -6739492428662769 36028797018963968
Q 125 7 -3744001685682967 18014398509481984
Q 125 9 -3926785720336017 18014398509481984
Q 125 11 -7845386229727219 36028797018963968
Q 125 13 -7459147998487937 36028797018963968
Q 125 15 -6691890130179501 36028797018963968
Q 125 17 -5552944042459899 36028797018963968
Q 125 19 -509239962689499 4503599627370496
Q 125 21 -2317816166144713 36028797018963968
Q 125 23 -772177693356321 72057594037927936
Q 125 25 3156702571732207 72057594037927936
Q 125 27 6789510792663783 72057594037927936
Q 125 29 4857339679090349 36028797018963968
Q 125 31 1439766271220707 9007199254740992
Q 125 33 2963163220187819 18014398509481984
Q 125 35 2630708027206631 18014398509481984
Q 125 37 3785586413346653 36028797018963968
Q 125 39 6685300277273361 144115188075855872
Q 125 41 -6003562709742617 288230376151711744
Q 125 43 -1511038866488377 18014398509481984
Q 125 45 -4637770244609425 36028797018963968
Q 125 47 -5164470450138167 36028797018963968
Q 125 49 -8765271564134897 72057594037927936
Q 125 51 -2405481164550797 36028797018963968
Q 125 53 8840687198579269 1152921504606846976
Q 125 55 2871325571359367 36028797018963968
Q 125 57 2251309577751823 18014398509481984
Q 125 59 1130233399629595 9007199254740992
Q 125 61 5627999491680737 72057594037927936
Q 125 63 -8921423175135547 9223372036854775808
Q 125 65 -5737394303168859 72057594037927936
Q 125 67 -4392810922918131 36028797018963968
Q 125 69 -7589081223743487 72057594037927936
Q 125 71 -5036043006377271 144115188075855872
Q 125 73 3909577719786823 72057594037927936
Q 125 75 4058831028626209 36028797018963968
Q 125 77 7475398844720045 72057594037927936
Q 125 79 4275705642971111 144115188075855872
Q 125 81 -4609595410519957 72057594037927936
Q 125 83 -4084341194254587 36028797018963968
Q 125 85 -5808137162390313 72057594037927936
Q 125 87 478849590966717 36028797018963968
Q 125 89 6964030761420351 72057594037927936
Q 125 91 7200975615456669 72057594037927936
Q 125 93 4846362469864917 288230376151711744
Q 125 95 -5870227399883029 72057594037927936
Q 125 97 -3718660163688971 36028797018963968
Q 125 99 -865221274717381 36028797018963968
Q 125 101 5737049603104167 72057594037927936
Q 125 103 7136881013926861 72057594037927936
Q 125 105 2783833299731683 288230376151711744
Q 125 107 -3269327820084905 36028797018963968
Q 125 109 -6037927252499593 72057594037927936
Q 125 111 7471224532851413 288230376151711744
Q 125 113 7400288232019723 72057594037927936
Q 125 115 1598443207938935 36028797018963968
Q 125 117 -1339695099588187 18014398509481984
Q 125 119 -6369267824739331 72057594037927936
Q 125 121 7560349095668569 288230376151711744
Q 125 123 1826878219387143 18014398509481984
Q 125 125 2758634117657967 144115188075855872
Q 125 127 -105610824268815 1125899906842624
Q 125 129 -7449544257533257 144115188075855872
Q 125 131 1414504795985165 18014398509481984
Q 125 133 2550998690024393 36028797018963968
Q 125 135 -4686536938822819 72057594037927936
Q 125 137 -2871123528394993 36028797018963968
Q 125 139 2107791939214093 36028797018963968
Q 125 141 2927228239564467 36028797018963968
Q 125 143 -8777535763837663 144115188075855872
Q 125 145 -5474479156041493 72057594037927936
Q 125 147 2589583586667467 36028797018963968
Q 125 149 4423227045329185 72057594037927936
Q 125 151 -3169859071182289 36028797018963968
Q 125 153 -1189096798350879 36028797018963968
Q 125 155 7251932908678037 72057594037927936
Q 125 157 -1703239413182689 144115188075855872
Q 125 159 -852416995532839 9007199254740992
Q 125 161 4747989457931783 72057594037927936
Q 125 163 475207324660003 9007199254740992
Q 125 165 -7411314466242799 72057594037927936
Q 125 167 7512540678343463 288230376151711744
Q 125 169 5846891065162491 72057594037927936
Q 125 171 -3571239805958301 36028797018963968
Q 125 173 8568540739225851 576460752303423488
Q 125 175 1507794737772701 18014398509481984
Q 125 177 -7749778551485583 72057594037927936
Q 125 179 6195549872839451 144115188075855872
Q 125 181 7759071260858393 144115188075855872
Q 125 183 -8224822178571131 72057594037927936
Q 125 185 474405159308213 4503599627370496
Q 125 187 -365092832594321 9007199254740992
Q 125 189 -770973599348453 18014398509481984
Q 125 191 7911592822352481 72057594037927936
Q 125 193 -5161382623467403 36028797018963968
Q 125 195 5187893534019551 36028797018963968
Q 125 197 -277055507838063 2251799813685248
Q 125 199 3358524772555249 36028797018963968
Q 125 201 -2308868802579825 36028797018963968
Q 125 203 5845473654685889 144115188075855872
Q 125 205 -1720379789114305 72057594037927936
Q 125 207 7589829604563077 576460752303423488
Q 125 209 -7887380641090255 1152921504606846976
Q 125 211 3879046557793305 1152921504606846976
Q 125 213 -7249536241243225 4611686018427387904
Q 125 215 6455753765486877 9223372036854775808
Q 125 217 -2746524697695389 9223372036854775808
Q 125 219 2238062351367769 18446744073709551616
Q 125 221 -875026283987955 18446744073709551616
Q 125 223 328872619617121 18446744073709551616
Q 125 225 -7616520971912669 1180591620717411303424
Q 125 227 1328719997747039 590295810358705651712
Q 125 229 -895128549470313 1180591620717411303424
Q 125 231 1165708579423225 4722366482869645213696
Q 125 233 -5875461389105459 75557863725914323419136
Q 125 235 7170493086118539 302231454903657293676544
Q 125 237 -530208076361375 75557863725914323419136
Q 125 239 2434448210717983 1208925819614629174706176
Q 125 241 -2713395113322797 4835703278458516698824704
Q 125 243 5877501106315317 38685626227668133590597632
Q 125 245 -6189825084322363 154742504910672534362390528
Q 125 247 3171394210185493 309485009821345068724781056
Q 125 249 -3163937971588003 1237940039285380274899124224
Q 125 251 6148970565660727 9903520314283042199192993792
Q 125 253 -5809339943702949 39614081257132168796771975168
Q 125 255 2551028948778737 79228162514264337593543950336
Q 126 0 -7452208372574425 144115188075855872
Q 126 2 -8294015105631509 72057594037927936
Q 126 4 -5502406544497261 36028797018963968
Q 126 6 -6489765047652609 36028797018963968
Q 126 8 -225406692068241 1125899906842624
Q 126 10 -1923877740761543 9007199254740992
Q 126 12 -7929709736519885 36028797018963968
Q 126 14 -7893168120791353 36028797018963968
Q 126 16 -7557663510065479 36028797018963968
Q 126 18 -3448655604471067 18014398509481984
Q 126 20 -5897426851249535 36028797018963968
Q 126 22 -2282217468646477 18014398509481984
Q 126 24 -1468102851842831 18014398509481984
Q 126 26 -1091334459773489 36028797018963968
Q 126 28 6759865449345465 288230376151711744
Q 126 30 2701526972848525 36028797018963968
Q 126 32 4271365086329167 36028797018963968
Q 126 34 83352606929007 562949953421312
Q 126 36 5694078676561089 36028797018963968
Q 126 38 5222111406242587 36028797018963968
Q 126 40 1954817290816947 18014398509481984
Q 126 42 953181277045435 18014398509481984
Q 126 44 -3722406405724703 288230376151711744
Q 126 46 -2739007768537347 36028797018963968
Q 126 48 -4386221843047801 36028797018963968
Q 126 50 -4946979829528759 36028797018963968
Q 126 52 -8369169092380685 72057594037927936
Q 126 54 -8867450877273295 144115188075855872
Q 126 56 218397953237789 18014398509481984
Q 126 58 2945632586340383 36028797018963968
Q 126 60 4410055184868617 36028797018963968
Q 126 62 4205945058969619 36028797018963968
Q 126 64 4614251369420753 72057594037927936
Q 126 66 -2319518755638279 144115188075855872
Q 126 68 -1601669264447931 18014398509481984
Q 126 70 -8568867914296317 72057594037927936
Q 126 72 -3183569358749315 36028797018963968
Q 126 74 -5925894225776861 576460752303423488
Q 126 76 5305866048975025 72057594037927936
Q 126 78 4091255495084609 36028797018963968
Q 126 80 1479240335377827 18014398509481984
Q 126 82 -4082368831190567 1152921504606846976
Q 126 84 -6250496103297057 72057594037927936
Q 126 86 -30104083710437 281474976710656
Q 126 88 -1651295912298671 36028797018963968
Q 126 90 7456721617371011 144115188075855872
Q 126 92 3830158830697145 36028797018963968
Q 126 94 2472356367541141 36028797018963968
Q 126 96 -4493576878818045 144115188075855872
Q 126 98 -1829678853723407 18014398509481984
Q 126 100 -1300224268640965 18014398509481984
Q 126 102 4466297580577937 144115188075855872
Q 126 104 1823469013943419 18014398509481984
Q 126 106 4300948533297511 72057594037927936
Q 126 108 -3622433449409819 72057594037927936
Q 126 110 -3618720928649213 36028797018963968
Q 126 112 -7710186156875255 288230376151711744
Q 126 114 5845284178837329 72057594037927936
Q 126 116 1470980194731281 18014398509481984
Q 126 118 -8538343389759891 288230376151711744
Q 126 120 -7129783224747391 72057594037927936
Q 126 122 -210743762401605 9007199254740992
Q 126 124 788536759553847 9007199254740992
Q 126 126 8896205132441467 144115188075855872
Q 126 128 -4583935480266251 72057594037927936
Q 126 130 -5991351715044459 72057594037927936
Q 126 132 5754409821972755 144115188075855872
Q 126 134 6659636286300943 72057594037927936
Q 126 136 -6744002652043627 288230376151711744
Q 126 138 -1717458587739809 18014398509481984
Q 126 140 4829449494288205 288230376151711744
Q 126 142 6886587792749173 72057594037927936
Q 126 144 -6006357624128407 288230376151711744
Q 126 146 -842030758810633 9007199254740992
Q 126 148 2568085560548987 72057594037927936
Q 126 150 3089074956711637 36028797018963968
Q 126 152 -8560344729513749 144115188075855872
Q 126 154 -4732658701265991 72057594037927936
Q 126 156 6169059496469537 72057594037927936
Q 126 158 7547090246411213 288230376151711744
Q 126 160 -7158324638964935 72057594037927936
Q 126 162 4646279475578973 144115188075855872
Q 126 164 5641982074523801 72057594037927936
Q 126 166 -1593679392969075 18014398509481984
Q 126 168 -1284437626885463 144115188075855872
Q 126 170 865180830232101 9007199254740992
Q 126 172 -1429837742764235 18014398509481984
Q 126 174 -5089572384685293 288230376151711744
Q 126 176 3532204688601327 36028797018963968
Q 126 178 -1672842238960331 18014398509481984
Q 126 180 7631222477363053 576460752303423488
Q 126 182 5479812231588183 72057594037927936
Q 126 184 -8311677122465717 72057594037927936
Q 126 186 98287397495277 1125899906842624
Q 126 188 -8503373814687499 576460752303423488
Q 126 190 -4626599114512725 72057594037927936
Q 126 192 33811124596089 281474976710656
Q 126 194 -5120614155577335 36028797018963968
Q 126 196 4864199950571509 36028797018963968
Q 126 198 -7982995725174887 72057594037927936
Q 126 200 5856808653512943 72057594037927936
Q 126 202 -1959313264778943 36028797018963968
Q 126 204 2422072597093075 72057594037927936
Q 126 206 -1395641160370965 72057594037927936
Q 126 208 3019294762783129 288230376151711744
Q 126 210 -385213119975651 72057594037927936
Q 126 212 5961269571200345 2305843009213693952
Q 126 214 -1370733100810819 1152921504606846976
Q 126 216 4809790808953687 9223372036854775808
Q 126 218 -2017187452044195 9223372036854775808
Q 126 220 3242764238173891 36893488147419103232
Q 126 222 -5005062209973705 147573952589676412928
Q 126 224 7429673689546451 590295810358705651712
Q 126 226 -5311644506312635 1180591620717411303424
Q 126 228 7325622298054243 4722366482869645213696
Q 126 230 -4878632038859735 9444732965739290427392
Q 126 232 6282664739523235 37778931862957161709568
Q 126 234 -3915392497659357 75557863725914323419136
Q 126 236 590989829887259 37778931862957161709568
Q 126 238 -1383962885253883 302231454903657293676544
Q 126 240 6290390223671405 4835703278458516698824704
Q 126 242 -3470995217891515 9671406556917033397649408
Q 126 244 930735982004849 9671406556917033397649408
Q 126 246 -7767264106467977 309485009821345068724781056
Q 126 248 1971289946148073 309485009821345068724781056
Q 126 250 -7793609014714137 4951760157141521099596496896
Q 126 252 7485007734448177 19807040628566084398385987584
Q 126 254 -3334773979898811 39614081257132168796771975168
Q 127 1 2524544487286779 36028797018963968
Q 127 3 965469433124781 9007199254740992
Q 127 5 2424946893913461 18014398509481984
Q 127 7 5668150506255903 36028797018963968
Q 127 9 198933791766431 1125899906842624
Q 127 11 1737713399902861 9007199254740992
Q 127 13 1852139634544707 9007199254740992
Q 127 15 7709197083008121 36028797018963968
Q 127 17 488251113857763 2251799813685248
Q 127 19 7669894200708789 36028797018963968
Q 127 21 3617715880074597 18014398509481984
Q 127 23 3234624902929851 18014398509481984
Q 127 25 5350535830591417 36028797018963968
Q 127 27 972317877087955 9007199254740992
Q 127 29 8554426758902555 144115188075855872
Q 127 31 409542926384003 72057594037927936
Q 127 33 -6996507880546947 144115188075855872
Q 127 35 -877424466962793 9007199254740992
Q 127 37 -4834194057377303 36028797018963968
Q 127 39 -1371960157744047 9007199254740992
Q 127 41 -330986633071221 2251799813685248
Q 127 43 -8404285938240607 72057594037927936
Q 127 45 -2321872480587333 36028797018963968
Q 127 47 548495191019983 576460752303423488
Q 127 49 2382794336127453 36028797018963968
Q 127 51 8305222683330901 72057594037927936
Q 127 53 4830132040303043 36028797018963968
Q 127 55 2067916552421145 18014398509481984
Q 127 57 8707351821803743 144115188075855872
Q 127 59 -3975748933374483 288230376151711744
Q 127 61 -5991961701931105 72057594037927936
Q 127 63 -546091150770347 4503599627370496
Q 127 65 -7980013317871681 72057594037927936
Q 127 67 -954379230175161 18014398509481984
Q 127 69 4150820574875259 144115188075855872
Q 127 71 6970765594150409 72057594037927936
Q 127 73 8318993937347329 72057594037927936
Q 127 75 1298215826617733 18014398509481984
Q 127 77 -3523790878213491 288230376151711744
Q 127 79 -1606940545499469 18014398509481984
Q 127 81 -1981881796785039 18014398509481984
Q 127 83 -4180744040455461 72057594037927936
Q 127 85 2470856437776223 72057594037927936
Q 127 87 3661100155675885 36028797018963968
Q 127 89 6585289857827211 72057594037927936
Q 127 91 4715532328024703 576460752303423488
Q 127 93 -2949235220673375 36028797018963968
Q 127 95 -7244233452955549 72057594037927936
Q 127 97 -8003347659458873 288230376151711744
Q 127 99 5139696420252451 72057594037927936
Q 127 101 450278423069045 4503599627370496
Q 127 103 7459040063827917 288230376151711744
Q 127 105 -2733957359730357 36028797018963968
Q 127 107 -1682046107310623 18014398509481984
Q 127 109 -7355160945726551 2305843009213693952
Q 127 111 51121224006887 562949953421312
Q 127 113 324878641138175 4503599627370496
Q 127 115 -2830758399691045 72057594037927936
Q 127 117 -55393098366021 562949953421312
Q 127 119 -6313829724373305 288230376151711744
Q 127 121 6183548916166135 72057594037927936
Q 127 123 2416335278784649 36028797018963968
Q 127 125 -7754112504825491 144115188075855872
Q 127 127 -405625752744721 4503599627370496
Q 127 129 2862262902670205 144115188075855872
Q 127 131 6955815965661091 72057594037927936
Q 127 133 3757980755483725 576460752303423488
Q 127 135 -6852342473416895 72057594037927936
Q 127 137 -1610543017674025 72057594037927936
Q 127 139 3336075492224687 36028797018963968
Q 127 141 3974847815620145 144115188075855872
Q 127 143 -6671582929577237 72057594037927936
Q 127 145 -201133541232987 9007199254740992
Q 127 147 3427919995187365 36028797018963968
Q 127 149 1689043987786969 288230376151711744
Q 127 151 -1738505256475067 18014398509481984
Q 127 153 3226454184299605 144115188075855872
Q 127 155 6383415605640469 72057594037927936
Q 127 157 -2132782557809827 36028797018963968
Q 127 159 -4344036003157237 72057594037927936
Q 127 161 6617872142030403 72057594037927936
Q 127 163 671164573899847 144115188075855872
Q 127 165 -3421474435572055 36028797018963968
Q 127 167 4704246926227793 72057594037927936
Q 127 169 6129950876912653 144115188075855872
Q 127 171 -7372302668715999 72057594037927936
Q 127 173 7710766570416941 144115188075855872
Q 127 175 6974496831225161 144115188075855872
Q 127 177 -1903219705588797 18014398509481984
Q 127 179 5253058120042499 72057594037927936
Q 127 181 4827225465792581 288230376151711744
Q 127 183 -3405941466456477 36028797018963968
Q 127 185 4044660650563867 36028797018963968
Q 127 187 -1206135407804781 18014398509481984
Q 127 189 -1578698325895799 144115188075855872
Q 127 191 3039208188294903 36028797018963968
Q 127 193 -2332333053742473 18014398509481984
Q 127 195 158912282454865 1125899906842624
Q 127 197 -1146946916234999 9007199254740992
Q 127 199 3622834632383007 36028797018963968
Q 127 201 -1288162388131067 18014398509481984
Q 127 203 419609235297365 9007199254740992
Q 127 205 -8106613528055071 288230376151711744
Q 127 207 4573131537049973 288230376151711744
Q 127 209 -2425702526911223 288230376151711744
Q 127 211 4863091767140541 1152921504606846976
Q 127 213 -4624718479821393 2305843009213693952
Q 127 215 8372558227967559 9223372036854775808
Q 127 217 -7234217228381273 18446744073709551616
Q 127 219 5980872676136571 36893488147419103232
Q 127 221 -4741229970370215 73786976294838206464
Q 127 223 7221139902573903 295147905179352825856
Q 127 225 -5291324663864859 590295810358705651712
Q 127 227 7472545324149831 2361183241434822606848
Q 127 229 -5091404398974121 4722366482869645213696
Q 127 231 3351413739830745 9444732965739290427392
Q 127 233 -4267279793630095 37778931862957161709568
Q 127 235 2630200297765937 75557863725914323419136
Q 127 237 -6284040324185959 604462909807314587353088
Q 127 239 455060759758469 151115727451828646838272
Q 127 241 -8188820475220267 9671406556917033397649408
Q 127 243 4473347889009401 19342813113834066795298816
Q 127 245 -2375527528062989 38685626227668133590597632
Q 127 247 1227131396632321 77371252455336267181195264
Q 127 249 -4936082372056021 1237940039285380274899124224
Q 127 251 4833678147041423 4951760157141521099596496896
Q 127 253 -2300299347686061 9903520314283042199192993792
Q 127 255 1016659804314741 19807040628566084398385987584
Q 128 0 7999405485980043 288230376151711744
Q 128 2 70324914555961 1125899906842624
Q 128 4 765881742654483 9007199254740992
Q 128 6 7523615975801315 72057594037927936
Q 128 8 4417557889977143 36028797018963968
Q 128 10 2527844915469953 18014398509481984
Q 128 12 2839641455812073 18014398509481984
Q 128 14 6275886412751599 36028797018963968
Q 128 16 3409619700732311 18014398509481984
Q 128 18 3634959511746539 18014398509481984
Q 128 20 3788209762996931 18014398509481984
Q 128 22 959712899777167 4503599627370496
Q 128 24 7508118791812633 36028797018963968
Q 128 26 1751351135869883 9007199254740992
Q 128 28 191315897082895 1125899906842624
Q 128 30 4840053272912147 36028797018963968
Q 128 32 6372759405003065 72057594037927936
Q 128 34 1248302183277325 36028797018963968
Q 128 36 -6542523234419893 288230376151711744
Q 128 38 -87143220112695 1125899906842624
Q 128 40 -8785002017992365 72057594037927936
Q 128 42 -41792367769431 281474976710656
Q 128 44 -1357470869311385 9007199254740992
Q 128 46 -4526473776458391 36028797018963968
Q 128 48 -1360344952731111 18014398509481984
Q 128 50 -5134757085170939 576460752303423488
Q 128 52 538817433419765 9007199254740992
Q 128 54 8148026410655099 72057594037927936
Q 128 56 4851938551441933 36028797018963968
Q 128 58 260225010834627 2251799813685248
Q 128 60 4242666706584883 72057594037927936
Q 128 62 -5289662663787755 288230376151711744
Q 128 64 -799192408558031 9007199254740992
Q 128 66 -4457056352984191 36028797018963968
Q 128 68 -3822586755960731 36028797018963968
Q 128 70 -5839668894340149 144115188075855872
Q 128 72 1603358290160263 36028797018963968
Q 128 74 7702736696769835 72057594037927936
Q 128 76 8055708030448881 72057594037927936
Q 128 78 7665122678757531 144115188075855872
Q 128 80 -671622983139129 18014398509481984
Q 128 82 -7510804427052819 72057594037927936
Q 128 84 -7352194559038819 72057594037927936
Q 128 86 -8281473566012893 288230376151711744
Q 128 88 295309384045015 4503599627370496
Q 128 90 493805787492141 4503599627370496
Q 128 92 4741824181671901 72057594037927936
Q 128 94 -4785632767567751 144115188075855872
Q 128 96 -7431837126512423 72057594037927936
Q 128 98 -5678199679802273 72057594037927936
Q 128 100 5946848873009049 288230376151711744
Q 128 102 224238840593129 2251799813685248
Q 128 104 5449391798024157 72057594037927936
Q 128 106 -8535017737716859 288230376151711744
Q 128 108 -7333554688530301 72057594037927936
Q 128 110 -2013318088099907 36028797018963968
Q 128 112 8254853829707169 144115188075855872
Q 128 114 7128953540848819 72057594037927936
Q 128 116 7258394655136687 576460752303423488
Q 128 118 -6530104803773523 72057594037927936
Q 128 120 -4910526995977719 72057594037927936
Q 128 122 7508924058708391 144115188075855872
Q 128 124 214070585315027 2251799813685248
Q 128 126 -8859058907510565 1152921504606846976
Q 128 128 -885147410163937 9007199254740992
Q 128 130 -2038391156844085 72057594037927936
Q 128 132 25158630607481 281474976710656
Q 128 134 7447231981160623 144115188075855872
Q 128 136 -5665140556476923 72057594037927936
Q 128 138 -4596384792194669 72057594037927936
Q 128 140 5209821181815947 72057594037927936
Q 128 142 4821775083488675 72057594037927936
Q 128 144 -5274127779440927 72057594037927936
Q 128 146 -556088918315829 9007199254740992
Q 128 148 5847718211832601 72057594037927936
Q 128 150 6699473474937799 144115188075855872
Q 128 152 -3338777194681611 36028797018963968
Q 128 154 -5163386693644697 288230376151711744
Q 128 156 7154819643718765 72057594037927936
Q 128 158 -7198077790313643 288230376151711744
Q 128 160 -3132095420463753 36028797018963968
Q 128 162 5299485707030673 72057594037927936
Q 128 164 740222624231613 18014398509481984
Q 128 166 -7338723427884545 72057594037927936
Q 128 168 5158562578620337 144115188075855872
Q 128 170 5218756077050293 72057594037927936
Q 128 172 -3611260668294543 36028797018963968
Q 128 174 6810938872425107 288230376151711744
Q 128 176 5472588258105171 72057594037927936
Q 128 178 -7711194799344363 72057594037927936
Q 128 180 7082337974734067 144115188075855872
Q 128 182 829401177482853 18014398509481984
Q 128 184 -7898236673080737 72057594037927936
Q 128 186 477188109539859 4503599627370496
Q 128 188 -6511737850442015 144115188075855872
Q 128 190 -2634272159871413 72057594037927936
Q 128 192 1875391114383189 18014398509481984
Q 128 194 -5015362223554831 36028797018963968
Q 128 196 2552455118417097 18014398509481984
Q 128 198 -4397647473579087 36028797018963968
Q 128 200 6702760654083165 72057594037927936
Q 128 202 -2314201500961555 36028797018963968
Q 128 204 5879287358658617 144115188075855872
Q 128 206 -3470150998461727 144115188075855872
Q 128 208 1917830860539225 144115188075855872
Q 128 210 -3992888448971255 576460752303423488
Q 128 212 7865396699203661 2305843009213693952
Q 128 214 -1839318898154423 1152921504606846976
Q 128 216 6556525823791225 9223372036854775808
Q 128 218 -5581541839830741 18446744073709551616
Q 128 220 4549489317235823 36893488147419103232
Q 128 222 -3557764766460715 73786976294838206464
Q 128 224 5348151453710975 295147905179352825856
Q 128 226 -967417069442645 147573952589676412928
Q 128 228 2699224033750879 1180591620717411303424
Q 128 230 -1817447037395957 2361183241434822606848
Q 128 232 2365289715515347 9444732965739290427392
Q 128 234 -2978142486731099 37778931862957161709568
Q 128 236 3631419160026381 151115727451828646838272
Q 128 238 -8584311557268291 1208925819614629174706176
Q 128 240 2460833886517623 1208925819614629174706176
Q 128 242 -2739686170010049 4835703278458516698824704
Q 128 244 5927236345792565 38685626227668133590597632
Q 128 246 -389634377764197 9671406556917033397649408
Q 128 248 1594866822735731 154742504910672534362390528
Q 128 250 -794294944460211 309485009821345068724781056
Q 128 252 6148243864682275 9903520314283042199192993792
Q 128 254 -5514313881763899 39614081257132168796771975168
Q 129 1 8416951156692623 288230376151711744
Q 129 3 1640016834396735 36028797018963968
Q 129 5 4259002801913001 72057594037927936
Q 129 7 326152666205439 4503599627370496
Q 129 9 6225636521025635 72057594037927936
Q 129 11 7311907051146891 72057594037927936
Q 129 13 2121673424020177 18014398509481984
Q 129 15 4869844736092227 36028797018963968
Q 129 17 1379877277538765 9007199254740992
Q 129 19 385250218403081 2251799813685248
Q 129 21 3380530440884959 18014398509481984
Q 129 23 3626911486887427 18014398509481984
Q 129 25 3785988919502235 18014398509481984
Q 129 27 7635739675936477 36028797018963968
Q 129 29 1840920222675197 9007199254740992
Q 129 31 835637512837451 4503599627370496
Q 129 33 694605724556115 4503599627370496
Q 129 35 124475498140611 1125899906842624
Q 129 37 8142986749144787 144115188075855872
Q 129 39 -4235393521546281 1152921504606846976
Q 129 41 -1142061434287899 18014398509481984
Q 129 43 -8233064335404571 72057594037927936
Q 129 45 -2651793672931577 18014398509481984
Q 129 47 -5565015888233331 36028797018963968
Q 129 49 -4751895006526657 36028797018963968
Q 129 51 -2929203276096699 36028797018963968
Q 129 53 -6801539952748051 576460752303423488
Q 129 55 4373659460247029 72057594037927936
Q 129 57 4196582179771631 36028797018963968
Q 129 59 4955980812451435 36028797018963968
Q 129 61 8245774629362643 72057594037927936
Q 129 63 3730584479034429 72057594037927936
Q 129 65 -8667118620699771 288230376151711744
Q 129 67 -3602758658157653 36028797018963968
Q 129 69 -4598657236777805 36028797018963968
Q 129 71 -7048009808681385 72057594037927936
Q 129 73 -6106589336496517 288230376151711744
Q 129 75 298087202345609 4503599627370496
Q 129 77 2125809591751045 18014398509481984
Q 129 79 231526821112453 2251799813685248
Q 129 81 937534729084453 36028797018963968
Q 129 83 -1210659658449319 18014398509481984
Q 129 85 -8342969369153215 72057594037927936
Q 129 87 -3009202066193827 36028797018963968
Q 129 89 5730386910675445 576460752303423488
Q 129 91 215649131727641 2251799813685248
Q 129 93 1883631508868453 18014398509481984
Q 129 95 7316180899218063 288230376151711744
Q 129 97 -685556689613007 9007199254740992
Q 129 99 -7764608822700139 72057594037927936
Q 129 101 -2612912299641001 72057594037927936
Q 129 103 5144752962378385 72057594037927936
Q 129 105 3780219048526641 36028797018963968
Q 129 107 3619686996704677 144115188075855872
Q 129 109 -2986360717677183 36028797018963968
Q 129 111 -424396324373485 4503599627370496
Q 129 113 2442202736822423 288230376151711744
Q 129 115 1811252622800667 18014398509481984
Q 129 117 8905716838647719 144115188075855872
Q 129 119 -8680966077429641 144115188075855872
Q 129 121 -1769590929830221 18014398509481984
Q 129 123 800069440340009 144115188075855872
Q 129 125 455091360855855 4503599627370496
Q 129 127 733525215680943 18014398509481984
Q 129 129 -6086418569324487 72057594037927936
Q 129 131 -637530499364355 9007199254740992
Q 129 133 4537480189062635 72057594037927936
Q 129 135 1559449379830889 18014398509481984
Q 129 137 -6618484829329265 144115188075855872
Q 129 139 -838589935480991 9007199254740992
Q 129 141 1363108335469179 36028797018963968
Q 129 143 3396218293074701 36028797018963968
Q 129 145 -5809599474297751 144115188075855872
Q 129 147 -6548174195912949 72057594037927936
Q 129 149 1919575621017133 36028797018963968
Q 129 151 721541461347131 9007199254740992
Q 129 153 -1338288997533861 18014398509481984
Q 129 155 -8083474462574099 144115188075855872
Q 129 157 1727391543170911 18014398509481984
Q 129 159 3793770227729181 288230376151711744
Q 129 161 -3697149921036991 36028797018963968
Q 129 163 413169751862523 9007199254740992
Q 129 165 659743303257661 9007199254740992
Q 129 167 -879000895286957 9007199254740992
Q 129 169 4977033869591281 2305843009213693952
Q 129 171 862668676035309 9007199254740992
Q 129 173 -3211933687550953 36028797018963968
Q 129 175 -4987677499851367 576460752303423488
Q 129 177 1769169433054981 18014398509481984
Q 129 179 -113843158374417 1125899906842624
Q 129 181 6347469445774775 288230376151711744
Q 129 183 660561286440931 9007199254740992
Q 129 185 -4318908595647669 36028797018963968
Q 129 187 6878175383915053 72057594037927936
Q 129 189 -1560253676979811 72057594037927936
Q 129 191 -8894382193315197 144115188075855872
Q 129 193 2207041183471821 18014398509481984
Q 129 195 -5330088231073989 36028797018963968
Q 129 197 640226485748049 4503599627370496
Q 129 199 -8471513795872043 72057594037927936
Q 129 201 3125493374683373 36028797018963968
Q 129 203 -1050226566163681 18014398509481984
Q 129 205 5211287652249889 144115188075855872
Q 129 207 -376406532372453 18014398509481984
Q 129 209 816141042698991 72057594037927936
Q 129 211 -3338043387866939 576460752303423488
Q 129 213 1616581492829101 576460752303423488
Q 129 215 -5954018332229261 4611686018427387904
Q 129 217 653417712901555 1152921504606846976
Q 129 219 -274196581784957 1152921504606846976
Q 129 221 7055173959177739 73786976294838206464
Q 129 223 -5445575414400581 147573952589676412928
Q 129 225 8083502366123881 590295810358705651712
Q 129 227 -2889049389767981 590295810358705651712
Q 129 229 7966420718659249 4722366482869645213696
Q 129 231 -5302997102164741 9444732965739290427392
Q 129 233 6825245291486981 37778931862957161709568
Q 129 235 -8501219347305927 151115727451828646838272
Q 129 237 5128632137173135 302231454903657293676544
Q 129 239 -2999845844228837 604462909807314587353088
Q 129 241 1702688666582303 1208925819614629174706176
Q 129 243 -7508231106178603 19342813113834066795298816
Q 129 245 4021992667412589 38685626227668133590597632
Q 129 247 -8380913677233155 309485009821345068724781056
Q 129 249 8497120241044353 1237940039285380274899124224
Q 129 251 -2096762703610137 1237940039285380274899124224
Q 129 253 8043577751425521 19807040628566084398385987584
Q 129 255 -7157595603276191 79228162514264337593543950336
Q 130 0 -5320613118533005 576460752303423488
Q 130 2 -378714848473293 18014398509481984
Q 130 4 -2119577751193305 72057594037927936
Q 130 6 -1356735036534101 36028797018963968
Q 130 8 -6729058584294301 144115188075855872
Q 130 10 -4111092287490427 72057594037927936
Q 130 12 -2489463951522359 36028797018963968
Q 130 14 -1496074859044661 18014398509481984
Q 130 16 -3566324735367575 36028797018963968
Q 130 18 -8415011441121169 72057594037927936
Q 130 20 -1225370061146889 9007199254740992
Q 130 22 -5621406628138979 36028797018963968
Q 130 24 -3162521931497065 18014398509481984
Q 130 26 -6952869515523539 36028797018963968
Q 130 28 -3714067085777269 18014398509481984
Q 130 30 -7660142474083637 36028797018963968
Q 130 32 -3776055348755519 18014398509481984
Q 130 34 -7014651167670281 36028797018963968
Q 130 36 -2992539071426219 18014398509481984
Q 130 38 -8902335476138191 72057594037927936
Q 130 40 -4951481684733141 72057594037927936
Q 130 42 -3452386875310861 576460752303423488
Q 130 44 8290352565951273 144115188075855872
Q 130 46 8105097405197785 72057594037927936
Q 130 48 5355876044719641 36028797018963968
Q 130 50 5663387065068341 36028797018963968
Q 130 52 2402975621784265 18014398509481984
Q 130 54 5722147361448323 72057594037927936
Q 130 56 3322590163486863 576460752303423488
Q 130 58 -1250897809478933 18014398509481984
Q 130 60 -8957497064837945 72057594037927936
Q 130 62 -5037838565404373 36028797018963968
Q 130 64 -969555188299589 9007199254740992
Q 130 66 -5188234552675233 144115188075855872
Q 130 68 7174023994241389 144115188075855872
Q 130 70 4131315801211151 36028797018963968
Q 130 72 2310174669535349 18014398509481984
Q 130 74 2909665771364241 36028797018963968
Q 130 76 -8697900373099979 1152921504606846976
Q 130 78 -3307690470785551 36028797018963968
Q 130 80 -8938449874873959 72057594037927936
Q 130 82 -1478061197444555 18014398509481984
Q 130 84 1689770385275505 144115188075855872
Q 130 86 7040648672838283 72057594037927936
Q 130 88 519848151461247 4503599627370496
Q 130 90 3492474523088165 72057594037927936
Q 130 92 -8039645823752149 144115188075855872
Q 130 94 -1036509487887135 9007199254740992
Q 130 96 -2785340084892953 36028797018963968
Q 130 98 2061882845154497 72057594037927936
Q 130 100 243633564404097 2251799813685248
Q 130 102 3021560987437553 36028797018963968
Q 130 104 -7036716252881475 288230376151711744
Q 130 106 -7727730302261115 72057594037927936
Q 130 108 -5314867953876959 72057594037927936
Q 130 110 6181941074513661 144115188075855872
Q 130 112 7876103139235609 72057594037927936
Q 130 114 6168100236824319 144115188075855872
Q 130 116 -5598158660136099 72057594037927936
Q 130 118 -6960359320127849 72057594037927936
Q 130 120 4423008469836919 288230376151711744
Q 130 122 3810597092052639 36028797018963968
Q 130 124 6157060551488453 144115188075855872
Q 130 126 -6083057918319437 72057594037927936
Q 130 128 -5812480800559593 72057594037927936
Q 130 130 7534288616362725 144115188075855872
Q 130 132 7118327859985403 72057594037927936
Q 130 134 -1674057317534219 72057594037927936
Q 130 136 -3760591204115751 36028797018963968
Q 130 138 8696560417193015 2305843009213693952
Q 130 140 7556908271144483 72057594037927936
Q 130 142 4798419490130879 1152921504606846976
Q 130 144 -3775598893509703 36028797018963968
Q 130 146 -2642587025606323 18446744073709551616
Q 130 148 3776098404923377 36028797018963968
Q 130 150 -2328785096471145 144115188075855872
Q 130 152 -7301452972759139 72057594037927936
Q 130 154 6358366973761677 144115188075855872
Q 130 156 6228980682997825 72057594037927936
Q 130 158 -5667921266620113 72057594037927936
Q 130 160 -901834670102911 18014398509481984
Q 130 162 7566607775723061 72057594037927936
Q 130 164 -6912490310337515 576460752303423488
Q 130 166 -6999493472370799 72057594037927936
Q 130 168 5921453204689267 72057594037927936
Q 130 170 4648589406713101 144115188075855872
Q 130 172 -7914153903196129 72057594037927936
Q 130 174 5003691648490667 72057594037927936
Q 130 176 5867626346397943 144115188075855872
Q 130 178 -2032441690876081 18014398509481984
Q 130 180 1576481785216003 18014398509481984
Q 130 182 4080947264203525 576460752303423488
Q 130 184 -6959354518149285 72057594037927936
Q 130 186 557196536387101 4503599627370496
Q 130 188 -2888095430354399 36028797018963968
Q 130 190 -7375247024561979 2305843009213693952
Q 130 192 1535047422709939 18014398509481984
Q 130 194 -4968616705725301 36028797018963968
Q 130 196 5542142709258309 36028797018963968
Q 130 198 -633890167370235 4503599627370496
Q 130 200 8089886975694555 72057594037927936
Q 130 202 -724683357166239 9007199254740992
Q 130 204 7600563878197611 144115188075855872
Q 130 206 -4611933886412809 144115188075855872
Q 130 208 5225347858300953 288230376151711744
Q 130 210 -1390745701834569 144115188075855872
Q 130 212 699140786475175 144115188075855872
Q 130 214 -5332501364381873 2305843009213693952
Q 130 216 1209338099418511 1152921504606846976
Q 130 218 -8374477332057955 18446744073709551616
Q 130 220 1733516273363349 9223372036854775808
Q 130 222 -2751861839377511 36893488147419103232
Q 130 224 8390940187219377 295147905179352825856
Q 130 226 -769175816505507 73786976294838206464
Q 130 228 8695242356546265 2361183241434822606848
Q 130 230 -740876147875277 590295810358705651712
Q 130 232 7804951809720735 18889465931478580854784
Q 130 234 -4969496150161611 37778931862957161709568
Q 130 236 6125885910239333 151115727451828646838272
Q 130 238 -3658407317024439 302231454903657293676544
Q 130 240 2118817396551731 604462909807314587353088
Q 130 242 -2382089796861953 2417851639229258349412352
Q 130 244 650319478543739 2417851639229258349412352
Q 130 246 -172571372404065 2417851639229258349412352
Q 130 248 5701382590678265 309485009821345068724781056
Q 130 250 -5728000139318161 1237940039285380274899124224
Q 130 252 5588198893828323 4951760157141521099596496896
Q 130 254 -2524347261402395 9903520314283042199192993792
Q 131 1 -4793711839342741 576460752303423488
Q 131 3 -7630139957321343 576460752303423488
Q 131 5 -5135948017134969 288230376151711744
Q 131 7 -6610285069787461 288230376151711744
Q 131 9 -8372926829664293 288230376151711744
Q 131 11 -41134740550429 1125899906842624
Q 131 13 -3294624109636983 72057594037927936
Q 131 15 -4100549830710593 72057594037927936
Q 131 17 -5067333599005771 72057594037927936
Q 131 19 -1551014368369755 18014398509481984
Q 131 21 -3753459480981945 36028797018963968
Q 131 23 -8952788950803979 72057594037927936
Q 131 25 -5245912288970867 36028797018963968
Q 131 27 -6020056616287777 36028797018963968
Q 131 29 -6737007955282939 36028797018963968
Q 131 31 -7314331336791637 36028797018963968
Q 131 33 -239120928396481 1125899906842624
Q 131 35 -7639984478665975 36028797018963968
Q 131 37 -7174537788425861 36028797018963968
Q 131 39 -772375954073461 4503599627370496
Q 131 41 -4632224643994985 36028797018963968
Q 131 43 -5194832637572235 72057594037927936
Q 131 45 -3918849895300353 576460752303423488
Q 131 47 8567549396689279 144115188075855872
Q 131 49 2094500521681559 18014398509481984
Q 131 51 5490598658720575 36028797018963968
Q 131 53 2852143090400937 18014398509481984
Q 131 55 4668085690519309 36028797018963968
Q 131 57 5014778323320683 72057594037927936
Q 131 59 -1255724964877911 144115188075855872
Q 131 61 -6090430316292287 72057594037927936
Q 131 63 -2414682581030601 18014398509481984
Q 131 65 -1247700817614309 9007199254740992
Q 131 67 -3346591235991673 36028797018963968
Q 131 69 -3220951170471159 288230376151711744
Q 131 71 338594837721981 4503599627370496
Q 131 73 4617571264739023 36028797018963968
Q 131 75 4342523394198735 36028797018963968
Q 131 77 3768656495076317 72057594037927936
Q 131 79 -394709190548087 9007199254740992
Q 131 81 -8300818026021779 72057594037927936
Q 131 83 -8489118080647305 72057594037927936
Q 131 85 -3330086770220111 72057594037927936
Q 131 87 2019561545297465 36028797018963968
Q 131 89 536741238135119 4503599627370496
Q 131 91 1708954035604477 18014398509481984
Q 131 93 -5727576320536469 2305843009213693952
Q 131 95 -3524689182081941 36028797018963968
Q 131 97 -7965380540198017 72057594037927936
Q 131 99 -922919712239887 36028797018963968
Q 131 101 5976792027550949 72057594037927936
Q 131 103 4022317395049615 36028797018963968
Q 131 105 8147387029133843 288230376151711744
Q 131 107 -3050387258193583 36028797018963968
Q 131 109 -7599257135644113 72057594037927936
Q 131 111 -3984752395881571 576460752303423488
Q 131 113 7188753102940267 72057594037927936
Q 131 115 3049654133145995 36028797018963968
Q 131 117 -1357865740787871 36028797018963968
Q 131 119 -1991097857112405 18014398509481984
Q 131 121 -2376468866766511 72057594037927936
Q 131 123 6559490613863807 72057594037927936
Q 131 125 370804128073809 4503599627370496
Q 131 127 -1819141456306951 36028797018963968
Q 131 129 -7540188466296123 72057594037927936
Q 131 131 1389467403852815 144115188075855872
Q 131 133 971892400421853 9007199254740992
Q 131 135 6090481177152775 288230376151711744
Q 131 137 -7422828069081033 72057594037927936
Q 131 139 -5669781587075673 144115188075855872
Q 131 141 3539351816048689 36028797018963968
Q 131 143 6592724475135187 144115188075855872
Q 131 145 -7051699678165237 72057594037927936
Q 131 147 -736639372021973 18014398509481984
Q 131 149 7370532956999893 72057594037927936
Q 131 151 6844928885364787 288230376151711744
Q 131 153 -3880178755803963 36028797018963968
Q 131 155 8479466319083837 1152921504606846976
Q 131 157 3787276649344575 36028797018963968
Q 131 159 -3659763803537419 72057594037927936
Q 131 161 -728789939146135 9007199254740992
Q 131 163 3406391686079589 36028797018963968
Q 131 165 6812656985502965 288230376151711744
Q 131 167 -7956621543427253 72057594037927936
Q 131 169 1042591752515335 18014398509481984
Q 131 171 2298501682642639 36028797018963968
Q 131 173 -4093597461104907 36028797018963968
Q 131 175 3121815304016235 72057594037927936
Q 131 177 5026074500769149 72057594037927936
Q 131 179 -2141502648026513 18014398509481984
Q 131 181 4864150558208559 72057594037927936
Q 131 183 5197453042594569 144115188075855872
Q 131 185 -8241945281050635 72057594037927936
Q 131 187 8722306117943835 72057594037927936
Q 131 189 -1097395686063953 18014398509481984
Q 131 191 -4068798765097629 144115188075855872
Q 131 193 1911046596031661 18014398509481984
Q 131 195 -5391629156253875 36028797018963968
Q 131 197 5637975609599151 36028797018963968
Q 131 199 -2471908505762967 18014398509481984
Q 131 201 7634973192295943 72057594037927936
Q 131 203 -2663604819059475 36028797018963968
Q 131 205 3412500144215701 72057594037927936
Q 131 207 -2028713798586271 72057594037927936
Q 131 209 282032335972697 18014398509481984
Q 131 211 -4722638308612615 576460752303423488
Q 131 213 292074551451105 72057594037927936
Q 131 215 -4389237894113247 2305843009213693952
Q 131 217 1962835421891041 2305843009213693952
Q 131 219 -1676289354806519 4611686018427387904
Q 131 221 2740380868585663 18446744073709551616
Q 131 223 -8593414462557589 147573952589676412928
Q 131 225 6473127512651951 295147905179352825856
Q 131 227 -293292072490409 36893488147419103232
Q 131 229 3278811176341763 1180591620717411303424
Q 131 231 -8843701287598937 9444732965739290427392
Q 131 233 5762001084270323 18889465931478580854784
Q 131 235 -7262730552801981 75557863725914323419136
Q 131 237 8863825478784227 302231454903657293676544
Q 131 239 -2621084153837709 302231454903657293676544
Q 131 241 751819528736583 302231454903657293676544
Q 131 243 -837389323708885 1208925819614629174706176
Q 131 245 7248990603643603 38685626227668133590597632
Q 131 247 -7625848592768251 154742504910672534362390528
Q 131 249 975531122372855 77371252455336267181195264
Q 131 251 -7773331583532823 2475880078570760549798248448
Q 131 253 7520238695603609 9903520314283042199192993792
Q 131 255 -6743509086044583 39614081257132168796771975168
Q 132 0 5425855740601651 2305843009213693952
Q 132 2 6261920266306107 1152921504606846976
Q 132 4 4513223038370015 576460752303423488
Q 132 6 6036252895947019 576460752303423488
Q 132 8 7905518997887069 576460752303423488
Q 132 10 5143053891566359 288230376151711744
Q 132 12 1667934887898835 72057594037927936
Q 132 14 8626907543425577 288230376151711744
Q 132 16 5550687455111559 144115188075855872
Q 132 18 7093731486581945 144115188075855872
Q 132 20 8983341962843089 144115188075855872
Q 132 22 2811674847140815 36028797018963968
Q 132 24 108483206101667 1125899906842624
Q 132 26 2107850033721125 18014398509481984
Q 132 28 5020524927545059 36028797018963968
Q 132 30 5843258651937915 36028797018963968
Q 132 32 6618809762266617 36028797018963968
Q 132 34 7258378506548907 36028797018963968
Q 132 36 7652346158516123 36028797018963968
Q 132 38 7679412275011957 36028797018963968
Q 132 40 7223677590817445 36028797018963968
Q 132 42 387508318644633 2251799813685248
Q 132 44 4586659401258865 36028797018963968
Q 132 46 4914374108866385 72057594037927936
Q 132 48 851986549261119 4611686018427387904
Q 132 50 -2444892132532087 36028797018963968
Q 132 52 -8964685421276337 72057594037927936
Q 132 54 -2834192310405461 18014398509481984
Q 132 56 -707071268186401 4503599627370496
Q 132 58 -540493526323729 4503599627370496
Q 132 60 -3764642725237945 72057594037927936
Q 132 62 8694827880067407 288230376151711744
Q 132 64 7449445767920963 72057594037927936
Q 132 66 5132605069236645 36028797018963968
Q 132 68 1177794366391767 9007199254740992
Q 132 70 4966992284438407 72057594037927936
Q 132 72 -3061471985448295 144115188075855872
Q 132 74 -1838825923638699 18014398509481984
Q 132 76 -4864522647176137 36028797018963968
Q 132 78 -905569302849731 9007199254740992
Q 132 80 -7343549216246363 576460752303423488
Q 132 82 5924689403151199 72057594037927936
Q 132 84 1155468385484663 9007199254740992
Q 132 86 6756605049109659 72057594037927936
Q 132 88 -822191547087215 288230376151711744
Q 132 90 -3512190157649373 36028797018963968
Q 132 92 -8693620005408661 72057594037927936
Q 132 94 -7342786801262097 144115188075855872
Q 132 96 8627995536689515 144115188075855872
Q 132 98 540801426729099 4503599627370496
Q 132 100 5340094337885707 72057594037927936
Q 132 102 -5814628453278895 144115188075855872
Q 132 104 -8350112626816689 72057594037927936
Q 132 106 -5392094235656063 72057594037927936
Q 132 108 3218293757860683 72057594037927936
Q 132 110 4158336874777459 36028797018963968
Q 132 112 993777343759511 18014398509481984
Q 132 114 -5055735508761633 72057594037927936
Q 132 116 -1973255329511275 18014398509481984
Q 132 118 -2785079504970263 288230376151711744
Q 132 120 3709172523162763 36028797018963968
Q 132 122 5399137356130695 72057594037927936
Q 132 124 -532243322093307 9007199254740992
Q 132 126 -3840604770291835 36028797018963968
Q 132 128 4213952515447785 576460752303423488
Q 132 130 3955110043721531 36028797018963968
Q 132 132 5005126966249679 144115188075855872
Q 132 134 -7083469024094843 72057594037927936
Q 132 136 -4464435650855579 72057594037927936
Q 132 138 6088945698054735 72057594037927936
Q 132 140 5485967130244567 72057594037927936
Q 132 142 -5474687328859521 72057594037927936
Q 132 144 -5789107135250867 72057594037927936
Q 132 146 2743214071055005 36028797018963968
Q 132 148 2729340426811793 36028797018963968
Q 132 150 -6137242085615501 72057594037927936
Q 132 152 -8719937950310491 144115188075855872
Q 132 154 3590995913066889 36028797018963968
Q 132 156 4396069747760983 144115188075855872
Q 132 158 -3990182628443875 36028797018963968
Q 132 160 2406704767284033 144115188075855872
Q 132 162 7390702180620333 72057594037927936
Q 132 164 -1325591540512705 18014398509481984
Q 132 166 -8206296871537877 144115188075855872
Q 132 168 2029503120752665 18014398509481984
Q 132 170 -4022917446581761 144115188075855872
Q 132 172 -6466578204296133 72057594037927936
Q 132 174 7764212868432459 72057594037927936
Q 132 176 -3917590674464503 288230376151711744
Q 132 178 -6756206707875385 72057594037927936
Q 132 180 8412650822569849 72057594037927936
Q 132 182 -1551752790453501 36028797018963968
Q 132 184 -4549999298668961 72057594037927936
Q 132 186 4550222966751817 36028797018963968
Q 132 188 -1014964574194597 9007199254740992
Q 132 190 5625726956446309 144115188075855872
Q 132 192 3779449423821681 72057594037927936
Q 132 194 -1116760604590165 9007199254740992
Q 132 196 5690872670546167 36028797018963968
Q 132 198 -5635425012914361 36028797018963968
Q 132 200 297397452182829 2251799813685248
Q 132 202 -7134523777809603 72057594037927936
Q 132 204 4856519680668629 72057594037927936
Q 132 206 -6089514282333653 144115188075855872
Q 132 208 7102314754560613 288230376151711744
Q 132 210 -7761483542779245 576460752303423488
Q 132 212 3996063620283897 576460752303423488
Q 132 214 -3894716408038305 1152921504606846976
Q 132 216 901544152800505 576460752303423488
Q 132 218 -6363823189625233 9223372036854775808
Q 132 220 2682524053683097 9223372036854775808
Q 132 222 -4331451837809597 36893488147419103232
Q 132 224 6711112282010047 147573952589676412928
Q 132 226 -4997623500183689 295147905179352825856
Q 132 228 1791534201998683 295147905179352825856
Q 132 230 -619191504740469 295147905179352825856
Q 132 232 6611056884328251 9444732965739290427392
Q 132 234 -4263841358639755 18889465931478580854784
Q 132 236 5321461400020781 75557863725914323419136
Q 132 238 -6432192159871607 302231454903657293676544
Q 132 240 1884175749883215 302231454903657293676544
Q 132 242 -8567727479367051 4835703278458516698824704
Q 132 244 4728506714994269 9671406556917033397649408
Q 132 246 -5071494476441083 38685626227668133590597632
Q 132 248 1322227861675533 38685626227668133590597632
Q 132 250 -1341409884076755 154742504910672534362390528
Q 132 252 2641960562523953 1237940039285380274899124224
Q 132 254 -2406688194809003 4951760157141521099596496896
Q 133 1 4558133016094787 2305843009213693952
Q 133 3 7419950242660197 2305843009213693952
Q 133 5 2593335935028875 576460752303423488
Q 133 7 219204426094265 36028797018963968
Q 133 9 4706850915274703 576460752303423488
Q 133 11 3153257927387521 288230376151711744
Q 133 13 2109630301868273 144115188075855872
Q 133 15 1407311924967937 72057594037927936
Q 133 17 7473105423996587 288230376151711744
Q 133 19 1231304166337047 36028797018963968
Q 133 21 3216099453992621 72057594037927936
Q 133 23 2076299357967091 36028797018963968
Q 133 25 661188628957755 9007199254740992
Q 133 27 3315663944630451 36028797018963968
Q 133 29 8161195213110725 72057594037927936
Q 133 31 2457723232207407 18014398509481984
Q 133 33 5775251758907329 36028797018963968
Q 133 35 6589985876687999 36028797018963968
Q 133 37 3631501140560781 18014398509481984
Q 133 39 479649750266393 2251799813685248
Q 133 41 7691709508120847 36028797018963968
Q 133 43 7189918369142613 36028797018963968
Q 133 45 3040519265393673 18014398509481984
Q 133 47 1087683602737671 9007199254740992
Q 133 49 2095073312381381 36028797018963968
Q 133 51 -7266406017120407 576460752303423488
Q 133 53 -5861203426905829 72057594037927936
Q 133 55 -1218973564055037 9007199254740992
Q 133 57 -2915633034496555 18014398509481984
Q 133 59 -5471092084219111 36028797018963968
Q 133 61 -7497421452595183 72057594037927936
Q 133 63 -4009239106185861 144115188075855872
Q 133 65 8171750180556029 144115188075855872
Q 133 67 8852847145748763 72057594037927936
Q 133 69 5258377683553401 36028797018963968
Q 133 71 4103167724192729 36028797018963968
Q 133 73 5126745428782039 144115188075855872
Q 133 75 -4194882445290277 72057594037927936
Q 133 77 -4501534134779157 36028797018963968
Q 133 79 -2337643836209281 18014398509481984
Q 133 81 -2385844249092069 36028797018963968
Q 133 83 1237402046242973 36028797018963968
Q 133 85 8256127372936895 72057594037927936
Q 133 87 8870505613336709 72057594037927936
Q 133 89 7253138765532085 144115188075855872
Q 133 91 -8281630149850859 144115188075855872
Q 133 93 -4438535803649245 36028797018963968
Q 133 95 -6786780310130375 72057594037927936
Q 133 97 3116480279008937 288230376151711744
Q 133 99 960795045587391 9007199254740992
Q 133 101 974093461625487 9007199254740992
Q 133 103 5527257617458553 576460752303423488
Q 133 105 -3539173883267629 36028797018963968
Q 133 107 -7714160899564355 72057594037927936
Q 133 109 -7909329871685515 2305843009213693952
Q 133 111 3745089379548345 36028797018963968
Q 133 113 209496736744893 2251799813685248
Q 133 115 -251613470872901 9007199254740992
Q 133 117 -4128158962946151 36028797018963968
Q 133 119 -3969900755559207 72057594037927936
Q 133 121 2783880389439873 36028797018963968
Q 133 123 7472241074073967 72057594037927936
Q 133 125 -4934226896126049 288230376151711744
Q 133 127 -4063164971584855 36028797018963968
Q 133 129 -5328396135642543 144115188075855872
Q 133 131 3492699231656207 36028797018963968
Q 133 133 5291051201062885 72057594037927936
Q 133 135 -5276123448497761 72057594037927936
Q 133 137 -6711662248632293 72057594037927936
Q 133 139 3835440294030691 72057594037927936
Q 133 141 7322479832996673 72057594037927936
Q 133 143 -6161617563957641 144115188075855872
Q 133 145 -7464379487420351 72057594037927936
Q 133 147 6336886653030713 144115188075855872
Q 133 149 7241516885493871 72057594037927936
Q 133 151 -4107941942780543 72057594037927936
Q 133 153 -6461270883666729 72057594037927936
Q 133 155 5729304299554805 72057594037927936
Q 133 157 4669523000487143 72057594037927936
Q 133 159 -7481932641207339 72057594037927936
Q 133 161 -21671246692785 1125899906842624
Q 133 163 8179479710727673 72057594037927936
Q 133 165 -1629206749085525 36028797018963968
Q 133 167 -6114529444689675 72057594037927936
Q 133 169 7540592841551417 72057594037927936
Q 133 171 5206557259861347 1152921504606846976
Q 133 173 -1953153277362415 18014398509481984
Q 133 175 6744426293114807 72057594037927936
Q 133 177 4954610205637491 288230376151711744
Q 133 179 -4019610627989021 36028797018963968
Q 133 181 7738936129368437 72057594037927936
Q 133 183 -1161776584774869 72057594037927936
Q 133 185 -3136432783277273 36028797018963968
Q 133 187 596286205973985 4503599627370496
Q 133 189 -7182413279590807 72057594037927936
Q 133 191 4521910022354961 288230376151711744
Q 133 193 2708349525435047 36028797018963968
Q 133 195 -1251001266148379 9007199254740992
Q 133 197 2941059631300865 18014398509481984
Q 133 199 -5556269915841421 36028797018963968
Q 133 201 4534317294645763 36028797018963968
Q 133 203 -6615888054083221 72057594037927936
Q 133 205 8801521987344643 144115188075855872
Q 133 207 -5407347830800743 144115188075855872
Q 133 209 6192698800187137 288230376151711744
Q 133 211 -6655327781449683 576460752303423488
Q 133 213 210865647356963 36028797018963968
Q 133 215 -6481750510759993 2305843009213693952
Q 133 217 5919815650602713 4611686018427387904
Q 133 219 -1288935042684765 2305843009213693952
Q 133 221 8585647538602617 36893488147419103232
Q 133 223 -6849374944841163 73786976294838206464
Q 133 225 5245594267257561 147573952589676412928
Q 133 227 -3863218847514021 295147905179352825856
Q 133 229 2740193270385187 590295810358705651712
Q 133 231 -937261870993545 590295810358705651712
Q 133 233 2476585990987669 4722366482869645213696
Q 133 235 -6326532840330635 37778931862957161709568
Q 133 237 7820311218728723 151115727451828646838272
Q 133 239 -2341091800981073 151115727451828646838272
Q 133 241 5436104757585571 1208925819614629174706176
Q 133 243 -6124538331476997 4835703278458516698824704
Q 133 245 6701031784699581 19342813113834066795298816
Q 133 247 -890670893021131 9671406556917033397649408
Q 133 249 7368188133241259 309485009821345068724781056
Q 133 251 -7413233216347975 1237940039285380274899124224
Q 133 253 1810393823329821 1237940039285380274899124224
Q 133 255 -6549336922963451 19807040628566084398385987584
Q 134 0 4846757945136407 9223372036854775808
Q 134 2 5673235318163807 4611686018427387904
Q 134 4 8435652946590895 4611686018427387904
Q 134 6 5895713752809981 2305843009213693952
Q 134 8 8142575570642079 2305843009213693952
Q 134 10 5617448366820781 1152921504606846976
Q 134 12 7753187073123853 1152921504606846976
Q 134 14 5218842370241 562949953421312
Q 134 16 7342610264803545 576460752303423488
Q 134 18 5016647809193439 288230376151711744
Q 134 20 6803615574613927 288230376151711744
Q 134 22 1142525546593511 36028797018963968
Q 134 24 3035081693141131 72057594037927936
Q 134 26 7955740614536861 144115188075855872
Q 134 28 5133699626959907 72057594037927936
Q 134 30 3254505018434351 36028797018963968
Q 134 32 4043415145657759 36028797018963968
Q 134 34 4907706806741231 36028797018963968
Q 134 36 362391468459835 2251799813685248
Q 134 38 1659511465667527 9007199254740992
Q 134 40 1830161004147241 9007199254740992
Q 134 42 3857356880559979 18014398509481984
Q 134 44 3838550045158027 18014398509481984
Q 134 46 7076706283463627 36028797018963968
Q 134 48 5829053975496217 36028797018963968
Q 134 50 7875448553053497 72057594037927936
Q 134 52 6134914186041165 144115188075855872
Q 134 54 -4406031798238377 144115188075855872
Q 134 56 -7094310857499571 72057594037927936
Q 134 58 -5303574648949509 36028797018963968
Q 134 60 -738450875375583 4503599627370496
Q 134 62 -5087513150426241 36028797018963968
Q 134 64 -5831844186332351 72057594037927936
Q 134 66 6675636816936265 2305843009213693952
Q 134 68 1545728990894501 18014398509481984
Q 134 70 5014523357242429 36028797018963968
Q 134 72 1268057132538515 9007199254740992
Q 134 74 6196187728229503 72057594037927936
Q 134 76 -3330173150640841 576460752303423488
Q 134 78 -854649211302785 9007199254740992
Q 134 80 -4950012353151955 36028797018963968
Q 134 82 -3892850508029745 36028797018963968
Q 134 84 -336532971674457 18014398509481984
Q 134 86 735778083477827 9007199254740992
Q 134 88 2362687807623049 18014398509481984
Q 134 90 6795585776485219 72057594037927936
Q 134 92 -575114505119939 72057594037927936
Q 134 94 -7525699774816237 72057594037927936
Q 134 96 -8697304832063603 72057594037927936
Q 134 98 -714512722211211 18014398509481984
Q 134 100 1349130757100911 18014398509481984
Q 134 102 4437895799407453 36028797018963968
Q 134 104 8281336157271429 144115188075855872
Q 134 106 -4597986233566535 72057594037927936
Q 134 108 -8696930810479125 72057594037927936
Q 134 110 -7292152936128183 144115188075855872
Q 134 112 5400405234383043 72057594037927936
Q 134 114 4143956253652861 36028797018963968
Q 134 116 5388352275324667 288230376151711744
Q 134 118 -7253435300211697 72057594037927936
Q 134 120 -6576396839868575 72057594037927936
Q 134 122 2826573141216979 72057594037927936
Q 134 124 8341727972484741 72057594037927936
Q 134 126 3942325318332093 144115188075855872
Q 134 128 -7306967970091319 72057594037927936
Q 134 130 -1358580987238703 18014398509481984
Q 134 132 626605518032499 9007199254740992
Q 134 134 3643428501445573 36028797018963968
Q 134 136 -2709044169536795 72057594037927936
Q 134 138 -3998260783735141 36028797018963968
Q 134 140 4216284209619399 288230376151711744
Q 134 142 8155861271123811 72057594037927936
Q 134 144 -565629543148737 144115188075855872
Q 134 146 -8166375095357895 72057594037927936
Q 134 148 7273196148823297 1152921504606846976
Q 134 150 8129997381380605 72057594037927936
Q 134 152 -6365572037433687 288230376151711744
Q 134 154 -1952759633779561 18014398509481984
Q 134 156 7273080317175383 144115188075855872
Q 134 158 3316352289902005 36028797018963968
Q 134 160 -6203567668059461 72057594037927936
Q 134 162 -239749076311953 4503599627370496
Q 134 164 4090363278718177 36028797018963968
Q 134 166 -7324524534965771 576460752303423488
Q 134 168 -7588337457970363 72057594037927936
Q 134 170 3166898713207451 36028797018963968
Q 134 172 5272898036322405 144115188075855872
Q 134 174 -2143971420756137 18014398509481984
Q 134 176 5251808563902439 72057594037927936
Q 134 178 844125933831875 18014398509481984
Q 134 180 -4417168640604969 36028797018963968
Q 134 182 6631176688163119 72057594037927936
Q 134 184 6728120234303609 576460752303423488
Q 134 186 -7706680308779991 72057594037927936
Q 134 188 4793116647668547 36028797018963968
Q 134 190 -5982590531796337 72057594037927936
Q 134 192 -1179073992377807 144115188075855872
Q 134 194 3457151492418779 36028797018963968
Q 134 196 -5436538319181729 36028797018963968
Q 134 198 1495185058581963 9007199254740992
Q 134 200 -5418569150456313 36028797018963968
Q 134 202 2143209803139781 18014398509481984
Q 134 204 -6097730876946015 72057594037927936
Q 134 206 3969029354175877 72057594037927936
Q 134 208 -2392057244272415 72057594037927936
Q 134 210 673070705886739 36028797018963968
Q 134 212 -1423772046064289 144115188075855872
Q 134 214 2844448985399053 576460752303423488
Q 134 216 -168402264173059 72057594037927936
Q 134 218 2428529981759539 2305843009213693952
Q 134 220 -8354544972021267 18446744073709551616
Q 134 222 6873051893731897 36893488147419103232
Q 134 224 -1355033505537477 18446744073709551616
Q 134 226 8210117351271185 295147905179352825856
Q 134 228 -2990903683417811 295147905179352825856
Q 134 230 2099465848713061 590295810358705651712
Q 134 232 -2843511596774011 2361183241434822606848
Q 134 234 1860003953312537 4722366482869645213696
Q 134 236 -2353056132777717 18889465931478580854784
Q 134 238 5763116463367953 151115727451828646838272
Q 134 240 -1709549532025441 151115727451828646838272
Q 134 242 7868595071713117 2417851639229258349412352
Q 134 244 -4393889446655075 4835703278458516698824704
Q 134 246 4766377265063505 19342813113834066795298816
Q 134 248 -5025621198366267 77371252455336267181195264
Q 134 250 1288263319078825 77371252455336267181195264
Q 134 252 -2563322064079225 618970019642690137449562112
Q 134 254 4712227036609885 4951760157141521099596496896
Q 135 1 974370106604573 2305843009213693952
Q 135 3 6494735427031903 9223372036854775808
Q 135 5 4717071243377559 4611686018427387904
Q 135 7 1674080590058977 1152921504606846976
Q 135 9 1186368985979963 576460752303423488
Q 135 11 842192736185687 288230376151711744
Q 135 13 1196263076854271 288230376151711744
Q 135 15 106007666990847 18014398509481984
Q 135 17 2395145777158255 288230376151711744
Q 135 19 3361797407482019 288230376151711744
Q 135 21 4681391106988663 288230376151711744
Q 135 23 3228153589255887 144115188075855872
Q 135 25 4401697605046909 144115188075855872
Q 135 27 5923420269755287 144115188075855872
Q 135 29 1963052112784673 36028797018963968
Q 135 31 5116243662225365 72057594037927936
Q 135 33 3269440729077471 36028797018963968
Q 135 35 8174443098053163 72057594037927936
Q 135 37 4982098402721181 36028797018963968
Q 135 39 2949316545954743 18014398509481984
Q 135 41 6750395349418645 36028797018963968
Q 135 43 3709546386573305 18014398509481984
Q 135 45 3880431413925729 18014398509481984
Q 135 47 7622862776396829 36028797018963968
Q 135 49 6872148445141201 36028797018963968
Q 135 51 5435986568005611 36028797018963968
Q 135 53 1673993357791419 18014398509481984
Q 135 55 6306444163494919 288230376151711744
Q 135 57 -7598451083066073 144115188075855872
Q 135 59 -1058918882382247 9007199254740992
Q 135 61 -711017300126519 4503599627370496
Q 135 63 -5816449642781185 36028797018963968
Q 135 65 -8890842470962477 72057594037927936
Q 135 67 -3627685387682471 72057594037927936
Q 135 69 5521203640199929 144115188075855872
Q 135 71 8217112954618541 72057594037927936
Q 135 73 2667116081373917 18014398509481984
Q 135 75 278402065258217 2251799813685248
Q 135 77 3367445265389979 72057594037927936
Q 135 79 -1853241204781425 36028797018963968
Q 135 81 -8977284653389673 72057594037927936
Q 135 83 -1198975747198551 9007199254740992
Q 135 85 -307177646804121 4503599627370496
Q 135 87 5279149152909555 144115188075855872
Q 135 89 8557323921698611 72057594037927936
Q 135 91 8866200314502273 72057594037927936
Q 135 93 6085673394171947 144115188075855872
Q 135 95 -4997658034362567 72057594037927936
Q 135 97 -4603897803052367 36028797018963968
Q 135 99 -750675959420793 9007199254740992
Q 135 101 4536179379199285 144115188075855872
Q 135 103 8535199259084559 72057594037927936
Q 135 105 6902003006870709 72057594037927936
Q 135 107 -2816546376142505 144115188075855872
Q 135 109 -1037023562864423 9007199254740992
Q 135 111 -3222431219786293 36028797018963968
Q 135 113 4960716978061361 144115188075855872
Q 135 115 8571530335227615 72057594037927936
Q 135 117 1119082894475565 18014398509481984
Q 135 119 -2573555339950957 36028797018963968
Q 135 121 -4084974746877299 36028797018963968
Q 135 123 -2575576501473387 576460752303423488
Q 135 125 1992553338886635 18014398509481984
Q 135 127 2434939901280173 36028797018963968
Q 135 129 -679723887457053 9007199254740992
Q 135 131 -7418140424718689 72057594037927936
Q 135 133 73397398784323 2251799813685248
Q 135 135 4135861496229411 36028797018963968
Q 135 137 3398690461869637 1152921504606846976
Q 135 139 -8217553798609511 72057594037927936
Q 135 141 -1852877028573961 72057594037927936
Q 135 143 7951798384287121 72057594037927936
Q 135 145 635040900100767 18014398509481984
Q 135 147 -3939534390039017 36028797018963968
Q 135 149 -2304061668507601 72057594037927936
Q 135 151 8084972591751957 72057594037927936
Q 135 153 8758773965061033 576460752303423488
Q 135 155 -8315508154294957 72057594037927936
Q 135 157 4679894688239673 288230376151711744
Q 135 159 7923615906306141 72057594037927936
Q 135 161 -8652834721203899 144115188075855872
Q 135 163 -5922398981915297 72057594037927936
Q 135 165 7450821409028295 72057594037927936
Q 135 167 1501410128408091 72057594037927936
Q 135 169 -4220843195589787 36028797018963968
Q 135 171 1159671659223761 18014398509481984
Q 135 173 4751364727938261 72057594037927936
Q 135 175 -4373246328709027 36028797018963968
Q 135 177 6841872995014811 144115188075855872
Q 135 179 5308620128529301 72057594037927936
Q 135 181 -2283718164099335 18014398509481984
Q 135 183 5183234503879023 72057594037927936
Q 135 185 5606597897564165 144115188075855872
Q 135 187 -8814484103972059 72057594037927936
Q 135 189 1159010418214507 9007199254740992
Q 135 191 -4586893740712599 72057594037927936
Q 135 193 -2292912357264755 72057594037927936
Q 135 195 2063055041289025 18014398509481984
Q 135 197 -2885164664371927 18014398509481984
Q 135 199 750062394519511 4503599627370496
Q 135 201 -1309162883846005 9007199254740992
Q 135 203 8050597836304251 72057594037927936
Q 135 205 -2796006198191579 36028797018963968
Q 135 207 3565928112423043 72057594037927936
Q 135 209 -8440744696703247 288230376151711744
Q 135 211 2335881154046281 144115188075855872
Q 135 213 -4865949787035689 576460752303423488
Q 135 215 4791555898513241 1152921504606846976
Q 135 217 -8956152631090373 4611686018427387904
Q 135 219 3984893570257439 4611686018427387904
Q 135 221 -6771344982427237 18446744073709551616
Q 135 223 5505978049127611 36893488147419103232
Q 135 225 -4293616535198113 73786976294838206464
Q 135 227 6433744429249231 295147905179352825856
Q 135 229 -289922652762397 36893488147419103232
Q 135 231 6446621864967575 2361183241434822606848
Q 135 233 -4322821484817847 4722366482869645213696
Q 135 235 5601303136104419 18889465931478580854784
Q 135 237 -1755030979644609 18889465931478580854784
Q 135 239 8518697353456971 302231454903657293676544
Q 135 241 -156530701533211 18889465931478580854784
Q 135 243 5713594302496109 2417851639229258349412352
Q 135 245 -1581657329544651 2417851639229258349412352
Q 135 247 6805569097064049 38685626227668133590597632
Q 135 249 -3558411031798567 77371252455336267181195264
Q 135 251 3619246915767491 309485009821345068724781056
Q 135 253 -3572496968324841 1237940039285380274899124224
Q 135 255 3260819960230139 4951760157141521099596496896
Q 136 0 -3950901369173315 36893488147419103232
Q 136 2 -2346635809370493 9223372036854775808
Q 136 4 -7203037026811955 18446744073709551616
Q 136 6 -5258759359155297 9223372036854775808
Q 136 8 -7641126562564811 9223372036854775808
Q 136 10 -5566588026612145 4611686018427387904
Q 136 12 -8127325012717203 4611686018427387904
Q 136 14 -46337712567865 18014398509481984
Q 136 16 -8633802715320265 2305843009213693952
Q 136 18 -6253949535199821 1152921504606846976
Q 136 20 -4500312120621719 576460752303423488
Q 136 22 -6423647876393443 576460752303423488
Q 136 24 -1134931879635713 72057594037927936
Q 136 26 -1586012449510655 72057594037927936
Q 136 28 -8751009310468511 288230376151711744
Q 136 30 -2973680055154677 72057594037927936
Q 136 32 -7950701613786799 144115188075855872
Q 136 34 -2607935590275771 36028797018963968
Q 136 36 -6700453991393999 72057594037927936
Q 136 38 -8404037174975111 72057594037927936
Q 136 40 -1282112236561133 9007199254740992
Q 136 42 -6065287551481353 36028797018963968
Q 136 44 -6914101904345635 36028797018963968
Q 136 46 -3771307133327401 18014398509481984
Q 136 48 -7793852854324725 36028797018963968
Q 136 50 -938433370265171 4503599627370496
Q 136 52 -1638704431069403 9007199254740992
Q 136 54 -4885615995503969 36028797018963968
Q 136 56 -2577909282754705 36028797018963968
Q 136 58 3964174520272215 1152921504606846976
Q 136 60 5607800547243457 72057594037927936
Q 136 62 2462105285916309 18014398509481984
Q 136 64 5940498974735475 36028797018963968
Q 136 66 5474112171259859 36028797018963968
Q 136 68 6996217989280793 72057594037927936
Q 136 70 7408201520968697 576460752303423488
Q 136 72 -2725140108242251 36028797018963968
Q 136 74 -4934605149231053 36028797018963968
Q 136 76 -5226855427859303 36028797018963968
Q 136 78 -6661078380825139 72057594037927936
Q 136 80 8134061109447031 4611686018427387904
Q 136 82 6854084891456675 72057594037927936
Q 136 84 5028732310205813 36028797018963968
Q 136 86 7754551720534441 72057594037927936
Q 136 88 3763962785245233 288230376151711744
Q 136 90 -6452861642851969 72057594037927936
Q 136 92 -4818228879825919 36028797018963968
Q 136 94 -1544991221122015 18014398509481984
Q 136 96 3531989790818031 144115188075855872
Q 136 98 1045199522587169 9007199254740992
Q 136 100 2059362090238379 18014398509481984
Q 136 102 4661998636612867 288230376151711744
Q 136 104 -6936800313031133 72057594037927936
Q 136 106 -8619562554946487 72057594037927936
Q 136 108 -490445632832957 18014398509481984
Q 136 110 6678631561283041 72057594037927936
Q 136 112 8276949096511131 72057594037927936
Q 136 114 1557469928991363 144115188075855872
Q 136 116 -951335228316431 9007199254740992
Q 136 118 -6938716108805621 72057594037927936
Q 136 120 1160343763222143 36028797018963968
Q 136 122 4298531404676251 36028797018963968
Q 136 124 3404898610437809 72057594037927936
Q 136 126 -6497621670624231 72057594037927936
Q 136 128 -7085138367268307 72057594037927936
Q 136 130 5691892967680105 144115188075855872
Q 136 132 8404526929513671 72057594037927936
Q 136 134 2433366668849311 288230376151711744
Q 136 136 -4093492131255877 36028797018963968
Q 136 138 -3092328814691849 72057594037927936
Q 136 140 7418826841619841 72057594037927936
Q 136 142 2260634858960601 36028797018963968
Q 136 144 -425242824098275 4503599627370496
Q 136 146 -2528071837820117 36028797018963968
Q 136 148 6700670513523163 72057594037927936
Q 136 150 2398801370819949 36028797018963968
Q 136 152 -3586338305334303 36028797018963968
Q 136 154 -7314553250078755 144115188075855872
Q 136 156 1994668203609937 18014398509481984
Q 136 158 350666267683337 18014398509481984
Q 136 160 -8463406176272223 72057594037927936
Q 136 162 1031032645269123 36028797018963968
Q 136 164 1871509245758615 18014398509481984
Q 136 166 -6099853539700611 72057594037927936
Q 136 168 -3792120006625853 72057594037927936
Q 136 170 135161507087823 1125899906842624
Q 136 172 -5224713578629669 144115188075855872
Q 136 174 -6537013570600967 72057594037927936
Q 136 176 2088571114172589 18014398509481984
Q 136 178 -1387615939941331 72057594037927936
Q 136 180 -867439274143745 9007199254740992
Q 136 182 8961189546604719 72057594037927936
Q 136 184 -6982057549289083 144115188075855872
Q 136 186 -4641503596390869 72057594037927936
Q 136 188 2394668498964085 18014398509481984
Q 136 190 -4319983263276643 36028797018963968
Q 136 192 6112238133016607 144115188075855872
Q 136 194 3936705799755219 72057594037927936
Q 136 196 -4709636416199857 36028797018963968
Q 136 198 3006214556736661 18014398509481984
Q 136 200 -372111878489059 2251799813685248
Q 136 202 1255526607961473 9007199254740992
Q 136 204 -7517552925256047 72057594037927936
Q 136 206 638297386868995 9007199254740992
Q 136 208 -1596696156196919 36028797018963968
Q 136 210 3714016746856441 144115188075855872
Q 136 212 -4046178391171569 288230376151711744
Q 136 214 8305116036425319 1152921504606846976
Q 136 216 -8065855594977171 2305843009213693952
Q 136 218 3720236624140039 2305843009213693952
Q 136 220 -6539524479911887 9223372036854775808
Q 136 222 5490834916553195 18446744073709551616
Q 136 224 -8828825384932255 73786976294838206464
Q 136 226 6810070991853611 147573952589676412928
Q 136 228 -5048772840364101 295147905179352825856
Q 136 230 900811665189349 147573952589676412928
Q 136 232 -2479108120525999 1180591620717411303424
Q 136 234 3292920079619139 4722366482869645213696
Q 136 236 -8454000312114945 37778931862957161709568
Q 136 238 5249487040398659 75557863725914323419136
Q 136 240 -6313437963960409 302231454903657293676544
Q 136 242 3679999314049299 604462909807314587353088
Q 136 244 -4161902641872323 2417851639229258349412352
Q 136 246 285622395370015 604462909807314587353088
Q 136 248 -4875559422244785 38685626227668133590597632
Q 136 250 1264111776416039 38685626227668133590597632
Q 136 252 -1271438853349927 154742504910672534362390528
Q 136 254 147487389558107 77371252455336267181195264
Q 137 1 -6142893662001893 73786976294838206464
Q 137 3 -5242691658628169 36893488147419103232
Q 137 5 -7912327680392281 36893488147419103232
Q 137 7 -5885933376569817 18446744073709551616
Q 137 9 -8781823920060149 18446744073709551616
Q 137 11 -6575292602001633 9223372036854775808
Q 137 13 -1232338914105445 1152921504606846976
Q 137 15 -230651423166953 144115188075855872
Q 137 17 -688253677903811 288230376151711744
Q 137 19 -8170422612755417 2305843009213693952
Q 137 21 -3009800232918157 576460752303423488
Q 137 23 -1099356241988867 144115188075855872
Q 137 25 -1590332490006535 144115188075855872
Q 137 27 -2274582285319017 144115188075855872
Q 137 29 -6423314110664435 288230376151711744
Q 137 31 -8939350608545753 288230376151711744
Q 137 33 -6120473182340733 144115188075855872
Q 137 35 -2057572136467009 36028797018963968
Q 137 37 -5422301440472357 72057594037927936
Q 137 39 -872891261987173 9007199254740992
Q 137 41 -4381808540909147 36028797018963968
Q 137 43 -5339172269929789 36028797018963968
Q 137 45 -6287843293169627 36028797018963968
Q 137 47 -7114649067717941 36028797018963968
Q 137 49 -7671525750125007 36028797018963968
Q 137 51 -486799756530347 2251799813685248
Q 137 53 -7302656180223317 36028797018963968
Q 137 55 -6097619811199119 36028797018963968
Q 137 57 -8319079931161871 72057594037927936
Q 137 59 -813747176744977 18014398509481984
Q 137 61 4700033237739883 144115188075855872
Q 137 63 1876927926790599 18014398509481984
Q 137 65 5524371189573727 36028797018963968
Q 137 67 5962851444934169 36028797018963968
Q 137 69 4805038138451249 36028797018963968
Q 137 71 4458570683289689 72057594037927936
Q 137 73 -2134323070070201 72057594037927936
Q 137 75 -7975374082464935 72057594037927936
Q 137 77 -2692340813218825 18014398509481984
Q 137 79 -4559684222080019 36028797018963968
Q 137 81 -854995868306599 18014398509481984
Q 137 83 1954062957071827 36028797018963968
Q 137 85 4623062402823055 36028797018963968
Q 137 87 2390825358177507 18014398509481984
Q 137 89 8713172407278875 144115188075855872
Q 137 91 -3520756234343349 72057594037927936
Q 137 93 -4556213794077189 36028797018963968
Q 137 95 -2112797409192773 18014398509481984
Q 137 97 -1671360997065437 72057594037927936
Q 137 99 1595758235272055 18014398509481984
Q 137 101 2329588588602205 18014398509481984
Q 137 103 8811924271504583 144115188075855872
Q 137 105 -8795335578183093 144115188075855872
Q 137 107 -2283397737231973 18014398509481984
Q 137 109 -5032153803062049 72057594037927936
Q 137 111 2078306491573853 36028797018963968
Q 137 113 8959490797886709 72057594037927936
Q 137 115 7811033229784273 144115188075855872
Q 137 117 -5624007855767231 72057594037927936
Q 137 119 -527913338264193 4503599627370496
Q 137 121 -3183369066628539 288230376151711744
Q 137 123 1970023864405077 18014398509481984
Q 137 125 6019204990140561 72057594037927936
Q 137 127 -4189981545691295 72057594037927936
Q 137 129 -8375902429218171 72057594037927936
Q 137 131 -5799464800402273 4611686018427387904
Q 137 133 8334325470360153 72057594037927936
Q 137 135 1736613910973715 36028797018963968
Q 137 137 -111117513755177 1125899906842624
Q 137 139 -5588681594292895 72057594037927936
Q 137 141 2879335892137481 36028797018963968
Q 137 143 3329528035658641 36028797018963968
Q 137 145 -4900502152064139 72057594037927936
Q 137 147 -3503678838072461 36028797018963968
Q 137 149 2406541491448081 36028797018963968
Q 137 151 6781514653617621 72057594037927936
Q 137 153 -1384883362614887 18014398509481984
Q 137 155 -365637865924473 4503599627370496
Q 137 157 3442306102145747 36028797018963968
Q 137 159 7672660958278149 144115188075855872
Q 137 161 -8250031123908399 72057594037927936
Q 137 163 -5925713582402623 1152921504606846976
Q 137 165 8429698995918875 72057594037927936
Q 137 167 -1068421777332085 18014398509481984
Q 137 169 -5790640441308437 72057594037927936
Q 137 171 8239771926147029 72057594037927936
Q 137 173 -3318635572468675 576460752303423488
Q 137 175 -7898737578851147 72057594037927936
Q 137 177 932474458619379 9007199254740992
Q 137 179 2874455118666337 288230376151711744
Q 137 181 -2050694535809921 18014398509481984
Q 137 183 4177273106584967 36028797018963968
Q 137 185 -1648128688597123 72057594037927936
Q 137 187 -3144797905002037 36028797018963968
Q 137 189 624850398206911 4503599627370496
Q 137 191 -241753156247223 2251799813685248
Q 137 193 5779590671319933 288230376151711744
Q 137 195 5487690466373833 72057594037927936
Q 137 197 -5205628141089505 36028797018963968
Q 137 199 3085404814091399 18014398509481984
Q 137 201 -182870683269019 1125899906842624
Q 137 203 149514787445245 1125899906842624
Q 137 205 -873175063468353 9007199254740992
Q 137 207 2322826284169711 36028797018963968
Q 137 209 -5703543044645397 144115188075855872
Q 137 211 3261623406081355 144115188075855872
Q 137 213 -6998365958150723 576460752303423488
Q 137 215 442541006802667 72057594037927936
Q 137 217 -1696321418872533 576460752303423488
Q 137 219 3090265555837681 2305843009213693952
Q 137 221 -1341797421233457 2305843009213693952
Q 137 223 8909932084655993 36893488147419103232
Q 137 225 -3542286554190815 36893488147419103232
Q 137 227 5406826196858987 147573952589676412928
Q 137 229 -7934911432539899 590295810358705651712
Q 137 231 5606926114460863 1180591620717411303424
Q 137 233 -1910276726198909 1180591620717411303424
Q 137 235 2513597579810215 4722366482869645213696
Q 137 237 -6394320563774921 37778931862957161709568
Q 137 239 7870310738866059 151115727451828646838272
Q 137 241 -1172874818757037 75557863725914323419136
Q 137 243 2711287289469831 604462909807314587353088
Q 137 245 -6081453584616207 4835703278458516698824704
Q 137 247 6623018676063765 19342813113834066795298816
Q 137 249 -7009109468226149 77371252455336267181195264
Q 137 251 7211812085805295 309485009821345068724781056
Q 137 253 -7198015819798095 1237940039285380274899124224
Q 137 255 3317158893908811 2475880078570760549798248448
Q 138 0 2988501242752419 147573952589676412928
Q 138 2 3604384573418005 73786976294838206464
Q 138 4 2855744943390395 36893488147419103232
Q 138 6 1087987136097345 9223372036854775808
Q 138 8 6636652505197785 36893488147419103232
Q 138 10 5086296565310303 18446744073709551616
Q 138 12 7819036341722215 18446744073709551616
Q 138 14 1502555423097817 2305843009213693952
Q 138 16 576096622592101 576460752303423488
Q 138 18 7037576451518725 4611686018427387904
Q 138 20 2670636231418503 1152921504606846976
Q 138 22 8048104786201161 2305843009213693952
Q 138 24 1502699132382393 288230376151711744
Q 138 26 4444485716665085 576460752303423488
Q 138 28 6498489877164973 576460752303423488
Q 138 30 4690702652891141 288230376151711744
Q 138 32 6675888443493877 288230376151711744
Q 138 34 2337922051149665 72057594037927936
Q 138 36 3217657931755735 72057594037927936
Q 138 38 8684209157500625 144115188075855872
Q 138 40 5731989810411945 72057594037927936
Q 138 42 7382100688114513 72057594037927936
Q 138 44 4622618661020261 36028797018963968
Q 138 46 5607382398301103 36028797018963968
Q 138 48 3277433657296249 18014398509481984
Q 138 50 3667243227391647 18014398509481984
Q 138 52 7781303006019487 36028797018963968
Q 138 54 482186530341757 2251799813685248
Q 138 56 3487506180123471 18014398509481984
Q 138 58 2735661035127201 18014398509481984
Q 138 60 3242834396107201 36028797018963968
Q 138 62 8122264073066691 576460752303423488
Q 138 64 -1159680364030307 18014398509481984
Q 138 66 -145877621990641 1125899906842624
Q 138 68 -11585834078273 70368744177664
Q 138 70 -1414285390228975 9007199254740992
Q 138 72 -3757746281035993 36028797018963968
Q 138 74 -5374299276413021 288230376151711744
Q 138 76 2646048202782003 36028797018963968
Q 138 78 4970715665722323 36028797018963968
Q 138 80 2637808809440237 18014398509481984
Q 138 82 6538274885782129 72057594037927936
Q 138 84 -2209498256413123 288230376151711744
Q 138 86 -7364577956677823 72057594037927936
Q 138 88 -2553102981653949 18014398509481984
Q 138 90 -7205500174775089 72057594037927936
Q 138 92 3043602172792459 1152921504606846976
Q 138 94 1865783518207217 18014398509481984
Q 138 96 4819063563280965 36028797018963968
Q 138 98 2430686014707657 36028797018963968
Q 138 100 -3611350835514179 72057594037927936
Q 138 102 -4597379253093131 36028797018963968
Q 138 104 -3524238029244949 36028797018963968
Q 138 106 1314982962144493 72057594037927936
Q 138 108 8463068243366067 72057594037927936
Q 138 110 3712617888248791 36028797018963968
Q 138 112 -1119876304491683 72057594037927936
Q 138 114 -4241400623955421 36028797018963968
Q 138 116 -6505799672823249 72057594037927936
Q 138 118 5869840775404893 144115188075855872
Q 138 120 4435326399254339 36028797018963968
Q 138 122 7577446120569799 144115188075855872
Q 138 124 -3091530476491933 36028797018963968
Q 138 126 -7869357448229099 72057594037927936
Q 138 128 5538209019168885 288230376151711744
Q 138 130 8643012611988455 72057594037927936
Q 138 132 5994488473422227 144115188075855872
Q 138 134 -3640567983348083 36028797018963968
Q 138 136 -2958414993426707 36028797018963968
Q 138 138 2614647484679171 36028797018963968
Q 138 140 7442649214300371 72057594037927936
Q 138 142 -6945900183101915 144115188075855872
Q 138 144 -8065648882635873 72057594037927936
Q 138 146 4978094285889473 144115188075855872
Q 138 148 8224423611158709 72057594037927936
Q 138 150 -4899311852923489 144115188075855872
Q 138 152 -4044836310021479 36028797018963968
Q 138 154 6769773556839395 144115188075855872
Q 138 156 3745263493687855 36028797018963968
Q 138 158 -2588331992527545 36028797018963968
Q 138 160 -5926117345591609 72057594037927936
Q 138 162 918205645862937 9007199254740992
Q 138 164 5526130421182877 144115188075855872
Q 138 166 -8716131551946887 72057594037927936
Q 138 168 267143643386623 9007199254740992
Q 138 170 3685719806807923 36028797018963968
Q 138 172 -3637517491670885 36028797018963968
Q 138 174 -3603376418784013 144115188075855872
Q 138 176 2194860277299517 18014398509481984
Q 138 178 -3072715440075933 36028797018963968
Q 138 180 -5560598209970887 144115188075855872
Q 138 182 2264792893642533 18014398509481984
Q 138 184 -921419593202159 9007199254740992
Q 138 186 -8250235347534525 2305843009213693952
Q 138 188 962290401968861 9007199254740992
Q 138 190 -2520627256984779 18014398509481984
Q 138 192 1652168181727313 18014398509481984
Q 138 194 3178208457155687 1152921504606846976
Q 138 196 -3460564685105021 36028797018963968
Q 138 198 5614730791337821 36028797018963968
Q 138 200 -6253982908152859 36028797018963968
Q 138 202 2852454176401491 18014398509481984
Q 138 204 -1132912499494127 9007199254740992
Q 138 206 6462900068977521 72057594037927936
Q 138 208 -8425414197655595 144115188075855872
Q 138 210 5080883845212577 144115188075855872
Q 138 212 -5718318752318381 288230376151711744
Q 138 214 6044614569954543 576460752303423488
Q 138 216 -753986984145099 144115188075855872
Q 138 218 1426446469865939 576460752303423488
Q 138 220 -5133793110279091 4611686018427387904
Q 138 222 8812665847965183 18446744073709551616
Q 138 224 -3616676907692975 18446744073709551616
Q 138 226 2844939745423055 36893488147419103232
Q 138 228 -4297564144148095 147573952589676412928
Q 138 230 3121983641532225 295147905179352825856
Q 138 232 -2184663691786097 590295810358705651712
Q 138 234 737304703289209 590295810358705651712
Q 138 236 -7690174919871175 18889465931478580854784
Q 138 238 4847011736530951 37778931862957161709568
Q 138 240 -5913737834932839 151115727451828646838272
Q 138 242 3495076207006525 302231454903657293676544
Q 138 244 -8011861168189449 2417851639229258349412352
Q 138 246 4455848025381287 4835703278458516698824704
Q 138 248 -4813549963519285 19342813113834066795298816
Q 138 250 5052792818094147 77371252455336267181195264
Q 138 252 -5141195833962029 309485009821345068724781056
Q 138 254 2409762318900615 618970019642690137449562112
Q 139 1 141160686608817 9223372036854775808
Q 139 3 1975307102755321 73786976294838206464
Q 139 5 1548180909578317 36893488147419103232
Q 139 7 2409901298927665 36893488147419103232
Q 139 9 235853098659695 2305843009213693952
Q 139 11 5937083060532899 36893488147419103232
Q 139 13 1169418341176369 4611686018427387904
Q 139 15 3681038712605823 9223372036854775808
Q 139 17 5774398321339515 9223372036854775808
Q 139 19 4506661781721903 4611686018427387904
Q 139 21 6989796745077959 4611686018427387904
Q 139 23 2689634273989645 1152921504606846976
Q 139 25 8206576679116869 2305843009213693952
Q 139 27 1549290298368191 288230376151711744
Q 139 29 2313514833894855 288230376151711744
Q 139 31 3411296850692165 288230376151711744
Q 139 33 309987225598759 18014398509481984
Q 139 35 7099731548218945 288230376151711744
Q 139 37 4994514755499785 144115188075855872
Q 139 39 215432298262719 4503599627370496
Q 139 41 4657532087520001 72057594037927936
Q 139 43 6145596530873349 72057594037927936
Q 139 45 7895613740039389 72057594037927936
Q 139 47 2460502535169621 18014398509481984
Q 139 49 2962636127086029 18014398509481984
Q 139 51 6852215897245385 36028797018963968
Q 139 53 7551547318271005 36028797018963968
Q 139 55 3920836082311545 18014398509481984
Q 139 57 3768061316086571 18014398509481984
Q 139 59 3243983192414077 18014398509481984
Q 139 61 2324401778928109 18014398509481984
Q 139 63 4260893201888379 72057594037927936
Q 139 65 -3009603351405579 144115188075855872
Q 139 67 -3487136387110661 36028797018963968
Q 139 69 -5442674563686129 36028797018963968
Q 139 71 -3016493275170765 18014398509481984
Q 139 73 -1234984471337955 9007199254740992
Q 139 75 -72665946457953 1125899906842624
Q 139 77 8598598712454877 288230376151711744
Q 139 79 8158013188683331 72057594037927936
Q 139 81 681557674258593 4503599627370496
Q 139 83 8941143459065527 72057594037927936
Q 139 85 5639974483254949 144115188075855872
Q 139 87 -4707687177782267 72057594037927936
Q 139 89 -4862246155460183 36028797018963968
Q 139 91 -1151310674972251 9007199254740992
Q 139 93 -6249268041703175 144115188075855872
Q 139 95 77610211571943 1125899906842624
Q 139 97 2420617125278803 18014398509481984
Q 139 99 7442674773528873 72057594037927936
Q 139 101 -3493047454755755 576460752303423488
Q 139 103 -7967546736043955 72057594037927936
Q 139 105 -2203587554560229 18014398509481984
Q 139 107 -3796458880563191 144115188075855872
Q 139 109 6770552783398229 72057594037927936
Q 139 111 8894197106390041 72057594037927936
Q 139 113 253332485521113 9007199254740992
Q 139 115 -6980835111308025 72057594037927936
Q 139 117 -8297559627506983 72057594037927936
Q 139 119 -1379696515285913 1152921504606846976
Q 139 121 8228208250442861 72057594037927936
Q 139 123 3153829173926955 36028797018963968
Q 139 125 -7535984904103123 144115188075855872
Q 139 127 -4392207968542965 36028797018963968
Q 139 129 -3123305080127695 144115188075855872
Q 139 131 3958603028181933 36028797018963968
Q 139 133 5544957866647191 72057594037927936
Q 139 135 -5421302997015373 72057594037927936
Q 139 137 -7693549982313737 72057594037927936
Q 139 139 2792225402845451 72057594037927936
Q 139 141 8493041644724335 72057594037927936
Q 139 143 -6701899580524049 576460752303423488
Q 139 145 -8638081766604809 72057594037927936
Q 139 147 -5072058705190961 2305843009213693952
Q 139 149 8629092262090689 72057594037927936
Q 139 151 8671640801378769 4611686018427387904
Q 139 153 -8637612603801635 72057594037927936
Q 139 155 1868787085300255 144115188075855872
Q 139 157 2116033215649807 18014398509481984
Q 139 159 -6071426138935809 144115188075855872
Q 139 161 -469876432522803 4503599627370496
Q 139 163 1465358606972681 18014398509481984
Q 139 165 4933961102410723 72057594037927936
Q 139 167 -4180632340340425 36028797018963968
Q 139 169 -2252978193152483 1152921504606846976
Q 139 171 8451477872640445 72057594037927936
Q 139 173 -5850060949460491 72057594037927936
Q 139 175 -7801970584385041 144115188075855872
Q 139 177 4578372659656393 36028797018963968
Q 139 179 -2253609572144053 36028797018963968
Q 139 181 -4696169127711529 72057594037927936
Q 139 183 4746926210168977 36028797018963968
Q 139 185 -1519483182981789 18014398509481984
Q 139 187 -8591047605235637 288230376151711744
Q 139 189 8834047227032311 72057594037927936
Q 139 191 -2463650681544603 18014398509481984
Q 139 193 663225920625103 9007199254740992
Q 139 195 7332134383825837 288230376151711744
Q 139 197 -1027460489283133 9007199254740992
Q 139 199 1484927788260177 9007199254740992
Q 139 201 -783833464912185 4503599627370496
Q 139 203 690262172205151 4503599627370496
Q 139 205 -2135078622276361 18014398509481984
Q 139 207 5956530597130517 72057594037927936
Q 139 209 -7618047198823855 144115188075855872
Q 139 211 4516346833222059 144115188075855872
Q 139 213 -5004749650109215 288230376151711744
Q 139 215 5215127278204617 576460752303423488
Q 139 217 -5135037600373797 1152921504606846976
Q 139 219 2398308032208931 1152921504606846976
Q 139 221 -1066125517699523 1152921504606846976
Q 139 223 7237463335497003 18446744073709551616
Q 139 225 -2937945075823901 18446744073709551616
Q 139 227 4573741045513477 73786976294838206464
Q 139 229 -6839335948588297 295147905179352825856
Q 139 231 4919901752164369 590295810358705651712
Q 139 233 -6820266693823851 2361183241434822606848
Q 139 235 4561096908684641 4722366482869645213696
Q 139 237 -5893160837838959 18889465931478580854784
Q 139 239 3681809212513329 37778931862957161709568
Q 139 241 -8907218358519067 302231454903657293676544
Q 139 243 5220120371651363 604462909807314587353088
Q 139 245 -5933982658903543 2417851639229258349412352
Q 139 247 6547299586584763 9671406556917033397649408
Q 139 249 -219281553153257 1208925819614629174706176
Q 139 251 7308667826990409 154742504910672534362390528
Q 139 253 -7380556834623945 618970019642690137449562112
Q 139 255 3436313080477539 1237940039285380274899124224
Q 140 0 4236427885787137 1180591620717411303424
Q 140 2 5189592086713707 590295810358705651712
Q 140 4 4245551543921901 295147905179352825856
Q 140 6 6745372136356481 295147905179352825856
Q 140 8 5385450149099743 147573952589676412928
Q 140 10 4328013031482829 73786976294838206464
Q 140 12 3489585815640465 36893488147419103232
Q 140 14 87934929641233 576460752303423488
Q 140 16 4527949221158221 18446744073709551616
Q 140 18 1814179755844227 4611686018427387904
Q 140 20 2891652646932345 4611686018427387904
Q 140 22 4578241918815663 4611686018427387904
Q 140 24 7191771420865271 4611686018427387904
Q 140 26 1399513105779835 576460752303423488
Q 140 28 1078390933716475 288230376151711744
Q 140 30 3286400477094529 576460752303423488
Q 140 32 4945144180314329 576460752303423488
Q 140 34 1834607998957329 144115188075855872
Q 140 36 83783143796307 4503599627370496
Q 140 38 7704613634809271 288230376151711744
Q 140 40 5432757725692255 144115188075855872
Q 140 42 1876206647054259 36028797018963968
Q 140 44 1266484854839745 18014398509481984
Q 140 46 6666204053170393 72057594037927936
Q 140 48 8522756766642857 72057594037927936
Q 140 50 5272688178637545 36028797018963968
Q 140 52 6282520467169959 36028797018963968
Q 140 54 1790341429351705 9007199254740992
Q 140 56 1934460942088773 9007199254740992
Q 140 58 7816024385498299 36028797018963968
Q 140 60 7211276504895667 36028797018963968
Q 140 62 5804954455621355 36028797018963968
Q 140 64 225667478428925 2251799813685248
Q 140 66 1669285345849939 72057594037927936
Q 140 68 -8390946715463917 144115188075855872
Q 140 70 -1145149572963879 9007199254740992
Q 140 72 -2977300877543313 18014398509481984
Q 140 74 -5716894360053973 36028797018963968
Q 140 76 -7527592157843881 72057594037927936
Q 140 78 -4541705627016237 288230376151711744
Q 140 80 5666910920990087 72057594037927936
Q 140 82 5121001011091845 36028797018963968
Q 140 84 1307236333258069 9007199254740992
Q 140 86 2936732634490977 36028797018963968
Q 140 88 -1607800349161275 72057594037927936
Q 140 90 -8239835874452561 72057594037927936
Q 140 92 -5112329019377813 36028797018963968
Q 140 94 -3034332963857047 36028797018963968
Q 140 96 7836165519006807 288230376151711744
Q 140 98 8662095250306971 72057594037927936
Q 140 100 1146281063741269 9007199254740992
Q 140 102 5510280545815291 144115188075855872
Q 140 104 -1462967372350711 18014398509481984
Q 140 106 -4780547124614069 36028797018963968
Q 140 108 -2432302887688711 36028797018963968
Q 140 110 8635613523216179 144115188075855872
Q 140 112 4664716612887867 36028797018963968
Q 140 114 4913217070597845 72057594037927936
Q 140 116 -1172773158507007 18014398509481984
Q 140 118 -4562576827449495 36028797018963968
Q 140 120 -768283789879347 18014398509481984
Q 140 122 6657238565318333 72057594037927936
Q 140 124 8095790841509783 72057594037927936
Q 140 126 -7593316055914113 576460752303423488
Q 140 128 -8717373677749879 72057594037927936
Q 140 130 -539376050227111 9007199254740992
Q 140 132 6335176141642371 72057594037927936
Q 140 134 3739637061310041 36028797018963968
Q 140 136 -5997692397559997 144115188075855872
Q 140 138 -8654461156661535 72057594037927936
Q 140 140 5333071384767733 4611686018427387904
Q 140 142 8677886621070207 72057594037927936
Q 140 144 466178092412779 18014398509481984
Q 140 146 -8366324318670465 72057594037927936
Q 140 148 -2775690370778143 72057594037927936
Q 140 150 4113927263220795 36028797018963968
Q 140 152 2694143261577515 72057594037927936
Q 140 154 -4208910425171265 36028797018963968
Q 140 156 -3167518400928913 144115188075855872
Q 140 158 8725242891070049 72057594037927936
Q 140 160 -5276464211284675 576460752303423488
Q 140 162 -8513589158561505 72057594037927936
Q 140 164 3941585655621731 72057594037927936
Q 140 166 3368157962899785 36028797018963968
Q 140 168 -464059588112213 4503599627370496
Q 140 170 -4798777931410717 144115188075855872
Q 140 172 8989118716601193 72057594037927936
Q 140 174 -8154542164138295 144115188075855872
Q 140 176 -2884243534268505 36028797018963968
Q 140 178 2259684665942885 18014398509481984
Q 140 180 -1323730357736393 36028797018963968
Q 140 182 -3191804936209009 36028797018963968
Q 140 184 4756504850224833 36028797018963968
Q 140 186 -4545843863164361 72057594037927936
Q 140 188 -494126583779717 9007199254740992
Q 140 190 1209653454012509 9007199254740992
Q 140 192 -4671234153888577 36028797018963968
Q 140 194 7747912570479533 144115188075855872
Q 140 196 6846961984118793 144115188075855872
Q 140 198 -4686190924900331 36028797018963968
Q 140 200 3092459511875203 18014398509481984
Q 140 202 -3114757602407845 18014398509481984
Q 140 204 2655795013949373 18014398509481984
Q 140 206 -4005332620339629 36028797018963968
Q 140 208 2735480253598981 36028797018963968
Q 140 210 -6870138359121103 144115188075855872
Q 140 212 4006731879248863 144115188075855872
Q 140 214 -8748119560318811 576460752303423488
Q 140 216 8990349881442665 1152921504606846976
Q 140 218 -4369072658487959 1152921504606846976
Q 140 220 8062887197284535 4611686018427387904
Q 140 222 -885684343698753 1152921504606846976
Q 140 224 743255254890215 2305843009213693952
Q 140 226 -4776190565181799 36893488147419103232
Q 140 228 3679738378191121 73786976294838206464
Q 140 230 -681016943754049 36893488147419103232
Q 140 232 3881627765171099 590295810358705651712
Q 140 234 -2665468691382227 1180591620717411303424
Q 140 236 3532857270650533 4722366482869645213696
Q 140 238 -565548280370673 2361183241434822606848
Q 140 240 5604654586691119 75557863725914323419136
Q 140 242 -3361245245352215 151115727451828646838272
Q 140 244 7814605488022927 1208925819614629174706176
Q 140 246 -8811566205355673 4835703278458516698824704
Q 140 248 2411291827460407 4835703278458516698824704
Q 140 250 -640893769315869 4835703278458516698824704
Q 140 252 330049652311667 9671406556917033397649408
Q 140 254 -5003258596509875 618970019642690137449562112
Q 141 1 3124305476850919 1180591620717411303424
Q 141 3 21882222714665 4611686018427387904
Q 141 5 2278971153409099 295147905179352825856
Q 141 7 7410394069512097 590295810358705651712
Q 141 9 759128999265469 36893488147419103232
Q 141 11 5003086175460247 147573952589676412928
Q 141 13 4128235963800333 73786976294838206464
Q 141 15 1701242973497137 18446744073709551616
Q 141 17 2795620247882155 18446744073709551616
Q 141 19 4572863996546987 18446744073709551616
Q 141 21 7436273599377141 18446744073709551616
Q 141 23 3002154072648735 4611686018427387904
Q 141 25 601156427910325 576460752303423488
Q 141 27 3817146326131907 2305843009213693952
Q 141 29 5998017686515297 2305843009213693952
Q 141 31 4659468654485981 1152921504606846976
Q 141 33 1787350686773711 288230376151711744
Q 141 35 2705000304590245 288230376151711744
Q 141 37 2016153334304291 144115188075855872
Q 141 39 5911760523536919 288230376151711744
Q 141 41 33242628959799 1125899906842624
Q 141 43 375187909388499 9007199254740992
Q 141 45 2070590709578659 36028797018963968
Q 141 47 5573936271470403 72057594037927936
Q 141 49 3648862371871085 36028797018963968
Q 141 51 4630623003012371 36028797018963968
Q 141 53 2835557297095761 18014398509481984
Q 141 55 208268940726271 1125899906842624
Q 141 57 7457749368098887 36028797018963968
Q 141 59 982291337645137 4503599627370496
Q 141 61 3830772366362039 18014398509481984
Q 141 63 1674271620260151 9007199254740992
Q 141 65 76473125015073 562949953421312
Q 141 67 2352604420680161 36028797018963968
Q 141 69 -4854274408450337 288230376151711744
Q 141 71 -6883658983231365 72057594037927936
Q 141 73 -5474507809954563 36028797018963968
Q 141 75 -3036125166420301 18014398509481984
Q 141 77 -4897486887644989 36028797018963968
Q 141 79 -8573256433068531 144115188075855872
Q 141 81 5477398959613531 144115188075855872
Q 141 83 4353346642542155 36028797018963968
Q 141 85 5512997590819037 36028797018963968
Q 141 87 8352051507606047 72057594037927936
Q 141 89 1606855096666719 72057594037927936
Q 141 91 -747311615489399 9007199254740992
Q 141 93 -5110808159830039 36028797018963968
Q 141 95 -4186138749816605 36028797018963968
Q 141 97 -608157481019189 36028797018963968
Q 141 99 422346201025841 4503599627370496
Q 141 101 1240153490700821 9007199254740992
Q 141 103 351497961922921 4503599627370496
Q 141 105 -783296964862161 18014398509481984
Q 141 107 -4637364959135171 36028797018963968
Q 141 109 -7278556911090667 72057594037927936
Q 141 111 5678979600488691 288230376151711744
Q 141 113 4373998704911433 36028797018963968
Q 141 115 3620396544381905 36028797018963968
Q 141 117 -7644832104251547 288230376151711744
Q 141 119 -8956313084596813 72057594037927936
Q 141 121 -2851771145312787 36028797018963968
Q 141 123 4382003462317221 72057594037927936
Q 141 125 9003260647945097 72057594037927936
Q 141 127 7796976250782595 288230376151711744
Q 141 129 -7731150276517671 72057594037927936
Q 141 131 -6597378832091645 72057594037927936
Q 141 133 4109038177256123 72057594037927936
Q 141 135 4317784136675545 36028797018963968
Q 141 137 -4642535673664661 1152921504606846976
Q 141 139 -4374022668765101 36028797018963968
Q 141 141 -2616206737957875 72057594037927936
Q 141 143 4012946105728363 36028797018963968
Q 141 145 4374144892158835 72057594037927936
Q 141 147 -3660315528514887 36028797018963968
Q 141 149 -2562753308511805 36028797018963968
Q 141 151 110922189761169 1125899906842624
Q 141 153 1251274610200921 18014398509481984
Q 141 155 -7489220825005333 72057594037927936
Q 141 157 -3958413041315991 72057594037927936
Q 141 159 8290239235963375 72057594037927936
Q 141 161 1755225580070967 72057594037927936
Q 141 163 -8869388223560435 72057594037927936
Q 141 165 1747782350641953 72057594037927936
Q 141 167 8064092569732969 72057594037927936
Q 141 169 -6000406308126009 72057594037927936
Q 141 171 -2247669889282057 36028797018963968
Q 141 173 8980598730235711 72057594037927936
Q 141 175 -4156025187190187 144115188075855872
Q 141 177 -7314554535988955 72057594037927936
Q 141 179 8458856342012623 72057594037927936
Q 141 181 -5347791772845299 576460752303423488
Q 141 183 -7779723366148935 72057594037927936
Q 141 185 4570089064784717 36028797018963968
Q 141 187 -177998820585225 4503599627370496
Q 141 189 -702030410017893 9007199254740992
Q 141 191 1277584410268539 9007199254740992
Q 141 193 -4289851313624379 36028797018963968
Q 141 195 4713365380638101 144115188075855872
Q 141 197 308849470806431 4503599627370496
Q 141 199 -648352269278011 4503599627370496
Q 141 201 1588957326473945 9007199254740992
Q 141 203 -6138895911641117 36028797018963968
Q 141 205 5080569482102195 36028797018963968
Q 141 207 -3741491507876321 36028797018963968
Q 141 209 2504704584908967 36028797018963968
Q 141 211 -6181146217487657 144115188075855872
Q 141 213 3548418690478985 144115188075855872
Q 141 215 -7636117063644075 576460752303423488
Q 141 217 241961004293797 36028797018963968
Q 141 219 -7431212721427219 2305843009213693952
Q 141 221 6775642738344645 4611686018427387904
Q 141 223 -5887067680946985 9223372036854775808
Q 141 225 1221750820576561 4611686018427387904
Q 141 227 -971195824997885 9223372036854775808
Q 141 229 5926054720117133 147573952589676412928
Q 141 231 -1086137143792415 73786976294838206464
Q 141 233 1533161040466837 295147905179352825856
Q 141 235 -1043207866941467 590295810358705651712
Q 141 237 5481660227786867 9444732965739290427392
Q 141 239 -3479690120545597 18889465931478580854784
Q 141 241 8548161970183147 151115727451828646838272
Q 141 243 -5084149207637955 302231454903657293676544
Q 141 245 1465563037264223 302231454903657293676544
Q 141 247 -6557672939859063 4835703278458516698824704
Q 141 249 7122150585555567 19342813113834066795298816
Q 141 251 -7514107972927231 77371252455336267181195264
Q 141 253 7681913771100641 309485009821345068724781056
Q 141 255 -7230489955399137 1237940039285380274899124224
Q 142 0 -5665370039488359 9444732965739290427392
Q 142 2 -1762727975003661 1180591620717411303424
Q 142 4 -744458619852665 295147905179352825856
Q 142 6 -2463538586238169 590295810358705651712
Q 142 8 -4110102616459171 590295810358705651712
Q 142 10 -3454061257173255 295147905179352825856
Q 142 12 -1456204724173501 73786976294838206464
Q 142 14 -4911846871880713 147573952589676412928
Q 142 16 -8266091039963297 147573952589676412928
Q 142 18 -3464600655873717 36893488147419103232
Q 142 20 -1444798263888239 9223372036854775808
Q 142 22 -1197599222925849 4611686018427387904
Q 142 24 -246394221537501 576460752303423488
Q 142 26 -6435773915137795 9223372036854775808
Q 142 28 -5205074632549571 4611686018427387904
Q 142 30 -8333780335909609 4611686018427387904
Q 142 32 -6596594281128241 2305843009213693952
Q 142 34 -644625555681549 144115188075855872
Q 142 36 -7953878591420645 1152921504606846976
Q 142 38 -6042768448606827 576460752303423488
Q 142 40 -4516255855538293 288230376151711744
Q 142 42 -828824743984787 36028797018963968
Q 142 44 -1193093618124453 36028797018963968
Q 142 46 -3361159661821483 72057594037927936
Q 142 48 -4622235905887213 72057594037927936
Q 142 50 -3094560089445549 36028797018963968
Q 142 52 -8043150048159329 72057594037927936
Q 142 54 -2526226235993707 18014398509481984
Q 142 56 -3052916960441433 18014398509481984
Q 142 58 -7051013421462641 36028797018963968
Q 142 60 -963653191497441 4503599627370496
Q 142 62 -245948670982555 1125899906842624
Q 142 64 -1832638003525691 9007199254740992
Q 142 66 -1487952235524525 9007199254740992
Q 142 68 -7472135507641287 72057594037927936
Q 142 70 -3576403286971627 144115188075855872
Q 142 72 8490331872125443 144115188075855872
Q 142 74 4663837654296493 36028797018963968
Q 142 76 6023379928719759 36028797018963968
Q 142 78 354680083971339 2251799813685248
Q 142 80 7082585336703483 72057594037927936
Q 142 82 5797405169597627 1152921504606846976
Q 142 84 -6495227140465533 72057594037927936
Q 142 86 -5337294180690957 36028797018963968
Q 142 88 -5043721484740823 36028797018963968
Q 142 90 -4642965389175555 72057594037927936
Q 142 92 3203402397769661 72057594037927936
Q 142 94 4637690241233419 36028797018963968
Q 142 96 4931390347299951 36028797018963968
Q 142 98 4241553936534119 72057594037927936
Q 142 100 -526892612276903 9007199254740992
Q 142 102 -4843147350837381 36028797018963968
Q 142 104 -987938455291641 9007199254740992
Q 142 106 8018837389267557 4611686018427387904
Q 142 108 2012449481665163 18014398509481984
Q 142 110 1115862272669763 9007199254740992
Q 142 112 6390959813707817 288230376151711744
Q 142 114 -7271437337884331 72057594037927936
Q 142 116 -2200449251719431 18014398509481984
Q 142 118 -130271725975747 9007199254740992
Q 142 120 983301357768853 9007199254740992
Q 142 122 7726588607594487 72057594037927936
Q 142 124 -6705230174613247 288230376151711744
Q 142 126 -8986749997993113 72057594037927936
Q 142 128 -4628328949805091 72057594037927936
Q 142 130 186743567075781 2251799813685248
Q 142 132 8206350397833161 72057594037927936
Q 142 134 -2987731456775709 144115188075855872
Q 142 136 -8942464742443207 72057594037927936
Q 142 138 -1213959305407689 36028797018963968
Q 142 140 1001402218325705 9007199254740992
Q 142 142 5053681879242725 72057594037927936
Q 142 144 -1660213237660879 18014398509481984
Q 142 146 -6473256575211075 72057594037927936
Q 142 148 2816921308070303 36028797018963968
Q 142 150 7017298312671357 72057594037927936
Q 142 152 -1343958668785847 18014398509481984
Q 142 154 -1722297035658627 18014398509481984
Q 142 156 5963001199475691 72057594037927936
Q 142 158 6010071831077579 72057594037927936
Q 142 160 -7227688323039683 72057594037927936
Q 142 162 -2014024257265885 36028797018963968
Q 142 164 8592496110939423 72057594037927936
Q 142 166 4438004914460609 576460752303423488
Q 142 168 -4426732908766313 36028797018963968
Q 142 170 4203303698933157 72057594037927936
Q 142 172 6309536044243237 72057594037927936
Q 142 174 -8454802893953779 72057594037927936
Q 142 176 -6593649474969581 18446744073709551616
Q 142 178 4237877612079335 36028797018963968
Q 142 180 -7470359974165751 72057594037927936
Q 142 182 -5329857154922205 288230376151711744
Q 142 184 8841223440586725 72057594037927936
Q 142 186 -8412478304995123 72057594037927936
Q 142 188 8442786099560509 576460752303423488
Q 142 190 3545900336363913 36028797018963968
Q 142 192 -5233844904777511 36028797018963968
Q 142 194 7602887730397737 72057594037927936
Q 142 196 -1587615881267611 144115188075855872
Q 142 198 -3182507224763359 36028797018963968
Q 142 200 2805581451009637 18014398509481984
Q 142 202 -6458658288038599 36028797018963968
Q 142 204 750842914337263 4503599627370496
Q 142 206 -4835283980916377 36028797018963968
Q 142 208 3482066612327525 36028797018963968
Q 142 210 -2286968383393919 36028797018963968
Q 142 212 5549469042818991 144115188075855872
Q 142 214 -6275177840279217 288230376151711744
Q 142 216 3329002140099765 288230376151711744
Q 142 218 -1665849648983319 288230376151711744
Q 142 220 49353545627437 18014398509481984
Q 142 222 -5693359500899381 4611686018427387904
Q 142 224 2446100037999189 4611686018427387904
Q 142 226 -8036532800018201 36893488147419103232
Q 142 228 3161775232892985 36893488147419103232
Q 142 230 -4775883253116223 147573952589676412928
Q 142 232 6936250737167247 590295810358705651712
Q 142 234 -4850468816380627 1180591620717411303424
Q 142 236 3270876841593597 2361183241434822606848
Q 142 238 -8518715824111149 18889465931478580854784
Q 142 240 5361591667096463 37778931862957161709568
Q 142 242 -3265441730157531 75557863725914323419136
Q 142 244 7705515977637859 604462909807314587353088
Q 142 246 -2203505234691699 604462909807314587353088
Q 142 248 4891196852395039 4835703278458516698824704
Q 142 250 -2635060927316721 9671406556917033397649408
Q 142 252 2748940734303353 38685626227668133590597632
Q 142 254 -2633587089890601 154742504910672534362390528
Q 143 1 -8177051123971369 18889465931478580854784
Q 143 3 -7515813889871283 9444732965739290427392
Q 143 5 -3172283615824335 2361183241434822606848
Q 143 7 -5378059336793469 2361183241434822606848
Q 143 9 -1150637057140719 295147905179352825856
Q 143 11 -1980074119329211 295147905179352825856
Q 143 13 -6825179590214941 590295810358705651712
Q 143 15 -5874815571018621 295147905179352825856
Q 143 17 -2520939033369823 73786976294838206464
Q 143 19 -4308434551636317 73786976294838206464
Q 143 21 -7323522317909881 73786976294838206464
Q 143 23 -6184410513732771 36893488147419103232
Q 143 25 -648007747767601 2305843009213693952
Q 143 27 -8618988050573115 18446744073709551616
Q 143 29 -1774686628486185 2305843009213693952
Q 143 31 -1446732733041903 1152921504606846976
Q 143 33 -2332269210757047 1152921504606846976
Q 143 35 -7427109023272541 2305843009213693952
Q 143 37 -182291657658703 36028797018963968
Q 143 39 -2257124175562005 288230376151711744
Q 143 41 -6874857117332167 576460752303423488
Q 143 43 -5143283073465669 288230376151711744
Q 143 45 -3774173231508931 144115188075855872
Q 143 47 -5422791164704931 144115188075855872
Q 143 49 -7611719031621291 144115188075855872
Q 143 51 -5205836121618703 72057594037927936
Q 143 53 -6918722263102555 72057594037927936
Q 143 55 -4451193112910263 36028797018963968
Q 143 57 -2760156378417087 18014398509481984
Q 143 59 -6560655236920489 36028797018963968
Q 143 61 -7413417876787931 36028797018963968
Q 143 63 -7874956901008217 36028797018963968
Q 143 65 -965522405160619 4503599627370496
Q 143 67 -6773646930288029 36028797018963968
Q 143 69 -4941695201485605 36028797018963968
Q 143 71 -291420903337707 4503599627370496
Q 143 73 711899393687071 36028797018963968
Q 143 75 900584499906973 9007199254740992
Q 143 77 701511936330113 4503599627370496
Q 143 79 6078154611534991 36028797018963968
Q 143 81 4681514745870115 36028797018963968
Q 143 83 849739037757055 18014398509481984
Q 143 85 -957080691406149 18014398509481984
Q 143 87 -2375869335163981 18014398509481984
Q 143 89 -5498420795951457 36028797018963968
Q 143 91 -7262067076392019 72057594037927936
Q 143 93 3009655766974577 1152921504606846976
Q 143 95 3767543787287681 36028797018963968
Q 143 97 5231731256966817 36028797018963968
Q 143 99 6852168288390229 72057594037927936
Q 143 101 -2623369174272071 144115188075855872
Q 143 103 -8551342811936371 72057594037927936
Q 143 105 -1176903648892551 9007199254740992
Q 143 107 -2865713769128151 72057594037927936
Q 143 109 6062293754925121 72057594037927936
Q 143 111 4847819442426185 36028797018963968
Q 143 113 8865040979867301 144115188075855872
Q 143 115 -5097216999959101 72057594037927936
Q 143 117 -2371772447943483 18014398509481984
Q 143 119 -7736828875152229 144115188075855872
Q 143 121 6014660115760649 72057594037927936
Q 143 123 8977511298248917 72057594037927936
Q 143 125 4685277828272073 288230376151711744
Q 143 127 -8098270921654579 72057594037927936
Q 143 129 -427530626548379 4503599627370496
Q 143 131 7322395445616207 144115188075855872
Q 143 133 1128027221264669 9007199254740992
Q 143 135 4972147148397747 288230376151711744
Q 143 137 -4207781407213651 36028797018963968
Q 143 139 -2452140058079277 36028797018963968
Q 143 141 1638404400166967 18014398509481984
Q 143 143 7024110871975539 72057594037927936
Q 143 145 -4681969238068579 72057594037927936
Q 143 147 -8001063513406995 72057594037927936
Q 143 149 3481301964285187 72057594037927936
Q 143 151 2079174497432757 18014398509481984
Q 143 153 -1613962333566375 36028797018963968
Q 143 155 -32102122803735 281474976710656
Q 143 157 3986718295619037 72057594037927936
Q 143 159 7600482125243701 72057594037927936
Q 143 161 -2823063265001231 36028797018963968
Q 143 163 -1501323534312071 18014398509481984
Q 143 165 3866565341295257 36028797018963968
Q 143 167 2808989933307093 72057594037927936
Q 143 169 -141894337170547 1125899906842624
Q 143 171 8645568514602929 288230376151711744
Q 143 173 1937712931711593 18014398509481984
Q 143 175 -7467026213773493 72057594037927936
Q 143 177 -2118312104208555 72057594037927936
Q 143 179 2303616959745901 18014398509481984
Q 143 181 -6140802237351905 72057594037927936
Q 143 183 -204186385279287 4503599627370496
Q 143 185 1192928351878219 9007199254740992
Q 143 187 -7376974824003093 72057594037927936
Q 143 189 -3061746590701105 288230376151711744
Q 143 191 2086373954866045 18014398509481984
Q 143 193 -5215090780265377 36028797018963968
Q 143 195 3224939419125669 36028797018963968
Q 143 197 6233056537551177 576460752303423488
Q 143 199 -3838473032586275 36028797018963968
Q 143 201 5960473395247355 36028797018963968
Q 143 203 -6500047552406441 36028797018963968
Q 143 205 5840446041243679 36028797018963968
Q 143 207 -2290551167527559 18014398509481984
Q 143 209 3229732333737179 36028797018963968
Q 143 211 -2082840788051045 36028797018963968
Q 143 213 1243190748704385 36028797018963968
Q 143 215 -2770381651731281 144115188075855872
Q 143 217 1449840202756219 144115188075855872
Q 143 219 -5730822184290793 1152921504606846976
Q 143 221 1342129170197885 576460752303423488
Q 143 223 -2391859293129569 2305843009213693952
Q 143 225 4066285647821607 9223372036854775808
Q 143 227 -3305393509395247 18446744073709551616
Q 143 229 5149977555044235 73786976294838206464
Q 143 231 -3852183163086809 147573952589676412928
Q 143 233 5542674194910345 590295810358705651712
Q 143 235 -7681895022379539 2361183241434822606848
Q 143 237 5134712842316805 4722366482869645213696
Q 143 239 -6629196223339513 18889465931478580854784
Q 143 241 2068732470906515 18889465931478580854784
Q 143 243 -1249649520437263 37778931862957161709568
Q 143 245 5850449796717031 604462909807314587353088
Q 143 247 -3319807823780755 1208925819614629174706176
Q 143 249 1828104336043197 2417851639229258349412352
Q 143 251 -488718695018257 2417851639229258349412352
Q 143 253 8097780694603019 154742504910672534362390528
Q 143 255 -3853969941879771 309485009821345068724781056
Q 144 0 -3591563032866043 37778931862957161709568
Q 144 2 -2271218976050193 9444732965739290427392
Q 144 4 -7921660281698091 18889465931478580854784
Q 144 6 -6817025216439213 9444732965739290427392
Q 144 8 -2965005603694419 2361183241434822606848
Q 144 10 -162465980875677 73786976294838206464
Q 144 12 -571589840998113 147573952589676412928
Q 144 14 -8044068529898361 1180591620717411303424
Q 144 16 -7060590482769773 590295810358705651712
Q 144 18 -3087643969945443 147573952589676412928
Q 144 20 -5375531625041899 147573952589676412928
Q 144 22 -2326322816325171 36893488147419103232
Q 144 24 -500036044698119 4611686018427387904
Q 144 26 -426693199272725 2305843009213693952
Q 144 28 -5776749026386897 18446744073709551616
Q 144 30 -2421235574681863 4611686018427387904
Q 144 32 -4017673984872161 4611686018427387904
Q 144 34 -6591822149758019 4611686018427387904
Q 144 36 -1335315359966473 576460752303423488
Q 144 38 -1067514681220373 288230376151711744
Q 144 40 -420496843290191 72057594037927936
Q 144 42 -1304076107181113 144115188075855872
Q 144 44 -7948998922860753 576460752303423488
Q 144 46 -5942680562498449 288230376151711744
Q 144 48 -4351419364948393 144115188075855872
Q 144 50 -6228906416029439 144115188075855872
Q 144 52 -4347651924527215 72057594037927936
Q 144 54 -5902473320733849 72057594037927936
Q 144 56 -7767789747857215 72057594037927936
Q 144 58 -4934737478894453 36028797018963968
Q 144 60 -6022353455979347 36028797018963968
Q 144 62 -7011638404653285 36028797018963968
Q 144 64 -7714082646192291 36028797018963968
Q 144 66 -7905141143290981 36028797018963968
Q 144 68 -7365153704279293 36028797018963968
Q 144 70 -5945299568485367 36028797018963968
Q 144 72 -912498595794823 9007199254740992
Q 144 74 -5702992568377017 288230376151711744
Q 144 76 74079833192861 1125899906842624
Q 144 78 4895920648517619 36028797018963968
Q 144 80 6116979512473735 36028797018963968
Q 144 82 2756980769689207 18014398509481984
Q 144 84 1543486010629449 18014398509481984
Q 144 86 -3713974335720297 288230376151711744
Q 144 88 -7661051828535161 72057594037927936
Q 144 90 -5536773465099421 36028797018963968
Q 144 92 -4645366866225301 36028797018963968
Q 144 94 -1404524797429767 36028797018963968
Q 144 96 2599193389864743 36028797018963968
Q 144 98 5091879368946307 36028797018963968
Q 144 100 2212926570221731 18014398509481984
Q 144 102 838147149955463 36028797018963968
Q 144 104 -6673762478887637 72057594037927936
Q 144 106 -2517754968997681 18014398509481984
Q 144 108 -5569303303868265 72057594037927936
Q 144 110 7080068943677313 144115188075855872
Q 144 112 4782791068347343 36028797018963968
Q 144 114 6831763703971995 72057594037927936
Q 144 116 -1234081704425677 36028797018963968
Q 144 118 -4640943348767405 36028797018963968
Q 144 120 -6309637900093271 72057594037927936
Q 144 122 7233009742511255 144115188075855872
Q 144 124 73290051132703 562949953421312
Q 144 126 3887445724685151 72057594037927936
Q 144 128 -50521164554289 562949953421312
Q 144 130 -4202878686402911 36028797018963968
Q 144 132 8231876794732409 576460752303423488
Q 144 134 4508646870180369 36028797018963968
Q 144 136 962137162607501 18014398509481984
Q 144 138 -3572084030699009 36028797018963968
Q 144 140 -3466387333660189 36028797018963968
Q 144 142 4538044986780907 72057594037927936
Q 144 144 8381844352868013 72057594037927936
Q 144 146 -4685401596666237 144115188075855872
Q 144 148 -8859097768243823 72057594037927936
Q 144 150 8484936517813539 576460752303423488
Q 144 152 8949168839072641 72057594037927936
Q 144 154 -6743640933010359 576460752303423488
Q 144 156 -8917917236141883 72057594037927936
Q 144 158 432071715595701 18014398509481984
Q 144 160 539841413228263 4503599627370496
Q 144 162 -3680988010650225 72057594037927936
Q 144 164 -7567503021304959 72057594037927936
Q 144 166 6375560281397173 72057594037927936
Q 144 168 1218823484194641 18014398509481984
Q 144 170 -2190223599257801 18014398509481984
Q 144 172 5247629876689163 73786976294838206464
Q 144 174 8757689782784479 72057594037927936
Q 144 176 -761538178814027 9007199254740992
Q 144 178 -2047728106690751 36028797018963968
Q 144 180 1189649344934801 9007199254740992
Q 144 182 -4546771067747745 72057594037927936
Q 144 184 -5058342032177739 72057594037927936
Q 144 186 4939292013652189 36028797018963968
Q 144 188 -1521823350490237 18014398509481984
Q 144 190 -5107954877373619 144115188075855872
Q 144 192 2338496956098595 18014398509481984
Q 144 194 -5063427568247749 36028797018963968
Q 144 196 2579201073810039 36028797018963968
Q 144 198 4662345041606869 144115188075855872
Q 144 200 -8865570607435987 72057594037927936
Q 144 202 6237423631079887 36028797018963968
Q 144 204 -3243404257496479 18014398509481984
Q 144 206 5646780460742447 36028797018963968
Q 144 208 -540322322758257 4503599627370496
Q 144 210 5973032474968123 72057594037927936
Q 144 212 -7570111951014305 144115188075855872
Q 144 214 8896374858611103 288230376151711744
Q 144 216 -1221500756821433 72057594037927936
Q 144 218 630864199546751 72057594037927936
Q 144 220 -4925987694345425 1152921504606846976
Q 144 222 570129322954875 288230376151711744
Q 144 224 -8038772748813761 9223372036854775808
Q 144 226 6761167573517673 18446744073709551616
Q 144 228 -1360103067260883 9223372036854775808
Q 144 230 4196918029968469 73786976294838206464
Q 144 232 -6219439833416765 295147905179352825856
Q 144 234 8867066737831159 1180591620717411303424
Q 144 236 -6090169575211227 2361183241434822606848
Q 144 238 4035624370422889 4722366482869645213696
Q 144 240 -1291584697235197 4722366482869645213696
Q 144 242 3197935214197037 37778931862957161709568
Q 144 244 -3832444013892297 151115727451828646838272
Q 144 246 278138707452001 37778931862957161709568
Q 144 248 -1252849098164193 604462909807314587353088
Q 144 250 2737920392195651 4835703278458516698824704
Q 144 252 -1447354648932203 9671406556917033397649408
Q 144 254 5611196140774455 154742504910672534362390528
Q 145 1 5083689179488601 75557863725914323419136
Q 145 3 4791162073409007 37778931862957161709568
Q 145 5 4193409579902205 18889465931478580854784
Q 145 7 3700823651651729 9444732965739290427392
Q 145 9 3300495519745425 4722366482869645213696
Q 145 11 739817368634557 590295810358705651712
Q 145 13 2657003588625477 1180591620717411303424
Q 145 15 4765781201120997 1180591620717411303424
Q 145 17 2131049476302149 295147905179352825856
Q 145 19 7592503152974541 590295810358705651712
Q 145 21 6728491942341437 295147905179352825856
Q 145 23 5927294245264205 147573952589676412928
Q 145 25 5185918790365409 73786976294838206464
Q 145 27 9005034930107725 73786976294838206464
Q 145 29 1937948758903237 9223372036854775808
Q 145 31 826292116918477 2305843009213693952
Q 145 33 2789472876818803 4611686018427387904
Q 145 35 2327778466164397 2305843009213693952
Q 145 37 3837444460726337 2305843009213693952
Q 145 39 3121006292070365 1152921504606846976
Q 145 41 2501644433294225 576460752303423488
Q 145 43 3947474323554959 576460752303423488
Q 145 45 6122792847137815 576460752303423488
Q 145 47 4660454981707447 288230376151711744
Q 145 49 6951547280330563 288230376151711744
Q 145 51 2535070444032995 72057594037927936
Q 145 53 3608480179710007 72057594037927936
Q 145 55 4999406360373377 72057594037927936
Q 145 57 6721385292534935 72057594037927936
Q 145 59 4368350659722903 36028797018963968
Q 145 61 5464528621944047 36028797018963968
Q 145 63 3269652185431447 18014398509481984
Q 145 65 3712550734959697 18014398509481984
Q 145 67 3952436531088763 18014398509481984
Q 145 69 7742229944840449 36028797018963968
Q 145 71 6738356000742181 36028797018963968
Q 145 73 2406193548520093 18014398509481984
Q 145 75 4176742290061201 72057594037927936
Q 145 77 -8353430890845785 288230376151711744
Q 145 79 -7881062756807045 72057594037927936
Q 145 81 -1455450755004361 9007199254740992
Q 145 83 -187998747350285 1125899906842624
Q 145 85 -8536507544192685 72057594037927936
Q 145 87 -7988634056492977 288230376151711744
Q 145 89 5323431343291355 72057594037927936
Q 145 91 5186621032180723 36028797018963968
Q 145 93 5311373753152339 36028797018963968
Q 145 95 5563497532343465 72057594037927936
Q 145 97 -4972814459141071 144115188075855872
Q 145 99 -1137974167185559 9007199254740992
Q 145 101 -5058723555879843 36028797018963968
Q 145 103 -548918664823 8796093022208
Q 145 105 1064246511031915 18014398509481984
Q 145 107 4933411690368955 36028797018963968
Q 145 109 60698920090677 562949953421312
Q 145 111 -1467950710004291 144115188075855872
Q 145 113 -4299901091940735 36028797018963968
Q 145 115 -1075985059334121 9007199254740992
Q 145 117 -2852862311152781 576460752303423488
Q 145 119 8253455808263689 72057594037927936
Q 145 121 8168467356533373 72057594037927936
Q 145 123 -7325937290857939 576460752303423488
Q 145 125 -4473105938888331 36028797018963968
Q 145 127 -1559194356706113 18014398509481984
Q 145 129 8550927482205795 144115188075855872
Q 145 131 4609472722880315 36028797018963968
Q 145 133 6694403153560353 288230376151711744
Q 145 135 -4113828883076207 36028797018963968
Q 145 137 -6104297378922489 72057594037927936
Q 145 139 659213148448551 9007199254740992
Q 145 141 8364165419917391 72057594037927936
Q 145 143 -8638333400879069 288230376151711744
Q 145 145 -4522562768044599 36028797018963968
Q 145 147 -2715505028232519 1152921504606846976
Q 145 149 4505683779896697 36028797018963968
Q 145 151 5708047552261949 288230376151711744
Q 145 153 -4449086755619573 36028797018963968
Q 145 155 -397518873033181 18014398509481984
Q 145 157 8967301789953067 72057594037927936
Q 145 159 638894304751145 72057594037927936
Q 145 161 -567223633627433 4503599627370496
Q 145 163 5927186290945403 288230376151711744
Q 145 165 8633013421826377 72057594037927936
Q 145 167 -1157063693341575 18014398509481984
Q 145 169 -6637926695780967 72057594037927936
Q 145 171 3968519022803621 36028797018963968
Q 145 173 4280567039968013 144115188075855872
Q 145 175 -4648770918741589 36028797018963968
Q 145 177 8837588505739377 144115188075855872
Q 145 179 5868281226625793 72057594037927936
Q 145 181 -4695970570077975 36028797018963968
Q 145 183 346140432138281 9007199254740992
Q 145 185 6643142697646173 72057594037927936
Q 145 187 -4926884868129581 36028797018963968
Q 145 189 4600592001457287 72057594037927936
Q 145 191 8514682399563669 144115188075855872
Q 145 193 -5051939473638921 36028797018963968
Q 145 195 4790755490284959 36028797018963968
Q 145 197 -7529886373137721 144115188075855872
Q 145 199 -3835997132265619 72057594037927936
Q 145 201 2480866776387707 18014398509481984
Q 145 203 -3222886469839195 18014398509481984
Q 145 205 6425720464909557 36028797018963968
Q 145 207 -2715937892190319 18014398509481984
Q 145 209 4063522237994481 36028797018963968
Q 145 211 -344237346341571 4503599627370496
Q 145 213 6863817426249581 144115188075855872
Q 145 215 -3972593953588663 144115188075855872
Q 145 217 67243509480693 4503599627370496
Q 145 219 -1097138819604261 144115188075855872
Q 145 221 4232098904300001 1152921504606846976
Q 145 223 -7748336170095591 4611686018427387904
Q 145 225 6754562074530291 9223372036854775808
Q 145 227 -5622454674570099 18446744073709551616
Q 145 229 8958591215806251 73786976294838206464
Q 145 231 -1711223821435453 36893488147419103232
Q 145 233 2512423551709969 147573952589676412928
Q 145 235 -7099681909005879 1180591620717411303424
Q 145 237 4833763466117825 2361183241434822606848
Q 145 239 -6351747275744207 9444732965739290427392
Q 145 241 8064033954073723 37778931862957161709568
Q 145 243 -4951183653357359 75557863725914323419136
Q 145 245 5886558122642953 302231454903657293676544
Q 145 247 -6782407936887939 1208925819614629174706176
Q 145 249 473722686237715 302231454903657293676544
Q 145 251 -2055062980635503 4835703278458516698824704
Q 145 253 8628190445312141 77371252455336267181195264
Q 145 255 -2077357598282763 77371252455336267181195264
